Village Code,Village,District,Regency/City,Province,Household,Total Population,D1_Disabled Male Ratio,D2_Disabled Female Ratio,D3_Non Disabled Male Ratio,D4_Non Disable Female Ratio,A1_Children Ratio,A2_Adolescent Ratio,A3_Young Adults Ratio,A4_Middle Age Ratio,A5_Elderly Ratio,A6_Senior Ratio,D1A1,D1A2,D1A3,D1A4,D1A5,D1A6,D2A1,D2A2,D2A3,D2A4,D2A5,D2A6,D3A1,D3A2,D3A3,D3A4,D3A5,D3A6,D4A1,D4A2,D4A3,D4A4,D4A5,D4A6
51.05.02.2008,Aan,Banjarangkan,Klungkung,Bali,727,3170,0.0073,0.0035,0.4902,0.4991,0.1082,0.1451,0.2599,0.2921,0.1013,0.0934,0.0008,0.0011,0.0019,0.0021,0.0007,0.0007,0.0004,0.0005,0.0009,0.001,0.0004,0.0003,0.053,0.0711,0.1274,0.1432,0.0496,0.0458,0.054,0.0724,0.1297,0.1458,0.0505,0.0466
51.07.05.2001,Ababi,Abang,Karangasem,Bali,3384,10924,0,0,0.5103,0.4897,0.138,0.1642,0.2895,0.2655,0.0798,0.063,0,0,0,0,0,0,0,0,0,0,0,0,0.0705,0.0838,0.1477,0.1355,0.0407,0.0321,0.0676,0.0804,0.1417,0.13,0.0391,0.0308
51.07.05.2005,Abang,Abang,Karangasem,Bali,1227,4037,0,0,0.5155,0.4845,0.1412,0.1608,0.2735,0.2707,0.0902,0.0637,0,0,0,0,0,0,0,0,0,0,0,0,0.0728,0.0829,0.141,0.1396,0.0465,0.0328,0.0684,0.0779,0.1325,0.1312,0.0437,0.0308
51.06.04.2020,Abangsongan,Kintamani,Bangli,Bali,402,1296,0.0093,0.0054,0.5054,0.4799,0.1258,0.1644,0.2886,0.2685,0.0779,0.0748,0.0012,0.0015,0.0027,0.0025,0.0007,0.0007,0.0007,0.0009,0.0016,0.0015,0.0004,0.0004,0.0636,0.0831,0.1458,0.1357,0.0394,0.0378,0.0604,0.0789,0.1385,0.1289,0.0374,0.0359
51.02.06.2014,Abian Tuwung,Kediri,Tabanan,Bali,3682,12112,0.0021,0.0018,0.4966,0.4994,0.134,0.1419,0.2743,0.3011,0.0839,0.0648,0.0003,0.0003,0.0006,0.0006,0.0002,0.0001,0.0002,0.0003,0.0005,0.0005,0.0002,0.0001,0.0665,0.0705,0.1362,0.1495,0.0417,0.0322,0.0669,0.0709,0.137,0.1504,0.0419,0.0324
51.03.02.1014,Abianbase,Mengwi,Badung,Bali,1857,7770,0.0023,0.0022,0.4958,0.4997,0.1201,0.1519,0.287,0.3023,0.087,0.0517,0.0003,0.0004,0.0007,0.0007,0.0002,0.0001,0.0003,0.0003,0.0006,0.0007,0.0002,0.0001,0.0595,0.0753,0.1423,0.1499,0.0431,0.0256,0.06,0.0759,0.1434,0.1511,0.0435,0.0259
51.04.03.1005,Abianbase,Gianyar,Gianyar,Bali,1806,7400,0.0024,0.0007,0.4938,0.5031,0.1299,0.1538,0.2809,0.2984,0.0847,0.0523,0.0003,0.0004,0.0007,0.0007,0.0002,0.0001,0.0001,0.0001,0.0002,0.0002,0.0001,0,0.0641,0.0759,0.1387,0.1473,0.0418,0.0258,0.0653,0.0774,0.1413,0.1501,0.0426,0.0263
51.03.03.2008,Abiansemal,Abiansemal,Badung,Bali,2278,8236,0.005,0.0049,0.4941,0.4961,0.1241,0.1476,0.2814,0.2938,0.0857,0.0673,0.0006,0.0007,0.0014,0.0015,0.0004,0.0003,0.0006,0.0007,0.0014,0.0014,0.0004,0.0003,0.0613,0.0729,0.139,0.1452,0.0424,0.0332,0.0616,0.0732,0.1396,0.1458,0.0425,0.0334
51.03.03.2016,Abiansemal Dauh Yeh Cani,Abiansemal,Badung,Bali,2058,6865,0.0089,0.0067,0.488,0.4964,0.1177,0.1516,0.2718,0.3091,0.0817,0.068,0.001,0.0013,0.0024,0.0027,0.0007,0.0006,0.0008,0.001,0.0018,0.0021,0.0005,0.0005,0.0574,0.074,0.1326,0.1508,0.0399,0.0332,0.0584,0.0753,0.1349,0.1534,0.0406,0.0338
51.06.01.2003,Abuan,Susut,Bangli,Bali,2258,7057,0.0047,0.0023,0.4984,0.4947,0.123,0.1348,0.2749,0.2806,0.1026,0.0842,0.0006,0.0006,0.0013,0.0013,0.0005,0.0004,0.0003,0.0003,0.0006,0.0006,0.0002,0.0002,0.0613,0.0672,0.137,0.1398,0.0511,0.0419,0.0608,0.0667,0.136,0.1388,0.0508,0.0416
51.06.04.2013,Abuan,Kintamani,Bangli,Bali,427,1698,0.0029,0.0018,0.513,0.4823,0.1113,0.1284,0.3051,0.2903,0.1048,0.0601,0.0003,0.0004,0.0009,0.0009,0.0003,0.0002,0.0002,0.0002,0.0005,0.0005,0.0002,0.0001,0.0571,0.0659,0.1565,0.1489,0.0538,0.0308,0.0537,0.0619,0.1471,0.14,0.0506,0.029
51.01.05.2007,Air Kuning,Jembrana,Jembrana,Bali,1780,5363,0.0047,0.0039,0.496,0.4954,0.1551,0.1611,0.2941,0.2985,0.0595,0.0317,0.0007,0.0008,0.0014,0.0014,0.0003,0.0001,0.0006,0.0006,0.0012,0.0012,0.0002,0.0001,0.0769,0.0799,0.1458,0.1481,0.0295,0.0157,0.0769,0.0798,0.1457,0.1479,0.0295,0.0157
51.05.03.2014,Akah,Klungkung,Klungkung,Bali,1401,5975,0.0092,0.0055,0.4942,0.491,0.1351,0.159,0.2844,0.2728,0.0927,0.0561,0.0012,0.0015,0.0026,0.0025,0.0009,0.0005,0.0007,0.0009,0.0016,0.0015,0.0005,0.0003,0.0668,0.0786,0.1405,0.1348,0.0458,0.0277,0.0663,0.0781,0.1396,0.134,0.0455,0.0275
51.08.06.2016,Alasangker,Buleleng,Buleleng,Bali,2035,6361,0.0047,0.0033,0.5009,0.4911,0.1471,0.171,0.2965,0.257,0.0747,0.0536,0.0007,0.0008,0.0014,0.0012,0.0004,0.0003,0.0005,0.0006,0.001,0.0008,0.0002,0.0002,0.0737,0.0857,0.1485,0.1287,0.0374,0.0269,0.0723,0.084,0.1456,0.1262,0.0367,0.0263
51.08.05.2003,Ambengan,Sukasada,Buleleng,Bali,1429,4546,0.0073,0.0029,0.4925,0.4974,0.1337,0.1692,0.286,0.275,0.0774,0.0587,0.001,0.0012,0.0021,0.002,0.0006,0.0004,0.0004,0.0005,0.0008,0.0008,0.0002,0.0002,0.0659,0.0833,0.1408,0.1354,0.0381,0.0289,0.0665,0.0841,0.1422,0.1368,0.0385,0.0292
51.07.07.2008,Amerta Bhuana,Selat,Karangasem,Bali,1242,3705,0.0035,0.003,0.4918,0.5018,0.1269,0.1609,0.2858,0.2734,0.0758,0.0772,0.0004,0.0006,0.001,0.001,0.0003,0.0003,0.0004,0.0005,0.0008,0.0008,0.0002,0.0002,0.0624,0.0791,0.1406,0.1345,0.0373,0.038,0.0637,0.0807,0.1434,0.1372,0.0381,0.0387
51.03.03.2005,Angantaka,Abiansemal,Badung,Bali,1336,4526,0.0033,0.0018,0.4881,0.5068,0.1209,0.1529,0.2715,0.3051,0.0908,0.0588,0.0004,0.0005,0.0009,0.001,0.0003,0.0002,0.0002,0.0003,0.0005,0.0005,0.0002,0.0001,0.059,0.0746,0.1325,0.1489,0.0443,0.0287,0.0613,0.0775,0.1376,0.1547,0.046,0.0298
51.02.03.2009,Angkah,Selemadeg Barat,Tabanan,Bali,735,2115,0.0052,0.0071,0.4946,0.4931,0.1097,0.1272,0.2591,0.2979,0.1121,0.0941,0.0006,0.0007,0.0013,0.0015,0.0006,0.0005,0.0008,0.0009,0.0018,0.0021,0.0008,0.0007,0.0542,0.0629,0.1281,0.1473,0.0554,0.0465,0.0541,0.0627,0.1278,0.1469,0.0553,0.0464
51.02.09.2004,Angseri,Baturiti,Tabanan,Bali,1486,4700,0.0028,0.0017,0.5,0.4955,0.1194,0.1279,0.2834,0.287,0.0934,0.0889,0.0003,0.0004,0.0008,0.0008,0.0003,0.0002,0.0002,0.0002,0.0005,0.0005,0.0002,0.0002,0.0597,0.0639,0.1417,0.1435,0.0467,0.0445,0.0591,0.0634,0.1404,0.1422,0.0463,0.0441
51.02.01.2007,Antap,Selemadeg,Tabanan,Bali,842,2961,0.0051,0.0034,0.49,0.5015,0.105,0.1189,0.2634,0.305,0.1199,0.0878,0.0005,0.0006,0.0013,0.0015,0.0006,0.0004,0.0004,0.0004,0.0009,0.001,0.0004,0.0003,0.0515,0.0583,0.1291,0.1494,0.0588,0.043,0.0527,0.0596,0.1321,0.1529,0.0601,0.044
51.02.09.2007,Antapan,Baturiti,Tabanan,Bali,1277,3786,0.0045,0.0011,0.5032,0.4913,0.1107,0.1405,0.2802,0.2916,0.1088,0.0681,0.0005,0.0006,0.0013,0.0013,0.0005,0.0003,0.0001,0.0001,0.0003,0.0003,0.0001,0.0001,0.0557,0.0707,0.141,0.1467,0.0548,0.0343,0.0544,0.069,0.1377,0.1433,0.0535,0.0335
51.07.03.2002,Antiga,Manggis,Karangasem,Bali,2120,7571,0,0,0.4976,0.5024,0.1436,0.1836,0.2893,0.2606,0.0614,0.0616,0,0,0,0,0,0,0,0,0,0,0,0,0.0714,0.0913,0.1439,0.1297,0.0306,0.0306,0.0721,0.0922,0.1453,0.1309,0.0309,0.0309
51.07.03.2010,Antiga Kelod,Manggis,Karangasem,Bali,1639,5786,0.0052,0.0024,0.4908,0.5016,0.149,0.1785,0.2872,0.2572,0.0596,0.0684,0.0008,0.0009,0.0015,0.0013,0.0003,0.0004,0.0004,0.0004,0.0007,0.0006,0.0001,0.0002,0.0731,0.0876,0.141,0.1262,0.0293,0.0336,0.0747,0.0895,0.1441,0.129,0.0299,0.0343
51.02.03.2004,Antosari,Selemadeg Barat,Tabanan,Bali,657,1843,0.006,0.0043,0.4938,0.4959,0.1047,0.115,0.2675,0.2664,0.1264,0.1199,0.0006,0.0007,0.0016,0.0016,0.0008,0.0007,0.0005,0.0005,0.0012,0.0012,0.0005,0.0005,0.0517,0.0568,0.1321,0.1315,0.0624,0.0592,0.0519,0.057,0.1327,0.1321,0.0627,0.0595
51.08.06.2002,Anturan,Buleleng,Buleleng,Bali,2087,6727,0.0036,0.0009,0.4941,0.5014,0.1253,0.1769,0.307,0.2703,0.0746,0.0459,0.0004,0.0006,0.0011,0.001,0.0003,0.0002,0.0001,0.0002,0.0003,0.0002,0.0001,0,0.0619,0.0874,0.1517,0.1335,0.0369,0.0227,0.0628,0.0887,0.1539,0.1355,0.0374,0.023
51.02.09.2003,Apuan,Baturiti,Tabanan,Bali,1097,3791,0.0137,0.0161,0.4859,0.4843,0.0958,0.12,0.2627,0.3044,0.1113,0.1058,0.0013,0.0016,0.0036,0.0042,0.0015,0.0015,0.0015,0.0019,0.0042,0.0049,0.0018,0.0017,0.0465,0.0583,0.1277,0.1479,0.0541,0.0514,0.0464,0.0581,0.1272,0.1474,0.0539,0.0512
51.06.01.2001,Apuan,Susut,Bangli,Bali,1430,4709,0.0096,0.0079,0.4976,0.485,0.1206,0.1448,0.2478,0.2941,0.1,0.0926,0.0012,0.0014,0.0024,0.0028,0.001,0.0009,0.0009,0.0011,0.0019,0.0023,0.0008,0.0007,0.06,0.0721,0.1233,0.1463,0.0498,0.0461,0.0585,0.0702,0.1202,0.1427,0.0485,0.0449
51.01.03.2003,Asahduren,Pekutatan,Jembrana,Bali,908,3649,0.006,0.0074,0.4999,0.4867,0.0998,0.145,0.2751,0.3269,0.0973,0.0559,0.0006,0.0009,0.0017,0.002,0.0006,0.0003,0.0007,0.0011,0.002,0.0024,0.0007,0.0004,0.0499,0.0725,0.1375,0.1634,0.0486,0.0279,0.0486,0.0706,0.1339,0.1591,0.0474,0.0272
51.08.06.1022,Astina,Buleleng,Buleleng,Bali,897,2581,0.0054,0.0031,0.4998,0.4917,0.1306,0.1651,0.2914,0.2615,0.086,0.0655,0.0007,0.0009,0.0016,0.0014,0.0005,0.0004,0.0004,0.0005,0.0009,0.0008,0.0003,0.0002,0.0653,0.0825,0.1456,0.1307,0.043,0.0327,0.0642,0.0812,0.1433,0.1286,0.0423,0.0322
51.06.04.2032,Awan,Kintamani,Bangli,Bali,390,1375,0.0065,0.0029,0.4858,0.5047,0.1425,0.1789,0.2931,0.2407,0.0989,0.0458,0.0009,0.0012,0.0019,0.0016,0.0006,0.0003,0.0004,0.0005,0.0009,0.0007,0.0003,0.0001,0.0693,0.0869,0.1424,0.1169,0.0481,0.0223,0.0719,0.0903,0.1479,0.1215,0.0499,0.0231
51.03.03.2012,Ayunan,Abiansemal,Badung,Bali,777,2636,0.0076,0.0102,0.4992,0.4829,0.1286,0.1347,0.2841,0.2902,0.0892,0.0732,0.001,0.001,0.0022,0.0022,0.0007,0.0006,0.0013,0.0014,0.0029,0.003,0.0009,0.0007,0.0642,0.0672,0.1419,0.1449,0.0445,0.0366,0.0621,0.065,0.1372,0.1402,0.0431,0.0354
51.02.08.2011,Babahan,Penebel,Tabanan,Bali,1336,3668,0.0035,0.0016,0.4899,0.5049,0.1014,0.1044,0.2497,0.3023,0.1382,0.1039,0.0004,0.0004,0.0009,0.0011,0.0005,0.0004,0.0002,0.0002,0.0004,0.0005,0.0002,0.0002,0.0497,0.0512,0.1223,0.1481,0.0677,0.0509,0.0512,0.0527,0.1261,0.1527,0.0698,0.0524
51.03.02.2008,Baha,Mengwi,Badung,Bali,1181,3987,0.0048,0.0055,0.4989,0.4908,0.1186,0.1334,0.2739,0.3088,0.0893,0.076,0.0006,0.0006,0.0013,0.0015,0.0004,0.0004,0.0007,0.0007,0.0015,0.0017,0.0005,0.0004,0.0592,0.0666,0.1366,0.154,0.0445,0.0379,0.0582,0.0655,0.1344,0.1516,0.0438,0.0373
51.02.01.2001,Bajera,Selemadeg,Tabanan,Bali,1567,4755,0.0038,0.005,0.4942,0.497,0.122,0.1415,0.2946,0.2843,0.0917,0.0658,0.0005,0.0005,0.0011,0.0011,0.0003,0.0002,0.0006,0.0007,0.0015,0.0014,0.0005,0.0003,0.0603,0.0699,0.1456,0.1405,0.0453,0.0325,0.0606,0.0703,0.1464,0.1413,0.0456,0.0327
51.02.01.2010,Bajera Utara,Selemadeg,Tabanan,Bali,396,1194,0.0059,0.0008,0.4749,0.5184,0.1072,0.1281,0.2387,0.2755,0.1256,0.1248,0.0006,0.0008,0.0014,0.0016,0.0007,0.0007,0.0001,0.0001,0.0002,0.0002,0.0001,0.0001,0.0509,0.0609,0.1133,0.1308,0.0597,0.0593,0.0556,0.0664,0.1237,0.1428,0.0651,0.0647
51.05.02.2005,Bakas,Banjarangkan,Klungkung,Bali,569,2414,0.0091,0.0037,0.4917,0.4954,0.1118,0.1611,0.2792,0.2879,0.0795,0.0804,0.001,0.0015,0.0025,0.0026,0.0007,0.0007,0.0004,0.0006,0.001,0.0011,0.0003,0.0003,0.055,0.0792,0.1373,0.1416,0.0391,0.0395,0.0554,0.0798,0.1383,0.1426,0.0394,0.0398
51.04.03.2009,Bakbakan,Gianyar,Gianyar,Bali,1298,5776,0.0016,0.0019,0.5064,0.4901,0.1226,0.142,0.2832,0.2772,0.1015,0.0736,0.0002,0.0002,0.0004,0.0004,0.0002,0.0001,0.0002,0.0003,0.0005,0.0005,0.0002,0.0001,0.0621,0.0719,0.1434,0.1404,0.0514,0.0373,0.0601,0.0696,0.1388,0.1359,0.0497,0.0361
51.08.06.2005,Baktiseraga,Buleleng,Buleleng,Bali,2172,6723,0.0003,0,0.5033,0.4964,0.1425,0.1523,0.3182,0.2512,0.095,0.0408,0,0,0.0001,0.0001,0,0,0,0,0,0,0,0,0.0717,0.0767,0.1601,0.1265,0.0478,0.0205,0.0707,0.0756,0.1579,0.1247,0.0472,0.0202
51.01.01.1006,Baler Bale Agung,Negara,Jembrana,Bali,3637,12113,0.0026,0.0017,0.5023,0.4934,0.1351,0.1574,0.295,0.2852,0.0799,0.0473,0.0004,0.0004,0.0008,0.0008,0.0002,0.0001,0.0002,0.0003,0.0005,0.0005,0.0001,0.0001,0.0679,0.0791,0.1482,0.1433,0.0401,0.0238,0.0667,0.0777,0.1456,0.1407,0.0394,0.0233
51.01.01.2002,Baluk,Negara,Jembrana,Bali,2460,7940,0.0029,0.0023,0.5019,0.4929,0.1442,0.1535,0.295,0.2773,0.0827,0.0472,0.0004,0.0004,0.0009,0.0008,0.0002,0.0001,0.0003,0.0003,0.0007,0.0006,0.0002,0.0001,0.0724,0.0771,0.148,0.1392,0.0415,0.0237,0.0711,0.0757,0.1454,0.1367,0.0408,0.0233
51.07.08.2001,Ban,Kubu,Karangasem,Bali,4202,14222,0,0,0.5152,0.4848,0.1673,0.1793,0.3246,0.228,0.0551,0.0456,0,0,0,0,0,0,0,0,0,0,0,0,0.0862,0.0924,0.1672,0.1175,0.0284,0.0235,0.0811,0.0869,0.1574,0.1106,0.0267,0.0221
51.06.03.2005,Bangbang,Tembuku,Bangli,Bali,1546,5147,0.0014,0.0012,0.5114,0.4861,0.1273,0.1385,0.279,0.2893,0.0859,0.08,0.0002,0.0002,0.0004,0.0004,0.0001,0.0001,0.0001,0.0002,0.0003,0.0003,0.0001,0.0001,0.0651,0.0708,0.1427,0.1479,0.0439,0.0409,0.0619,0.0673,0.1356,0.1406,0.0417,0.0389
51.02.09.2005,Bangli,Baturiti,Tabanan,Bali,1514,4882,0.0037,0.0016,0.5061,0.4885,0.1141,0.1438,0.281,0.2958,0.0979,0.0674,0.0004,0.0005,0.001,0.0011,0.0004,0.0002,0.0002,0.0002,0.0005,0.0005,0.0002,0.0001,0.0577,0.0728,0.1422,0.1497,0.0496,0.0341,0.0557,0.0702,0.1373,0.1445,0.0478,0.0329
51.08.04.2013,Banjar,Banjar,Buleleng,Bali,3908,11812,0.0063,0.0036,0.4997,0.4904,0.1314,0.1592,0.2913,0.2731,0.0834,0.0615,0.0008,0.001,0.0018,0.0017,0.0005,0.0004,0.0005,0.0006,0.0011,0.001,0.0003,0.0002,0.0657,0.0796,0.1456,0.1365,0.0417,0.0308,0.0644,0.0781,0.1429,0.1339,0.0409,0.0302
51.02.06.2015,Banjar Anyar,Kediri,Tabanan,Bali,5704,18660,0.0026,0.0028,0.4968,0.4977,0.1303,0.1556,0.2907,0.2986,0.0796,0.0452,0.0003,0.0004,0.0007,0.0008,0.0002,0.0001,0.0004,0.0004,0.0008,0.0008,0.0002,0.0001,0.0648,0.0773,0.1444,0.1484,0.0395,0.0225,0.0649,0.0774,0.1447,0.1486,0.0396,0.0225
51.08.06.1027,Banjar Bali,Buleleng,Buleleng,Bali,790,2675,0.0052,0.0052,0.4897,0.4998,0.1297,0.2224,0.2636,0.2658,0.0643,0.0542,0.0007,0.0012,0.0014,0.0014,0.0003,0.0003,0.0007,0.0012,0.0014,0.0014,0.0003,0.0003,0.0635,0.1089,0.1291,0.1302,0.0315,0.0265,0.0648,0.1112,0.1317,0.1328,0.0321,0.0271
51.08.06.1023,Banjar Jawa,Buleleng,Buleleng,Bali,1679,5610,0.0025,0.0005,0.5027,0.4943,0.1572,0.1877,0.2806,0.2503,0.0704,0.0538,0.0004,0.0005,0.0007,0.0006,0.0002,0.0001,0.0001,0.0001,0.0002,0.0001,0,0,0.079,0.0944,0.141,0.1258,0.0354,0.0271,0.0777,0.0928,0.1387,0.1237,0.0348,0.0266
51.08.06.1007,Banjar Tegal,Buleleng,Buleleng,Bali,1409,4202,0.0029,0.001,0.4995,0.4967,0.1328,0.1621,0.2965,0.257,0.0881,0.0635,0.0004,0.0005,0.0008,0.0007,0.0003,0.0002,0.0001,0.0002,0.0003,0.0002,0.0001,0.0001,0.0663,0.081,0.1481,0.1284,0.044,0.0317,0.066,0.0805,0.1473,0.1277,0.0437,0.0316
51.08.04.2012,Banjar Tegeha,Banjar,Buleleng,Bali,1001,2901,0.0124,0.0097,0.4871,0.4909,0.1244,0.1562,0.2758,0.2882,0.09,0.0655,0.0015,0.0019,0.0034,0.0036,0.0011,0.0008,0.0012,0.0015,0.0027,0.0028,0.0009,0.0006,0.0606,0.0761,0.1343,0.1404,0.0438,0.0319,0.0611,0.0767,0.1354,0.1415,0.0442,0.0321
51.01.01.1008,Banjar Tengah,Negara,Jembrana,Bali,2121,6203,0.0011,0.0008,0.5297,0.4683,0.1499,0.1296,0.3685,0.2336,0.0767,0.0416,0.0002,0.0001,0.0004,0.0003,0.0001,0,0.0001,0.0001,0.0003,0.0002,0.0001,0,0.0794,0.0687,0.1952,0.1237,0.0407,0.022,0.0702,0.0607,0.1726,0.1094,0.0359,0.0195
51.05.02.2003,Banjarangkan,Banjarangkan,Klungkung,Bali,1371,5577,0.0059,0.003,0.4836,0.5074,0.1286,0.1549,0.2695,0.2806,0.0979,0.0685,0.0008,0.0009,0.0016,0.0017,0.0006,0.0004,0.0004,0.0005,0.0008,0.0009,0.0003,0.0002,0.0622,0.0749,0.1303,0.1357,0.0473,0.0331,0.0652,0.0786,0.1368,0.1424,0.0497,0.0348
51.08.02.2019,Banjarasem,Seririt,Buleleng,Bali,1924,5922,0.0027,0.0008,0.4958,0.5007,0.142,0.1657,0.2906,0.271,0.0765,0.0542,0.0004,0.0004,0.0008,0.0007,0.0002,0.0001,0.0001,0.0001,0.0002,0.0002,0.0001,0,0.0704,0.0821,0.1441,0.1344,0.0379,0.0269,0.0711,0.0829,0.1455,0.1357,0.0383,0.0271
51.06.04.2042,Bantang,Kintamani,Bangli,Bali,521,1816,0.0072,0.0033,0.5171,0.4725,0.1487,0.1762,0.2935,0.2533,0.0776,0.0507,0.0011,0.0013,0.0021,0.0018,0.0006,0.0004,0.0005,0.0006,0.001,0.0008,0.0003,0.0002,0.0769,0.0911,0.1518,0.131,0.0401,0.0262,0.0702,0.0833,0.1387,0.1197,0.0367,0.0239
51.02.02.2003,Bantas,Selemadeg Timur,Tabanan,Bali,1116,3366,0.0089,0.0045,0.4887,0.4979,0.109,0.1141,0.262,0.3066,0.115,0.0933,0.001,0.001,0.0023,0.0027,0.001,0.0008,0.0005,0.0005,0.0012,0.0014,0.0005,0.0004,0.0533,0.0558,0.1281,0.1498,0.0562,0.0456,0.0543,0.0568,0.1305,0.1527,0.0572,0.0464
51.06.04.2012,Banua,Kintamani,Bangli,Bali,227,728,0,0,0.5027,0.4973,0.1277,0.1113,0.2843,0.2995,0.1071,0.0701,0,0,0,0,0,0,0,0,0,0,0,0,0.0642,0.0559,0.143,0.1505,0.0539,0.0352,0.0635,0.0553,0.1414,0.1489,0.0533,0.0348
51.01.01.2003,Banyu Biru,Negara,Jembrana,Bali,3354,10711,0.0018,0.001,0.5093,0.4879,0.1567,0.1756,0.2879,0.2737,0.0656,0.0404,0.0003,0.0003,0.0005,0.0005,0.0001,0.0001,0.0002,0.0002,0.0003,0.0003,0.0001,0,0.0798,0.0894,0.1466,0.1394,0.0334,0.0206,0.0764,0.0857,0.1405,0.1336,0.032,0.0197
51.08.06.1006,Banyuasri,Buleleng,Buleleng,Bali,3193,9816,0.0003,0.0004,0.501,0.4983,0.1415,0.1674,0.302,0.2613,0.084,0.0438,0,0.0001,0.0001,0.0001,0,0,0.0001,0.0001,0.0001,0.0001,0,0,0.0709,0.0839,0.1513,0.1309,0.0421,0.0219,0.0705,0.0834,0.1505,0.1302,0.0419,0.0218
51.08.04.2004,Banyuatis,Banjar,Buleleng,Bali,1080,3257,0.008,0.0031,0.4946,0.4943,0.1194,0.1523,0.284,0.2545,0.1068,0.0829,0.001,0.0012,0.0023,0.002,0.0009,0.0007,0.0004,0.0005,0.0009,0.0008,0.0003,0.0003,0.0591,0.0753,0.1405,0.1259,0.0528,0.041,0.059,0.0753,0.1404,0.1258,0.0528,0.041
51.08.06.1019,Banyuning,Buleleng,Buleleng,Bali,5859,18829,0.0035,0.0018,0.501,0.4938,0.146,0.171,0.3047,0.2614,0.077,0.0399,0.0005,0.0006,0.0011,0.0009,0.0003,0.0001,0.0003,0.0003,0.0006,0.0005,0.0001,0.0001,0.0731,0.0856,0.1527,0.131,0.0386,0.02,0.0721,0.0844,0.1505,0.1291,0.038,0.0197
51.08.01.2005,Banyupoh,Gerokgak,Buleleng,Bali,1712,5370,0.005,0.0039,0.495,0.4961,0.1462,0.1862,0.2918,0.2652,0.0711,0.0395,0.0007,0.0009,0.0015,0.0013,0.0004,0.0002,0.0006,0.0007,0.0011,0.001,0.0003,0.0002,0.0724,0.0922,0.1444,0.1313,0.0352,0.0195,0.0725,0.0924,0.1448,0.1316,0.0353,0.0196
51.08.04.2001,Banyuseri,Banjar,Buleleng,Bali,710,2074,0.0096,0.0096,0.4995,0.4812,0.1384,0.1615,0.2999,0.2715,0.0757,0.053,0.0013,0.0016,0.0029,0.0026,0.0007,0.0005,0.0013,0.0016,0.0029,0.0026,0.0007,0.0005,0.0691,0.0807,0.1498,0.1356,0.0378,0.0265,0.0666,0.0777,0.1443,0.1306,0.0364,0.0255
51.02.07.2016,Baru,Marga,Tabanan,Bali,660,2046,0.0034,0.0059,0.4976,0.4932,0.0982,0.1339,0.2605,0.3006,0.1061,0.1007,0.0003,0.0005,0.0009,0.001,0.0004,0.0003,0.0006,0.0008,0.0015,0.0018,0.0006,0.0006,0.0489,0.0666,0.1296,0.1496,0.0528,0.0501,0.0484,0.066,0.1285,0.1482,0.0523,0.0497
51.02.07.2004,Batannyuh,Marga,Tabanan,Bali,802,2572,0.0035,0.0039,0.4891,0.5035,0.1058,0.1299,0.2764,0.306,0.096,0.0859,0.0004,0.0005,0.001,0.0011,0.0003,0.0003,0.0004,0.0005,0.0011,0.0012,0.0004,0.0003,0.0517,0.0635,0.1352,0.1497,0.047,0.042,0.0532,0.0654,0.1392,0.1541,0.0484,0.0433
51.01.05.2004,Batu Agung,Jembrana,Jembrana,Bali,2818,9190,0.004,0.0027,0.4911,0.5022,0.1235,0.1474,0.2661,0.2909,0.1076,0.0645,0.0005,0.0006,0.0011,0.0012,0.0004,0.0003,0.0003,0.0004,0.0007,0.0008,0.0003,0.0002,0.0606,0.0724,0.1307,0.1428,0.0528,0.0317,0.062,0.074,0.1336,0.1461,0.054,0.0324
51.02.04.2013,Batuaji,Kerambitan,Tabanan,Bali,898,2643,0,0.0008,0.4998,0.4994,0.1067,0.1131,0.2686,0.3012,0.1252,0.0851,0,0,0,0,0,0,0.0001,0.0001,0.0002,0.0002,0.0001,0.0001,0.0533,0.0565,0.1343,0.1505,0.0626,0.0425,0.0533,0.0565,0.1342,0.1504,0.0625,0.0425
51.04.01.2007,Batuan,Sukawati,Gianyar,Bali,1961,8956,0.0027,0.0027,0.4974,0.4972,0.1158,0.1412,0.2729,0.3104,0.0921,0.0676,0.0003,0.0004,0.0007,0.0008,0.0002,0.0002,0.0003,0.0004,0.0007,0.0008,0.0002,0.0002,0.0576,0.0703,0.1357,0.1544,0.0458,0.0336,0.0576,0.0702,0.1357,0.1543,0.0458,0.0336
51.04.01.2012,Batuan Kaler,Sukawati,Gianyar,Bali,773,3540,0.0181,0.0215,0.4853,0.4751,0.1229,0.1472,0.2831,0.3161,0.0839,0.0469,0.0022,0.0027,0.0051,0.0057,0.0015,0.0008,0.0026,0.0032,0.0061,0.0068,0.0018,0.001,0.0596,0.0714,0.1374,0.1534,0.0407,0.0228,0.0584,0.0699,0.1345,0.1502,0.0399,0.0223
51.04.01.2001,Batubulan,Sukawati,Gianyar,Bali,6052,22465,0.0019,0.0012,0.4971,0.4998,0.1203,0.1423,0.2933,0.315,0.0864,0.0428,0.0002,0.0003,0.0005,0.0006,0.0002,0.0001,0.0001,0.0002,0.0004,0.0004,0.0001,0.0001,0.0598,0.0707,0.1458,0.1566,0.043,0.0213,0.0601,0.0711,0.1466,0.1574,0.0432,0.0214
51.04.01.2009,Batubulan Kangin,Sukawati,Gianyar,Bali,2506,10497,0.0012,0.0021,0.5004,0.4962,0.1194,0.1591,0.2882,0.3252,0.0669,0.0412,0.0001,0.0002,0.0004,0.0004,0.0001,0.0001,0.0003,0.0003,0.0006,0.0007,0.0001,0.0001,0.0597,0.0796,0.1442,0.1628,0.0335,0.0206,0.0592,0.0789,0.143,0.1614,0.0332,0.0205
51.06.04.2022,Batudinding,Kintamani,Bangli,Bali,865,2859,0,0,0.5009,0.4991,0.1459,0.157,0.3148,0.2497,0.0829,0.0497,0,0,0,0,0,0,0,0,0,0,0,0,0.0731,0.0787,0.1577,0.1251,0.0415,0.0249,0.0728,0.0784,0.1571,0.1247,0.0414,0.0248
51.06.04.2035,Batukaang,Kintamani,Bangli,Bali,192,627,0.0048,0.0064,0.5008,0.488,0.1132,0.1356,0.2775,0.2951,0.0989,0.0797,0.0005,0.0006,0.0013,0.0014,0.0005,0.0004,0.0007,0.0009,0.0018,0.0019,0.0006,0.0005,0.0567,0.0679,0.139,0.1478,0.0495,0.0399,0.0553,0.0662,0.1354,0.144,0.0483,0.0389
51.05.01.2004,Batukandik,Nusa Penida,Klungkung,Bali,1727,5855,0.0032,0.0015,0.5126,0.4827,0.1523,0.1436,0.3344,0.222,0.0705,0.077,0.0005,0.0005,0.0011,0.0007,0.0002,0.0002,0.0002,0.0002,0.0005,0.0003,0.0001,0.0001,0.0781,0.0736,0.1714,0.1138,0.0362,0.0395,0.0735,0.0693,0.1614,0.1072,0.034,0.0372
51.05.01.2002,Batumadeg,Nusa Penida,Klungkung,Bali,890,3175,0.0028,0.0019,0.5159,0.4794,0.1578,0.1487,0.3065,0.2542,0.0737,0.0592,0.0004,0.0004,0.0009,0.0007,0.0002,0.0002,0.0003,0.0003,0.0006,0.0005,0.0001,0.0001,0.0814,0.0767,0.1581,0.1311,0.038,0.0305,0.0756,0.0713,0.1469,0.1218,0.0353,0.0284
51.02.10.2003,Batungsel,Pupuan,Tabanan,Bali,1013,3477,0.0089,0.006,0.5068,0.4783,0.0952,0.1297,0.258,0.3241,0.1196,0.0733,0.0008,0.0012,0.0023,0.0029,0.0011,0.0007,0.0006,0.0008,0.0016,0.002,0.0007,0.0004,0.0482,0.0657,0.1307,0.1643,0.0606,0.0372,0.0455,0.062,0.1234,0.155,0.0572,0.0351
51.05.01.2008,Batununggul,Nusa Penida,Klungkung,Bali,1852,5985,0.0028,0.0015,0.4937,0.5019,0.1283,0.1375,0.2954,0.2739,0.0946,0.0703,0.0004,0.0004,0.0008,0.0008,0.0003,0.0002,0.0002,0.0002,0.0004,0.0004,0.0001,0.0001,0.0634,0.0679,0.1459,0.1352,0.0467,0.0347,0.0644,0.069,0.1483,0.1375,0.0475,0.0353
51.02.09.2010,Batunya,Baturiti,Tabanan,Bali,1222,3804,0.0005,0.0029,0.4992,0.4974,0.1251,0.1548,0.2697,0.2955,0.0873,0.0676,0.0001,0.0001,0.0001,0.0002,0,0,0.0004,0.0004,0.0008,0.0009,0.0003,0.0002,0.0625,0.0773,0.1346,0.1475,0.0436,0.0337,0.0622,0.077,0.1341,0.147,0.0434,0.0336
51.06.04.2026,Batur Selatan,Kintamani,Bangli,Bali,1968,6666,0.0051,0.0045,0.5053,0.4851,0.1344,0.1731,0.3036,0.2705,0.0707,0.0477,0.0007,0.0009,0.0015,0.0014,0.0004,0.0002,0.0006,0.0008,0.0014,0.0012,0.0003,0.0002,0.0679,0.0875,0.1534,0.1367,0.0357,0.0241,0.0652,0.084,0.1473,0.1312,0.0343,0.0231
51.06.04.2027,Batur Tengah,Kintamani,Bangli,Bali,997,3394,0,0,0.5144,0.4856,0.1358,0.1641,0.3073,0.277,0.0654,0.0504,0,0,0,0,0,0,0,0,0,0,0,0,0.0699,0.0844,0.1581,0.1425,0.0336,0.0259,0.066,0.0797,0.1492,0.1345,0.0318,0.0245
51.06.04.2028,Batur Utara,Kintamani,Bangli,Bali,549,1809,0,0,0.5124,0.4876,0.1354,0.1614,0.3085,0.2714,0.0785,0.0448,0,0,0,0,0,0,0,0,0,0,0,0,0.0694,0.0827,0.1581,0.1391,0.0402,0.0229,0.066,0.0787,0.1504,0.1323,0.0383,0.0218
51.07.08.2008,Baturinggit,Kubu,Karangasem,Bali,1741,5854,0,0,0.5106,0.4894,0.1638,0.1773,0.2984,0.2364,0.0555,0.0685,0,0,0,0,0,0,0,0,0,0,0,0,0.0836,0.0905,0.1524,0.1207,0.0283,0.035,0.0802,0.0868,0.1461,0.1157,0.0272,0.0335
51.02.04.2010,Baturiti,Kerambitan,Tabanan,Bali,1004,3013,0.0063,0.0037,0.4972,0.4929,0.1052,0.1178,0.2443,0.2994,0.1162,0.1172,0.0007,0.0007,0.0015,0.0019,0.0007,0.0007,0.0004,0.0004,0.0009,0.0011,0.0004,0.0004,0.0523,0.0586,0.1214,0.1488,0.0578,0.0582,0.0519,0.0581,0.1204,0.1475,0.0573,0.0577
51.02.09.2006,Baturiti,Baturiti,Tabanan,Bali,2065,6985,0.0027,0.001,0.4985,0.4978,0.1281,0.1383,0.2729,0.2929,0.1008,0.067,0.0003,0.0004,0.0007,0.0008,0.0003,0.0002,0.0001,0.0001,0.0003,0.0003,0.0001,0.0001,0.0639,0.0689,0.136,0.146,0.0502,0.0334,0.0638,0.0688,0.1358,0.1458,0.0502,0.0334
51.06.04.2008,Bayung Cerik,Kintamani,Bangli,Bali,308,1204,0,0,0.5158,0.4842,0.1404,0.1752,0.294,0.2641,0.0764,0.0498,0,0,0,0,0,0,0,0,0,0,0,0,0.0724,0.0904,0.1516,0.1362,0.0394,0.0257,0.068,0.0849,0.1424,0.1279,0.037,0.0241
51.06.04.2016,Bayung Gede,Kintamani,Bangli,Bali,684,2348,0.0004,0.0004,0.5187,0.4804,0.1346,0.1597,0.3313,0.2598,0.0681,0.0464,0.0001,0.0001,0.0001,0.0001,0,0,0.0001,0.0001,0.0001,0.0001,0,0,0.0698,0.0828,0.1719,0.1348,0.0353,0.0241,0.0647,0.0767,0.1592,0.1248,0.0327,0.0223
51.06.02.1003,Bebalang,Bangli,Bangli,Bali,1773,5994,0.0055,0.0047,0.4932,0.4967,0.1198,0.1416,0.2646,0.3005,0.1039,0.0696,0.0007,0.0008,0.0015,0.0017,0.0006,0.0004,0.0006,0.0007,0.0012,0.0014,0.0005,0.0003,0.0591,0.0699,0.1305,0.1482,0.0513,0.0343,0.0595,0.0703,0.1314,0.1492,0.0516,0.0346
51.07.06.2003,Bebandem,Bebandem,Karangasem,Bali,3926,12353,0.0001,0,0.5078,0.4921,0.1392,0.1606,0.2663,0.2726,0.0848,0.0765,0,0,0,0,0,0,0,0,0,0,0,0,0.0707,0.0816,0.1352,0.1385,0.0431,0.0388,0.0685,0.079,0.131,0.1342,0.0417,0.0376
51.08.07.2004,Bebetin,Sawan,Buleleng,Bali,2329,7309,0.0041,0.0031,0.4973,0.4954,0.1598,0.1662,0.2963,0.2431,0.0736,0.0609,0.0007,0.0007,0.0012,0.001,0.0003,0.0002,0.0005,0.0005,0.0009,0.0008,0.0002,0.0002,0.0795,0.0827,0.1474,0.1209,0.0366,0.0303,0.0792,0.0824,0.1468,0.1204,0.0365,0.0302
51.04.02.2007,Bedulu,Blahbatuh,Gianyar,Bali,2682,11320,0.0041,0.0026,0.5083,0.4851,0.1263,0.1523,0.2827,0.3002,0.0783,0.0602,0.0005,0.0006,0.0011,0.0012,0.0003,0.0002,0.0003,0.0004,0.0007,0.0008,0.0002,0.0002,0.0642,0.0774,0.1437,0.1526,0.0398,0.0306,0.0613,0.0739,0.1371,0.1456,0.038,0.0292
51.02.06.2003,Belalang,Kediri,Tabanan,Bali,869,2881,0.0059,0.0097,0.4887,0.4957,0.1142,0.1246,0.2648,0.2877,0.1211,0.0875,0.0007,0.0007,0.0016,0.0017,0.0007,0.0005,0.0011,0.0012,0.0026,0.0028,0.0012,0.0009,0.0558,0.0609,0.1294,0.1406,0.0592,0.0427,0.0566,0.0618,0.1313,0.1426,0.06,0.0434
51.06.04.2010,Belancan,Kintamani,Bangli,Bali,553,2243,0,0,0.5025,0.4975,0.1195,0.1409,0.2951,0.2938,0.0838,0.0669,0,0,0,0,0,0,0,0,0,0,0,0,0.06,0.0708,0.1483,0.1476,0.0421,0.0336,0.0594,0.0701,0.1468,0.1462,0.0417,0.0333
51.06.04.2048,Belandingan,Kintamani,Bangli,Bali,312,1161,0.0026,0,0.5116,0.4858,0.1869,0.2162,0.2989,0.2248,0.0517,0.0215,0.0005,0.0006,0.0008,0.0006,0.0001,0.0001,0,0,0,0,0,0,0.0956,0.1106,0.1529,0.115,0.0264,0.011,0.0908,0.105,0.1452,0.1092,0.0251,0.0105
51.06.04.2034,Belanga,Kintamani,Bangli,Bali,187,603,0.0066,0.0066,0.5091,0.4776,0.1393,0.1294,0.3383,0.2637,0.0796,0.0498,0.0009,0.0009,0.0022,0.0017,0.0005,0.0003,0.0009,0.0009,0.0022,0.0017,0.0005,0.0003,0.0709,0.0659,0.1722,0.1342,0.0405,0.0253,0.0665,0.0618,0.1616,0.1259,0.038,0.0238
51.06.04.2036,Belantih,Kintamani,Bangli,Bali,852,2740,0.0058,0.0066,0.4989,0.4887,0.1245,0.1325,0.2872,0.3088,0.0847,0.0624,0.0007,0.0008,0.0017,0.0018,0.0005,0.0004,0.0008,0.0009,0.0019,0.002,0.0006,0.0004,0.0621,0.0661,0.1433,0.154,0.0422,0.0311,0.0608,0.0647,0.1404,0.1509,0.0414,0.0305
51.02.10.2011,Belatungan,Pupuan,Tabanan,Bali,847,2623,0.0053,0.0072,0.4998,0.4876,0.093,0.1193,0.2692,0.3115,0.1216,0.0854,0.0005,0.0006,0.0014,0.0017,0.0006,0.0005,0.0007,0.0009,0.0019,0.0023,0.0009,0.0006,0.0465,0.0596,0.1345,0.1557,0.0608,0.0427,0.0454,0.0582,0.1312,0.1519,0.0593,0.0416
51.04.02.2004,Belega,Blahbatuh,Gianyar,Bali,1230,5264,0.0034,0.0015,0.4882,0.5068,0.1146,0.1539,0.281,0.3184,0.0786,0.0536,0.0004,0.0005,0.001,0.0011,0.0003,0.0002,0.0002,0.0002,0.0004,0.0005,0.0001,0.0001,0.0559,0.0751,0.1372,0.1554,0.0384,0.0262,0.0581,0.078,0.1424,0.1614,0.0399,0.0272
51.02.10.2001,Belimbing,Pupuan,Tabanan,Bali,1445,4704,0.0043,0.0021,0.4836,0.51,0.0923,0.1065,0.2528,0.3174,0.1178,0.1133,0.0004,0.0005,0.0011,0.0013,0.0005,0.0005,0.0002,0.0002,0.0005,0.0007,0.0003,0.0002,0.0446,0.0515,0.1222,0.1535,0.057,0.0548,0.0471,0.0543,0.1289,0.1619,0.0601,0.0578
51.01.04.2003,Belimbingsari,Melaya,Jembrana,Bali,292,1038,0.0039,0.0019,0.5,0.4942,0.1002,0.1339,0.2852,0.2717,0.1021,0.1069,0.0004,0.0005,0.0011,0.001,0.0004,0.0004,0.0002,0.0003,0.0005,0.0005,0.0002,0.0002,0.0501,0.067,0.1426,0.1358,0.0511,0.0535,0.0495,0.0662,0.1409,0.1343,0.0505,0.0529
51.03.04.2003,Belok/Sidan,Petang,Badung,Bali,1744,5778,0.0081,0.0074,0.5045,0.4799,0.116,0.1426,0.2883,0.3008,0.0848,0.0675,0.0009,0.0012,0.0023,0.0024,0.0007,0.0005,0.0009,0.0011,0.0021,0.0022,0.0006,0.0005,0.0585,0.0719,0.1455,0.1518,0.0428,0.0341,0.0557,0.0684,0.1384,0.1444,0.0407,0.0324
51.02.04.2004,Belumbang,Kerambitan,Tabanan,Bali,726,2137,0.0019,0.0019,0.4843,0.5119,0.0931,0.1249,0.241,0.2943,0.1259,0.1207,0.0002,0.0002,0.0005,0.0006,0.0002,0.0002,0.0002,0.0002,0.0005,0.0006,0.0002,0.0002,0.0451,0.0605,0.1167,0.1426,0.061,0.0585,0.0477,0.064,0.1234,0.1507,0.0644,0.0618
51.04.03.1008,Beng,Gianyar,Gianyar,Bali,1219,5055,0.0047,0.0032,0.4928,0.4993,0.1252,0.1551,0.2795,0.2961,0.0811,0.0629,0.0006,0.0007,0.0013,0.0014,0.0004,0.0003,0.0004,0.0005,0.0009,0.0009,0.0003,0.0002,0.0617,0.0764,0.1377,0.1459,0.04,0.031,0.0625,0.0774,0.1396,0.1479,0.0405,0.0314
51.08.08.2010,Bengkala,Kubutambahan,Buleleng,Bali,978,2948,0.0129,0.0095,0.4895,0.4881,0.1269,0.1574,0.2883,0.2693,0.0892,0.0689,0.0016,0.002,0.0037,0.0035,0.0011,0.0009,0.0012,0.0015,0.0027,0.0026,0.0008,0.0007,0.0621,0.077,0.1411,0.1318,0.0437,0.0337,0.0619,0.0768,0.1407,0.1315,0.0435,0.0336
51.02.06.2001,Bengkel,Kediri,Tabanan,Bali,802,2423,0.0012,0.0012,0.4953,0.5023,0.0995,0.1197,0.2662,0.3038,0.109,0.1019,0.0001,0.0001,0.0003,0.0004,0.0001,0.0001,0.0001,0.0001,0.0003,0.0004,0.0001,0.0001,0.0493,0.0593,0.1318,0.1504,0.054,0.0505,0.05,0.0601,0.1337,0.1526,0.0547,0.0512
51.08.03.2013,Bengkel,Busungbiu,Buleleng,Bali,1186,3853,0.0042,0.0031,0.5032,0.4895,0.1222,0.1622,0.2837,0.2629,0.0968,0.0722,0.0005,0.0007,0.0012,0.0011,0.0004,0.0003,0.0004,0.0005,0.0009,0.0008,0.0003,0.0002,0.0615,0.0816,0.1428,0.1323,0.0487,0.0363,0.0598,0.0794,0.1389,0.1287,0.0474,0.0353
51.02.03.2011,Bengkel Sari,Selemadeg Barat,Tabanan,Bali,436,1229,0.0098,0.0081,0.4882,0.4939,0.0797,0.1131,0.2408,0.2954,0.1554,0.1155,0.0008,0.0011,0.0024,0.0029,0.0015,0.0011,0.0006,0.0009,0.002,0.0024,0.0013,0.0009,0.0389,0.0552,0.1176,0.1442,0.0759,0.0564,0.0394,0.0559,0.119,0.1459,0.0768,0.0571
51.03.05.1004,Benoa,Kuta Selatan,Badung,Bali,10828,41225,0.0019,0.0013,0.4969,0.4999,0.1315,0.1646,0.3085,0.3107,0.0549,0.0298,0.0002,0.0003,0.0006,0.0006,0.0001,0.0001,0.0002,0.0002,0.0004,0.0004,0.0001,0,0.0653,0.0818,0.1533,0.1544,0.0273,0.0148,0.0657,0.0823,0.1542,0.1553,0.0275,0.0149
51.02.02.2007,Beraban,Selemadeg Timur,Tabanan,Bali,565,1639,0.0055,0.0043,0.4722,0.518,0.0946,0.1257,0.2361,0.3228,0.122,0.0988,0.0005,0.0007,0.0013,0.0018,0.0007,0.0005,0.0004,0.0005,0.001,0.0014,0.0005,0.0004,0.0447,0.0594,0.1115,0.1524,0.0576,0.0467,0.049,0.0651,0.1223,0.1672,0.0632,0.0512
51.02.06.2004,Beraban,Kediri,Tabanan,Bali,2179,6702,0.0052,0.0028,0.4855,0.5064,0.1144,0.1167,0.2572,0.2939,0.1229,0.0947,0.0006,0.0006,0.0013,0.0015,0.0006,0.0005,0.0003,0.0003,0.0007,0.0008,0.0003,0.0003,0.0556,0.0567,0.1249,0.1427,0.0597,0.046,0.058,0.0591,0.1303,0.1489,0.0623,0.048
51.01.01.2005,Berangbang,Negara,Jembrana,Bali,2292,7501,0.0055,0.0031,0.5007,0.4907,0.1484,0.1598,0.2829,0.2726,0.0831,0.0532,0.0008,0.0009,0.0015,0.0015,0.0005,0.0003,0.0005,0.0005,0.0009,0.0008,0.0003,0.0002,0.0743,0.08,0.1417,0.1365,0.0416,0.0266,0.0728,0.0784,0.1388,0.1338,0.0408,0.0261
51.08.06.1012,Beratan,Buleleng,Buleleng,Bali,348,970,0.0103,0.0093,0.4948,0.4856,0.1196,0.1402,0.3247,0.2546,0.0928,0.068,0.0012,0.0014,0.0033,0.0026,0.001,0.0007,0.0011,0.0013,0.003,0.0024,0.0009,0.0006,0.0592,0.0694,0.1607,0.126,0.0459,0.0337,0.0581,0.0681,0.1577,0.1236,0.0451,0.033
51.02.01.2004,Berembeng,Selemadeg,Tabanan,Bali,857,2423,0.0243,0.0454,0.4688,0.4614,0.0953,0.1011,0.2674,0.2943,0.1164,0.1255,0.0023,0.0025,0.0065,0.0072,0.0028,0.0031,0.0043,0.0046,0.0121,0.0134,0.0053,0.0057,0.0447,0.0474,0.1254,0.138,0.0546,0.0588,0.044,0.0467,0.1234,0.1358,0.0537,0.0579
51.02.07.2002,Beringkit Belayu,Marga,Tabanan,Bali,686,2260,0.0075,0.004,0.4898,0.4987,0.1142,0.1341,0.2513,0.3027,0.1058,0.092,0.0009,0.001,0.0019,0.0023,0.0008,0.0007,0.0005,0.0005,0.001,0.0012,0.0004,0.0004,0.0559,0.0657,0.1231,0.1482,0.0518,0.0451,0.0569,0.0669,0.1253,0.1509,0.0527,0.0459
51.07.01.2004,Besakih,Rendang,Karangasem,Bali,2501,8031,0,0,0.5118,0.4882,0.1381,0.1664,0.3155,0.2514,0.0767,0.0519,0,0,0,0,0,0,0,0,0,0,0,0,0.0707,0.0851,0.1615,0.1287,0.0393,0.0266,0.0674,0.0812,0.1541,0.1227,0.0374,0.0254
51.05.04.2012,Besan,Dawan,Klungkung,Bali,719,2851,0.0042,0.0049,0.5079,0.483,0.1336,0.1645,0.2694,0.2824,0.0863,0.0638,0.0006,0.0007,0.0011,0.0012,0.0004,0.0003,0.0007,0.0008,0.0013,0.0014,0.0004,0.0003,0.0679,0.0836,0.1368,0.1434,0.0438,0.0324,0.0645,0.0795,0.1301,0.1364,0.0417,0.0308
51.08.02.2008,Bestala,Seririt,Buleleng,Bali,512,1384,0.0108,0.0145,0.4653,0.5094,0.1199,0.1344,0.2659,0.2717,0.1098,0.0983,0.0013,0.0015,0.0029,0.0029,0.0012,0.0011,0.0017,0.0019,0.0038,0.0039,0.0016,0.0014,0.0558,0.0625,0.1237,0.1264,0.0511,0.0457,0.0611,0.0685,0.1354,0.1384,0.0559,0.0501
51.02.08.2005,Biaung,Penebel,Tabanan,Bali,941,2565,0.014,0.0136,0.4998,0.4725,0.1002,0.1072,0.2526,0.2858,0.1255,0.1287,0.0014,0.0015,0.0035,0.004,0.0018,0.0018,0.0014,0.0015,0.0034,0.0039,0.0017,0.0018,0.0501,0.0536,0.1263,0.1428,0.0627,0.0643,0.0473,0.0507,0.1194,0.135,0.0593,0.0608
51.08.08.2009,Bila,Kubutambahan,Buleleng,Bali,978,2890,0.0083,0.0083,0.4938,0.4896,0.1384,0.1512,0.3059,0.2616,0.0834,0.0595,0.0011,0.0013,0.0025,0.0022,0.0007,0.0005,0.0011,0.0013,0.0025,0.0022,0.0007,0.0005,0.0683,0.0747,0.151,0.1292,0.0412,0.0294,0.0678,0.074,0.1498,0.1281,0.0408,0.0291
51.06.04.2002,Binyan,Kintamani,Bangli,Bali,110,361,0.0028,0.0028,0.5263,0.4681,0.1413,0.0997,0.3075,0.277,0.1025,0.072,0.0004,0.0003,0.0009,0.0008,0.0003,0.0002,0.0004,0.0003,0.0009,0.0008,0.0003,0.0002,0.0744,0.0525,0.1618,0.1458,0.0539,0.0379,0.0661,0.0467,0.1439,0.1297,0.048,0.0337
51.04.03.1007,Bitera,Gianyar,Gianyar,Bali,1964,8446,0.004,0.002,0.5019,0.4921,0.1253,0.1409,0.2923,0.2892,0.0905,0.0618,0.0005,0.0006,0.0012,0.0012,0.0004,0.0002,0.0003,0.0003,0.0006,0.0006,0.0002,0.0001,0.0629,0.0707,0.1467,0.1452,0.0454,0.031,0.0616,0.0693,0.1438,0.1423,0.0445,0.0304
51.04.02.2005,Blahbatuh,Blahbatuh,Gianyar,Bali,2455,10528,0.0039,0.0038,0.493,0.4993,0.13,0.1482,0.2867,0.2894,0.0858,0.0599,0.0005,0.0006,0.0011,0.0011,0.0003,0.0002,0.0005,0.0006,0.0011,0.0011,0.0003,0.0002,0.0641,0.073,0.1413,0.1427,0.0423,0.0295,0.0649,0.074,0.1431,0.1445,0.0428,0.0299
51.03.03.2011,Blahkiuh,Abiansemal,Badung,Bali,1657,6336,0.0057,0.0058,0.4913,0.4972,0.1226,0.1544,0.2637,0.2945,0.0939,0.0709,0.0007,0.0009,0.0015,0.0017,0.0005,0.0004,0.0007,0.0009,0.0015,0.0017,0.0005,0.0004,0.0603,0.0758,0.1296,0.1447,0.0461,0.0348,0.061,0.0767,0.1311,0.1464,0.0467,0.0352
51.04.02.2009,Bona,Blahbatuh,Gianyar,Bali,1083,4643,0.0024,0.0006,0.4984,0.4986,0.1148,0.1421,0.2716,0.3086,0.0937,0.0691,0.0003,0.0003,0.0006,0.0007,0.0002,0.0002,0.0001,0.0001,0.0002,0.0002,0.0001,0,0.0572,0.0708,0.1354,0.1538,0.0467,0.0345,0.0572,0.0709,0.1354,0.1539,0.0467,0.0345
51.08.09.2005,Bondalem,Tejakula,Buleleng,Bali,4885,15641,0.0026,0.0015,0.5026,0.4933,0.1425,0.1752,0.2972,0.2592,0.0769,0.049,0.0004,0.0005,0.0008,0.0007,0.0002,0.0001,0.0002,0.0003,0.0005,0.0004,0.0001,0.0001,0.0716,0.088,0.1494,0.1303,0.0387,0.0246,0.0703,0.0864,0.1466,0.1278,0.0379,0.0242
51.02.05.2003,Bongan,Tabanan,Tabanan,Bali,2598,8356,0.0036,0.0065,0.4921,0.4978,0.1241,0.1397,0.282,0.2987,0.0937,0.0619,0.0004,0.0005,0.001,0.0011,0.0003,0.0002,0.0008,0.0009,0.0018,0.0019,0.0006,0.0004,0.0611,0.0687,0.1387,0.147,0.0461,0.0304,0.0618,0.0695,0.1404,0.1487,0.0467,0.0308
51.03.03.2009,Bongkasa,Abiansemal,Badung,Bali,1895,6261,0.0073,0.0062,0.4921,0.4943,0.1139,0.1393,0.2742,0.3043,0.0874,0.081,0.0008,0.001,0.002,0.0022,0.0006,0.0006,0.0007,0.0009,0.0017,0.0019,0.0005,0.0005,0.056,0.0685,0.135,0.1497,0.043,0.0398,0.0563,0.0688,0.1356,0.1504,0.0432,0.04
51.03.03.2018,Bongkasa Pertiwi,Abiansemal,Badung,Bali,802,2656,0.0053,0.0019,0.4816,0.5113,0.1261,0.1419,0.2632,0.3012,0.0873,0.0802,0.0007,0.0007,0.0014,0.0016,0.0005,0.0004,0.0002,0.0003,0.0005,0.0006,0.0002,0.0002,0.0607,0.0684,0.1267,0.145,0.0421,0.0386,0.0645,0.0726,0.1346,0.154,0.0447,0.041
51.08.08.2003,Bontihing,Kubutambahan,Buleleng,Bali,1909,5914,0.0098,0.0061,0.4937,0.4904,0.1461,0.1564,0.3035,0.2572,0.0857,0.0511,0.0014,0.0015,0.003,0.0025,0.0008,0.0005,0.0009,0.001,0.0018,0.0016,0.0005,0.0003,0.0721,0.0772,0.1499,0.127,0.0423,0.0252,0.0716,0.0767,0.1488,0.1261,0.042,0.025
51.06.04.2014,Bonyoh,Kintamani,Bangli,Bali,384,1289,0,0,0.5058,0.4942,0.1249,0.1443,0.3313,0.2746,0.0636,0.0613,0,0,0,0,0,0,0,0,0,0,0,0,0.0632,0.073,0.1676,0.1389,0.0322,0.031,0.0617,0.0713,0.1637,0.1357,0.0314,0.0303
51.04.07.2009,Bresela,Payangan,Gianyar,Bali,593,2749,0.0051,0.0044,0.5038,0.4867,0.1331,0.12,0.2954,0.2877,0.0913,0.0724,0.0007,0.0006,0.0015,0.0015,0.0005,0.0004,0.0006,0.0005,0.0013,0.0013,0.0004,0.0003,0.0671,0.0605,0.1488,0.145,0.046,0.0365,0.0648,0.0584,0.1438,0.1401,0.0444,0.0352
51.02.05.2011,Buahan,Tabanan,Tabanan,Bali,885,2622,0.0042,0.0011,0.4939,0.5008,0.119,0.1041,0.2613,0.2868,0.1201,0.1087,0.0005,0.0004,0.0011,0.0012,0.0005,0.0005,0.0001,0.0001,0.0003,0.0003,0.0001,0.0001,0.0588,0.0514,0.129,0.1417,0.0593,0.0537,0.0596,0.0521,0.1308,0.1436,0.0602,0.0544
51.04.07.2005,Buahan,Payangan,Gianyar,Bali,909,3773,0.0021,0.0016,0.4975,0.4988,0.1031,0.1397,0.2743,0.2884,0.1047,0.0898,0.0002,0.0003,0.0006,0.0006,0.0002,0.0002,0.0002,0.0002,0.0004,0.0005,0.0002,0.0001,0.0513,0.0695,0.1365,0.1435,0.0521,0.0447,0.0514,0.0697,0.1368,0.1438,0.0522,0.0448
51.06.04.2019,Buahan,Kintamani,Bangli,Bali,514,1902,0,0,0.51,0.49,0.1388,0.1504,0.3055,0.2534,0.0889,0.0631,0,0,0,0,0,0,0,0,0,0,0,0,0.0708,0.0767,0.1558,0.1292,0.0453,0.0322,0.068,0.0737,0.1497,0.1242,0.0435,0.0309
51.04.07.2008,Buahan Kaja,Payangan,Gianyar,Bali,1014,4427,0.0034,0.0016,0.501,0.494,0.1057,0.1299,0.2742,0.2903,0.1053,0.0946,0.0004,0.0004,0.0009,0.001,0.0004,0.0003,0.0002,0.0002,0.0004,0.0005,0.0002,0.0001,0.053,0.0651,0.1374,0.1454,0.0527,0.0474,0.0522,0.0642,0.1355,0.1434,0.052,0.0468
51.07.06.2007,Bhuana Giri,Bebandem,Karangasem,Bali,2470,7695,0.0031,0.0021,0.5011,0.4937,0.1431,0.1574,0.2904,0.262,0.0751,0.072,0.0004,0.0005,0.0009,0.0008,0.0002,0.0002,0.0003,0.0003,0.0006,0.0005,0.0002,0.0001,0.0717,0.0789,0.1455,0.1313,0.0376,0.0361,0.0706,0.0777,0.1434,0.1293,0.0371,0.0355
51.08.02.2013,Bubunan,Seririt,Buleleng,Bali,1569,4622,0.0037,0.005,0.4875,0.5039,0.1313,0.1527,0.2873,0.2759,0.0909,0.0619,0.0005,0.0006,0.0011,0.001,0.0003,0.0002,0.0007,0.0008,0.0014,0.0014,0.0005,0.0003,0.064,0.0745,0.1401,0.1345,0.0443,0.0302,0.0662,0.077,0.1448,0.139,0.0458,0.0312
51.07.06.2002,Budakeling,Bebandem,Karangasem,Bali,1591,5176,0,0,0.506,0.494,0.1463,0.1619,0.2819,0.2678,0.0755,0.0667,0,0,0,0,0,0,0,0,0,0,0,0,0.074,0.0819,0.1426,0.1355,0.0382,0.0337,0.0723,0.08,0.1393,0.1323,0.0373,0.0329
51.01.05.2006,Budeng,Jembrana,Jembrana,Bali,589,1876,0.0043,0.0021,0.4936,0.5,0.1397,0.1583,0.2543,0.2862,0.1066,0.0549,0.0006,0.0007,0.0011,0.0012,0.0005,0.0002,0.0003,0.0003,0.0005,0.0006,0.0002,0.0001,0.0689,0.0781,0.1255,0.1413,0.0526,0.0271,0.0698,0.0792,0.1271,0.1431,0.0533,0.0275
51.03.02.2002,Buduk,Mengwi,Badung,Bali,2229,9356,0.0034,0.0032,0.4888,0.5046,0.1232,0.162,0.2771,0.3147,0.0746,0.0483,0.0004,0.0006,0.0009,0.0011,0.0003,0.0002,0.0004,0.0005,0.0009,0.001,0.0002,0.0002,0.0602,0.0792,0.1355,0.1538,0.0365,0.0236,0.0622,0.0818,0.1398,0.1588,0.0376,0.0244
51.07.04.2001,Bugbug,Karangasem,Karangasem,Bali,3476,12088,0.0045,0.0027,0.5089,0.484,0.1606,0.1751,0.2929,0.2559,0.0639,0.0515,0.0007,0.0008,0.0013,0.0011,0.0003,0.0002,0.0004,0.0005,0.0008,0.0007,0.0002,0.0001,0.0817,0.0891,0.1491,0.1302,0.0325,0.0262,0.0777,0.0848,0.1418,0.1238,0.0309,0.0249
51.04.07.2003,Bukian,Payangan,Gianyar,Bali,1753,6768,0.0035,0.003,0.49,0.5035,0.1234,0.1457,0.2745,0.272,0.1027,0.0817,0.0004,0.0005,0.001,0.001,0.0004,0.0003,0.0004,0.0004,0.0008,0.0008,0.0003,0.0002,0.0604,0.0714,0.1345,0.1333,0.0503,0.04,0.0621,0.0734,0.1382,0.137,0.0517,0.0411
51.07.04.2011,Bukit,Karangasem,Karangasem,Bali,1690,5218,0.0042,0.004,0.5004,0.4914,0.1305,0.1648,0.2808,0.2859,0.0767,0.0613,0.0006,0.0007,0.0012,0.0012,0.0003,0.0003,0.0005,0.0007,0.0011,0.0012,0.0003,0.0002,0.0653,0.0825,0.1405,0.1431,0.0384,0.0307,0.0641,0.081,0.138,0.1405,0.0377,0.0301
51.08.08.2012,Bukti,Kubutambahan,Buleleng,Bali,1520,4969,0.0026,0.0022,0.5051,0.49,0.1664,0.1648,0.3123,0.2497,0.067,0.0396,0.0004,0.0004,0.0008,0.0007,0.0002,0.0001,0.0004,0.0004,0.0007,0.0006,0.0001,0.0001,0.0841,0.0833,0.1578,0.1262,0.0339,0.02,0.0816,0.0808,0.1531,0.1224,0.0328,0.0194
51.08.08.2008,Bulian,Kubutambahan,Buleleng,Bali,1535,4809,0.0019,0.001,0.507,0.4901,0.158,0.1768,0.3132,0.2479,0.0616,0.0426,0.0003,0.0003,0.0006,0.0005,0.0001,0.0001,0.0002,0.0002,0.0003,0.0003,0.0001,0,0.0801,0.0896,0.1588,0.1257,0.0312,0.0216,0.0775,0.0866,0.1535,0.1215,0.0302,0.0209
51.05.01.2016,Bunga Mekar,Nusa Penida,Klungkung,Bali,1280,4155,0.001,0.0031,0.5059,0.49,0.1451,0.1639,0.3011,0.2501,0.0703,0.0696,0.0001,0.0002,0.0003,0.0002,0.0001,0.0001,0.0005,0.0005,0.0009,0.0008,0.0002,0.0002,0.0734,0.0829,0.1523,0.1265,0.0356,0.0352,0.0711,0.0803,0.1475,0.1225,0.0344,0.0341
51.07.06.2001,Bungaya,Bebandem,Karangasem,Bali,2048,6398,0,0.0009,0.5105,0.4886,0.1432,0.1511,0.2906,0.2727,0.0785,0.0639,0,0,0,0,0,0,0.0001,0.0001,0.0003,0.0003,0.0001,0.0001,0.0731,0.0772,0.1483,0.1392,0.0401,0.0326,0.07,0.0738,0.142,0.1333,0.0383,0.0312
51.07.06.2006,Bungaya Kangin,Bebandem,Karangasem,Bali,2226,7459,0.0042,0.0035,0.5064,0.486,0.1555,0.1692,0.3012,0.2618,0.0642,0.048,0.0006,0.0007,0.0013,0.0011,0.0003,0.0002,0.0005,0.0006,0.0011,0.0009,0.0002,0.0002,0.0787,0.0857,0.1525,0.1326,0.0325,0.0243,0.0756,0.0822,0.1464,0.1272,0.0312,0.0233
51.05.02.2010,Bungbungan,Banjarangkan,Klungkung,Bali,922,3644,0.0093,0.0049,0.5082,0.4775,0.1293,0.1465,0.2747,0.2799,0.0914,0.0782,0.0012,0.0014,0.0026,0.0026,0.0009,0.0007,0.0006,0.0007,0.0014,0.0014,0.0005,0.0004,0.0657,0.0745,0.1396,0.1423,0.0464,0.0397,0.0617,0.07,0.1312,0.1337,0.0436,0.0373
51.08.07.2013,Bungkulan,Sawan,Buleleng,Bali,4949,15769,0.0031,0.0018,0.4965,0.4986,0.1497,0.168,0.2853,0.2648,0.0788,0.0535,0.0005,0.0005,0.0009,0.0008,0.0002,0.0002,0.0003,0.0003,0.0005,0.0005,0.0001,0.0001,0.0743,0.0834,0.1416,0.1314,0.0391,0.0265,0.0746,0.0838,0.1423,0.132,0.0393,0.0267
51.07.05.2003,Bunutan,Abang,Karangasem,Bali,3750,12772,0.0056,0.0049,0.5016,0.4879,0.1719,0.1662,0.3262,0.2373,0.0557,0.0427,0.001,0.0009,0.0018,0.0013,0.0003,0.0002,0.0008,0.0008,0.0016,0.0012,0.0003,0.0002,0.0862,0.0834,0.1636,0.119,0.028,0.0214,0.0838,0.0811,0.1591,0.1158,0.0272,0.0208
51.06.02.2001,Bunutin,Bangli,Bangli,Bali,1168,4059,0.0059,0.0047,0.5011,0.4883,0.119,0.1463,0.2759,0.2858,0.1005,0.0724,0.0007,0.0009,0.0016,0.0017,0.0006,0.0004,0.0006,0.0007,0.0013,0.0013,0.0005,0.0003,0.0596,0.0733,0.1383,0.1432,0.0504,0.0363,0.0581,0.0715,0.1347,0.1395,0.0491,0.0354
51.06.04.2004,Bunutin,Kintamani,Bangli,Bali,311,1025,0.0049,0.001,0.5034,0.4907,0.121,0.1278,0.3122,0.3171,0.0605,0.0615,0.0006,0.0006,0.0015,0.0015,0.0003,0.0003,0.0001,0.0001,0.0003,0.0003,0.0001,0.0001,0.0609,0.0643,0.1572,0.1596,0.0305,0.0309,0.0594,0.0627,0.1532,0.1556,0.0297,0.0302
51.02.08.2004,Buruan,Penebel,Tabanan,Bali,720,2057,0.001,0.0024,0.4876,0.509,0.1099,0.1142,0.2528,0.2756,0.1303,0.1172,0.0001,0.0001,0.0002,0.0003,0.0001,0.0001,0.0003,0.0003,0.0006,0.0007,0.0003,0.0003,0.0536,0.0557,0.1233,0.1344,0.0635,0.0571,0.0559,0.0581,0.1287,0.1403,0.0663,0.0596
51.04.02.2006,Buruan,Blahbatuh,Gianyar,Bali,1596,7026,0.0047,0.0037,0.4906,0.501,0.1282,0.1527,0.2751,0.3044,0.0855,0.0539,0.0006,0.0007,0.0013,0.0014,0.0004,0.0003,0.0005,0.0006,0.001,0.0011,0.0003,0.0002,0.0629,0.0749,0.135,0.1494,0.042,0.0265,0.0642,0.0765,0.1378,0.1525,0.0429,0.027
51.08.03.2011,Busungbiu,Busungbiu,Buleleng,Bali,2998,9594,0.0046,0.004,0.5058,0.4856,0.1185,0.1536,0.2917,0.2899,0.0849,0.0613,0.0005,0.0007,0.0013,0.0013,0.0004,0.0003,0.0005,0.0006,0.0012,0.0011,0.0003,0.0002,0.0599,0.0777,0.1476,0.1466,0.043,0.031,0.0576,0.0746,0.1417,0.1408,0.0413,0.0298
51.02.06.2005,Buwit,Kediri,Tabanan,Bali,715,2797,0.0075,0.0064,0.4898,0.4962,0.1094,0.1258,0.2588,0.305,0.1062,0.0947,0.0008,0.0009,0.0019,0.0023,0.0008,0.0007,0.0007,0.0008,0.0017,0.002,0.0007,0.0006,0.0536,0.0616,0.1268,0.1494,0.052,0.0464,0.0543,0.0625,0.1285,0.1513,0.0527,0.047
51.02.09.2008,Candikuning,Baturiti,Tabanan,Bali,2543,8558,0.0013,0.0015,0.5079,0.4892,0.149,0.1581,0.301,0.2769,0.0708,0.0442,0.0002,0.0002,0.0004,0.0004,0.0001,0.0001,0.0002,0.0002,0.0005,0.0004,0.0001,0.0001,0.0757,0.0803,0.1529,0.1407,0.036,0.0224,0.0729,0.0773,0.1473,0.1355,0.0346,0.0216
51.01.04.2007,Candikusuma,Melaya,Jembrana,Bali,1820,5797,0.0029,0.0017,0.4927,0.5027,0.1432,0.1656,0.2765,0.2815,0.0818,0.0514,0.0004,0.0005,0.0008,0.0008,0.0002,0.0002,0.0002,0.0003,0.0005,0.0005,0.0001,0.0001,0.0705,0.0816,0.1362,0.1387,0.0403,0.0253,0.072,0.0832,0.139,0.1415,0.0411,0.0258
51.03.06.2005,Canggu,Kuta Utara,Badung,Bali,1592,7106,0.0059,0.0032,0.4818,0.509,0.125,0.1296,0.2895,0.3007,0.0891,0.0661,0.0007,0.0008,0.0017,0.0018,0.0005,0.0004,0.0004,0.0004,0.0009,0.001,0.0003,0.0002,0.0602,0.0625,0.1395,0.1449,0.0429,0.0319,0.0636,0.066,0.1473,0.1531,0.0453,0.0337
51.03.04.2001,Carangsari,Petang,Badung,Bali,1747,5846,0.0056,0.0048,0.4991,0.4904,0.1206,0.138,0.2732,0.3168,0.0828,0.0686,0.0007,0.0008,0.0015,0.0018,0.0005,0.0004,0.0006,0.0007,0.0013,0.0015,0.0004,0.0003,0.0602,0.0689,0.1364,0.1581,0.0413,0.0342,0.0591,0.0677,0.134,0.1554,0.0406,0.0336
51.06.04.2037,Catur,Kintamani,Bangli,Bali,635,2083,0.0029,0.0019,0.5113,0.4839,0.1368,0.1565,0.2775,0.2876,0.0778,0.0639,0.0004,0.0005,0.0008,0.0008,0.0002,0.0002,0.0003,0.0003,0.0005,0.0006,0.0001,0.0001,0.07,0.08,0.1419,0.147,0.0398,0.0326,0.0662,0.0757,0.1343,0.1392,0.0376,0.0309
51.02.07.2010,Cau Belayu,Marga,Tabanan,Bali,987,3118,0.0038,0.0022,0.4897,0.5042,0.1132,0.1392,0.254,0.2909,0.093,0.1097,0.0004,0.0005,0.001,0.0011,0.0004,0.0004,0.0003,0.0003,0.0006,0.0007,0.0002,0.0002,0.0554,0.0682,0.1244,0.1425,0.0455,0.0537,0.0571,0.0702,0.1281,0.1467,0.0469,0.0553
51.04.01.2005,Celuk,Sukawati,Gianyar,Bali,1067,4365,0.0055,0.0044,0.4877,0.5024,0.1157,0.1258,0.2964,0.285,0.1088,0.0683,0.0006,0.0007,0.0016,0.0016,0.0006,0.0004,0.0005,0.0005,0.0013,0.0012,0.0005,0.0003,0.0564,0.0613,0.1446,0.139,0.0531,0.0333,0.0581,0.0632,0.1489,0.1432,0.0547,0.0343
51.08.01.2013,Celukanbawang,Gerokgak,Buleleng,Bali,2132,6743,0.0019,0.0022,0.4931,0.5027,0.1722,0.1768,0.2942,0.268,0.0586,0.0303,0.0003,0.0003,0.0006,0.0005,0.0001,0.0001,0.0004,0.0004,0.0007,0.0006,0.0001,0.0001,0.0849,0.0872,0.1451,0.1321,0.0289,0.0149,0.0866,0.0889,0.1479,0.1347,0.0295,0.0152
51.03.02.2017,Cemagi,Mengwi,Badung,Bali,1199,5461,0.0044,0.002,0.4928,0.5008,0.1161,0.124,0.2963,0.289,0.0987,0.076,0.0005,0.0005,0.0013,0.0013,0.0004,0.0003,0.0002,0.0002,0.0006,0.0006,0.0002,0.0002,0.0572,0.0611,0.146,0.1424,0.0486,0.0374,0.0581,0.0621,0.1484,0.1447,0.0494,0.0381
51.06.02.1005,Cempaga,Bangli,Bangli,Bali,2750,8986,0.0007,0.0006,0.4998,0.499,0.1158,0.1559,0.2632,0.2988,0.097,0.0692,0.0001,0.0001,0.0002,0.0002,0.0001,0,0.0001,0.0001,0.0001,0.0002,0.0001,0,0.0579,0.0779,0.1315,0.1493,0.0485,0.0346,0.0578,0.0778,0.1313,0.1491,0.0484,0.0345
51.08.04.2009,Cempaga,Banjar,Buleleng,Bali,1079,3303,0.0045,0.0042,0.4947,0.4965,0.1359,0.1659,0.2928,0.2701,0.076,0.0593,0.0006,0.0008,0.0013,0.0012,0.0003,0.0003,0.0006,0.0007,0.0012,0.0011,0.0003,0.0003,0.0672,0.0821,0.1448,0.1336,0.0376,0.0294,0.0675,0.0824,0.1454,0.1341,0.0377,0.0295
51.02.06.2006,Cepaka,Kediri,Tabanan,Bali,817,2628,0.003,0.0046,0.5068,0.4855,0.1233,0.1362,0.2801,0.3113,0.086,0.0632,0.0004,0.0004,0.0009,0.0009,0.0003,0.0002,0.0006,0.0006,0.0013,0.0014,0.0004,0.0003,0.0625,0.069,0.1419,0.1578,0.0436,0.032,0.0599,0.0661,0.136,0.1511,0.0418,0.0307
51.07.05.2008,Culik,Abang,Karangasem,Bali,1362,4540,0,0,0.5035,0.4965,0.1559,0.1744,0.2903,0.2507,0.07,0.0586,0,0,0,0,0,0,0,0,0,0,0,0,0.0785,0.0878,0.1462,0.1262,0.0353,0.0295,0.0774,0.0866,0.1441,0.1244,0.0348,0.0291
51.01.01.2001,Cupel,Negara,Jembrana,Bali,1610,5033,0.0068,0.0091,0.4989,0.4852,0.1715,0.1768,0.2905,0.2641,0.0646,0.0326,0.0012,0.0012,0.002,0.0018,0.0004,0.0002,0.0016,0.0016,0.0027,0.0024,0.0006,0.0003,0.0855,0.0882,0.1449,0.1317,0.0322,0.0163,0.0832,0.0858,0.1409,0.1281,0.0313,0.0158
51.02.05.2006,Dajan Peken,Tabanan,Tabanan,Bali,3114,9972,0.0028,0.0015,0.4959,0.4998,0.1239,0.1503,0.2692,0.2864,0.1009,0.0693,0.0003,0.0004,0.0008,0.0008,0.0003,0.0002,0.0002,0.0002,0.0004,0.0004,0.0002,0.0001,0.0615,0.0745,0.1335,0.142,0.05,0.0344,0.0619,0.0751,0.1345,0.1431,0.0504,0.0346
51.02.02.2009,Dalang,Selemadeg Timur,Tabanan,Bali,774,2118,0.0066,0.0066,0.4939,0.4929,0.093,0.0992,0.2238,0.314,0.1176,0.1525,0.0006,0.0007,0.0015,0.0021,0.0008,0.001,0.0006,0.0007,0.0015,0.0021,0.0008,0.001,0.0459,0.049,0.1105,0.1551,0.0581,0.0753,0.0458,0.0489,0.1103,0.1548,0.0579,0.0752
51.03.06.2006,Dalung,Kuta Utara,Badung,Bali,7246,29104,0.0008,0.0008,0.5007,0.4978,0.1171,0.1537,0.312,0.3173,0.0685,0.0315,0.0001,0.0001,0.0002,0.0002,0.0001,0,0.0001,0.0001,0.0002,0.0002,0.0001,0,0.0586,0.0769,0.1562,0.1589,0.0343,0.0158,0.0583,0.0765,0.1553,0.1579,0.0341,0.0157
51.71.02.1010,Dangin Puri,Denpasar Timur,Kota Denpasar,Bali,2515,9047,0.0029,0.0036,0.4996,0.4939,0.1126,0.1593,0.2896,0.2995,0.0829,0.056,0.0003,0.0005,0.0008,0.0009,0.0002,0.0002,0.0004,0.0006,0.0011,0.0011,0.0003,0.0002,0.0563,0.0796,0.1447,0.1497,0.0414,0.028,0.0556,0.0787,0.143,0.1479,0.0409,0.0277
51.71.04.2003,Dangin Puri Kaja,Denpasar Utara,Kota Denpasar,Bali,3631,13936,0.0003,0.0006,0.5031,0.4961,0.1245,0.1533,0.2959,0.2937,0.0776,0.0551,0,0,0.0001,0.0001,0,0,0.0001,0.0001,0.0002,0.0002,0,0,0.0626,0.0771,0.1488,0.1478,0.039,0.0277,0.0618,0.076,0.1468,0.1457,0.0385,0.0273
51.71.04.2001,Dangin Puri Kangin,Denpasar Utara,Kota Denpasar,Bali,2553,9599,0.0013,0.0006,0.4887,0.5094,0.1087,0.1699,0.2877,0.2891,0.0837,0.0609,0.0001,0.0002,0.0004,0.0004,0.0001,0.0001,0.0001,0.0001,0.0002,0.0002,0.0001,0,0.0531,0.083,0.1406,0.1413,0.0409,0.0298,0.0554,0.0866,0.1466,0.1473,0.0426,0.031
51.71.04.2002,Dangin Puri Kauh,Denpasar Utara,Kota Denpasar,Bali,1968,7085,0.0047,0.0027,0.5012,0.4915,0.1142,0.1461,0.2998,0.2924,0.0902,0.0573,0.0005,0.0007,0.0014,0.0014,0.0004,0.0003,0.0003,0.0004,0.0008,0.0008,0.0002,0.0002,0.0572,0.0732,0.1503,0.1466,0.0452,0.0287,0.0561,0.0718,0.1473,0.1437,0.0443,0.0282
51.71.02.2001,Dangin Puri Kelod,Denpasar Timur,Kota Denpasar,Bali,4001,13531,0.0015,0.0008,0.503,0.4947,0.1212,0.1665,0.2925,0.3149,0.0695,0.0353,0.0002,0.0002,0.0004,0.0005,0.0001,0.0001,0.0001,0.0001,0.0002,0.0003,0.0001,0,0.061,0.0838,0.1471,0.1584,0.035,0.0178,0.06,0.0824,0.1447,0.1558,0.0344,0.0175
51.01.05.2010,Dangin Tukadaya,Jembrana,Jembrana,Bali,1796,5674,0.0016,0.0023,0.491,0.5051,0.1265,0.1482,0.2726,0.2876,0.1031,0.0619,0.0002,0.0002,0.0004,0.0005,0.0002,0.0001,0.0003,0.0003,0.0006,0.0007,0.0002,0.0001,0.0621,0.0728,0.1339,0.1412,0.0506,0.0304,0.0639,0.0749,0.1377,0.1453,0.0521,0.0312
51.03.03.2001,Darmasaba,Abiansemal,Badung,Bali,2329,10321,0.0031,0.0035,0.4917,0.5017,0.1185,0.1558,0.285,0.295,0.0799,0.0658,0.0004,0.0005,0.0009,0.0009,0.0002,0.0002,0.0004,0.0005,0.001,0.001,0.0003,0.0002,0.0583,0.0766,0.1401,0.1451,0.0393,0.0323,0.0594,0.0782,0.143,0.148,0.0401,0.033
51.07.05.2007,Datah,Abang,Karangasem,Bali,4082,13581,0,0,0.5106,0.4894,0.1556,0.1649,0.307,0.2458,0.0635,0.0633,0,0,0,0,0,0,0,0,0,0,0,0,0.0794,0.0842,0.1568,0.1255,0.0324,0.0323,0.0761,0.0807,0.1502,0.1203,0.0311,0.031
51.02.05.2005,Dauh Peken,Tabanan,Tabanan,Bali,4224,13657,0.0013,0.0015,0.5026,0.4946,0.1296,0.1475,0.2976,0.2868,0.0874,0.0511,0.0002,0.0002,0.0004,0.0004,0.0001,0.0001,0.0002,0.0002,0.0004,0.0004,0.0001,0.0001,0.0651,0.0742,0.1496,0.1442,0.0439,0.0257,0.0641,0.073,0.1472,0.1419,0.0432,0.0253
51.71.03.1005,Dauh Puri,Denpasar Barat,Kota Denpasar,Bali,2486,9034,0.0012,0.001,0.4981,0.4997,0.1279,0.1604,0.3127,0.2969,0.0689,0.0333,0.0002,0.0002,0.0004,0.0004,0.0001,0,0.0001,0.0002,0.0003,0.0003,0.0001,0,0.0637,0.0799,0.1558,0.1479,0.0343,0.0166,0.0639,0.0801,0.1562,0.1483,0.0344,0.0166
51.71.04.2006,Dauh Puri Kaja,Denpasar Utara,Kota Denpasar,Bali,5603,19122,0.0028,0.0016,0.4972,0.4984,0.1476,0.1577,0.3095,0.2743,0.0719,0.039,0.0004,0.0004,0.0009,0.0008,0.0002,0.0001,0.0002,0.0003,0.0005,0.0004,0.0001,0.0001,0.0734,0.0784,0.1539,0.1364,0.0358,0.0194,0.0736,0.0786,0.1543,0.1367,0.0358,0.0194
51.71.03.2006,Dauh Puri Kangin,Denpasar Barat,Kota Denpasar,Bali,1255,4301,0,0,0.4883,0.5117,0.1121,0.1455,0.2744,0.3016,0.1,0.0665,0,0,0,0,0,0,0,0,0,0,0,0,0.0547,0.0711,0.134,0.1472,0.0488,0.0325,0.0573,0.0745,0.1404,0.1543,0.0512,0.034
51.71.03.2003,Dauh Puri Kauh,Denpasar Barat,Kota Denpasar,Bali,3813,13551,0.0015,0.0009,0.4986,0.4989,0.1132,0.1573,0.2857,0.3209,0.0774,0.0456,0.0002,0.0002,0.0004,0.0005,0.0001,0.0001,0.0001,0.0001,0.0003,0.0003,0.0001,0,0.0564,0.0784,0.1424,0.16,0.0386,0.0227,0.0565,0.0785,0.1425,0.1601,0.0386,0.0228
51.71.03.2004,Dauh Puri Kelod,Denpasar Barat,Kota Denpasar,Bali,3514,12070,0.0013,0.0008,0.4927,0.5051,0.1162,0.157,0.2975,0.303,0.0719,0.0544,0.0002,0.0002,0.0004,0.0004,0.0001,0.0001,0.0001,0.0001,0.0002,0.0003,0.0001,0,0.0572,0.0774,0.1466,0.1493,0.0354,0.0268,0.0587,0.0793,0.1503,0.153,0.0363,0.0275
51.01.05.1005,Dauhwaru,Jembrana,Jembrana,Bali,3170,10536,0.0015,0.0014,0.4931,0.504,0.1302,0.1615,0.2773,0.2775,0.1062,0.0472,0.0002,0.0002,0.0004,0.0004,0.0002,0.0001,0.0002,0.0002,0.0004,0.0004,0.0002,0.0001,0.0642,0.0797,0.1367,0.1368,0.0524,0.0233,0.0656,0.0814,0.1398,0.1399,0.0535,0.0238
51.06.04.2031,Daup,Kintamani,Bangli,Bali,209,765,0.0052,0.0052,0.485,0.5046,0.1438,0.1542,0.3085,0.2745,0.0719,0.0471,0.0008,0.0008,0.0016,0.0014,0.0004,0.0002,0.0008,0.0008,0.0016,0.0014,0.0004,0.0002,0.0697,0.0748,0.1496,0.1331,0.0349,0.0228,0.0726,0.0778,0.1557,0.1385,0.0363,0.0237
51.06.04.2041,Dausa,Kintamani,Bangli,Bali,933,3240,0,0,0.5219,0.4781,0.1543,0.183,0.2994,0.246,0.0694,0.0478,0,0,0,0,0,0,0,0,0,0,0,0,0.0805,0.0955,0.1563,0.1284,0.0362,0.025,0.0738,0.0875,0.1431,0.1176,0.0332,0.0229
51.05.04.2011,Dawan Kaler,Dawan,Klungkung,Bali,741,2743,0.0084,0.0055,0.4943,0.4918,0.1137,0.1433,0.2705,0.284,0.0984,0.09,0.001,0.0012,0.0023,0.0024,0.0008,0.0008,0.0006,0.0008,0.0015,0.0016,0.0005,0.0005,0.0562,0.0708,0.1337,0.1404,0.0487,0.0445,0.0559,0.0705,0.133,0.1397,0.0484,0.0443
51.05.04.2009,Dawan Kelod,Dawan,Klungkung,Bali,749,2874,0.0111,0.0017,0.4906,0.4965,0.1249,0.1416,0.278,0.2808,0.0978,0.0769,0.0014,0.0016,0.0031,0.0031,0.0011,0.0009,0.0002,0.0002,0.0005,0.0005,0.0002,0.0001,0.0613,0.0695,0.1364,0.1378,0.048,0.0377,0.062,0.0703,0.138,0.1394,0.0485,0.0382
51.02.05.2004,Delod Peken,Tabanan,Tabanan,Bali,3531,11081,0.0024,0.0021,0.494,0.5015,0.1207,0.1505,0.274,0.2869,0.0978,0.0701,0.0003,0.0004,0.0007,0.0007,0.0002,0.0002,0.0003,0.0003,0.0006,0.0006,0.0002,0.0001,0.0596,0.0744,0.1353,0.1417,0.0483,0.0346,0.0605,0.0755,0.1374,0.1439,0.0491,0.0352
51.01.02.2005,Delodberawah,Mendoyo,Jembrana,Bali,765,2335,0,0,0.5058,0.4942,0.1268,0.1336,0.2724,0.2882,0.1015,0.0775,0,0,0,0,0,0,0,0,0,0,0,0,0.0641,0.0676,0.1378,0.1458,0.0513,0.0392,0.0627,0.066,0.1346,0.1424,0.0502,0.0383
51.06.01.2002,Demulih,Susut,Bangli,Bali,1461,4475,0,0,0.4977,0.5023,0.1128,0.1334,0.2603,0.2827,0.1182,0.0925,0,0,0,0,0,0,0,0,0,0,0,0,0.0562,0.0664,0.1296,0.1407,0.0588,0.046,0.0567,0.067,0.1308,0.142,0.0594,0.0465
51.02.05.2007,Denbantas,Tabanan,Tabanan,Bali,2218,7062,0.001,0.0003,0.496,0.5027,0.1153,0.1492,0.2746,0.2952,0.0922,0.0735,0.0001,0.0001,0.0003,0.0003,0.0001,0.0001,0,0,0.0001,0.0001,0,0,0.0572,0.074,0.1362,0.1465,0.0457,0.0365,0.0579,0.075,0.138,0.1484,0.0463,0.0369
51.08.04.2014,Dencarik,Banjar,Buleleng,Bali,1651,5019,0.004,0.005,0.4844,0.5067,0.1317,0.1534,0.2883,0.2907,0.0771,0.0588,0.0005,0.0006,0.0011,0.0012,0.0003,0.0002,0.0007,0.0008,0.0014,0.0014,0.0004,0.0003,0.0638,0.0743,0.1396,0.1408,0.0373,0.0285,0.0667,0.0777,0.1461,0.1473,0.0391,0.0298
51.08.08.2006,Depeha,Kubutambahan,Buleleng,Bali,1965,6500,0.0069,0.0032,0.5031,0.4868,0.1634,0.1869,0.3088,0.2357,0.0605,0.0448,0.0011,0.0013,0.0021,0.0016,0.0004,0.0003,0.0005,0.0006,0.001,0.0008,0.0002,0.0001,0.0822,0.094,0.1553,0.1186,0.0304,0.0225,0.0795,0.091,0.1503,0.1147,0.0294,0.0218
51.07.07.2003,Duda,Selat,Karangasem,Bali,1821,5800,0.004,0.0045,0.4948,0.4967,0.1366,0.1609,0.2726,0.2605,0.0836,0.0859,0.0005,0.0006,0.0011,0.001,0.0003,0.0003,0.0006,0.0007,0.0012,0.0012,0.0004,0.0004,0.0676,0.0796,0.1349,0.1289,0.0414,0.0425,0.0678,0.0799,0.1354,0.1294,0.0415,0.0426
51.07.07.2006,Duda Timur,Selat,Karangasem,Bali,2205,7213,0.0043,0.0029,0.5003,0.4924,0.1379,0.1669,0.2756,0.2561,0.0799,0.0836,0.0006,0.0007,0.0012,0.0011,0.0003,0.0004,0.0004,0.0005,0.0008,0.0007,0.0002,0.0002,0.069,0.0835,0.1379,0.1281,0.04,0.0418,0.0679,0.0822,0.1357,0.1261,0.0393,0.0412
51.07.07.2005,Duda Utara,Selat,Karangasem,Bali,2215,6871,0.0028,0.0022,0.5075,0.4876,0.1339,0.1493,0.2832,0.2751,0.0835,0.075,0.0004,0.0004,0.0008,0.0008,0.0002,0.0002,0.0003,0.0003,0.0006,0.0006,0.0002,0.0002,0.068,0.0758,0.1437,0.1396,0.0424,0.038,0.0653,0.0728,0.1381,0.1341,0.0407,0.0365
51.07.08.2002,Dukuh,Kubu,Karangasem,Bali,1493,5217,0.0017,0,0.5049,0.4934,0.1735,0.1834,0.3165,0.2153,0.0544,0.0569,0.0003,0.0003,0.0005,0.0004,0.0001,0.0001,0,0,0,0,0,0,0.0876,0.0926,0.1598,0.1087,0.0275,0.0287,0.0856,0.0905,0.1561,0.1062,0.0269,0.0281
51.01.04.2004,Ekasari,Melaya,Jembrana,Bali,1319,5190,0.0062,0.0052,0.4973,0.4913,0.1173,0.152,0.2709,0.2896,0.0923,0.0778,0.0007,0.0009,0.0017,0.0018,0.0006,0.0005,0.0006,0.0008,0.0014,0.0015,0.0005,0.0004,0.0584,0.0756,0.1347,0.144,0.0459,0.0387,0.0577,0.0747,0.1331,0.1423,0.0453,0.0382
51.02.02.2002,Gadungan,Selemadeg Timur,Tabanan,Bali,1094,3208,0.0097,0.0044,0.4757,0.5103,0.1097,0.1107,0.2394,0.2905,0.1213,0.1284,0.0011,0.0011,0.0023,0.0028,0.0012,0.0012,0.0005,0.0005,0.001,0.0013,0.0005,0.0006,0.0522,0.0526,0.1139,0.1382,0.0577,0.0611,0.056,0.0565,0.1222,0.1483,0.0619,0.0655
51.02.02.2010,Gadungsari,Selemadeg Timur,Tabanan,Bali,400,1128,0.008,0.0027,0.4743,0.5151,0.0931,0.109,0.2385,0.3138,0.1277,0.1179,0.0007,0.0009,0.0019,0.0025,0.001,0.0009,0.0002,0.0003,0.0006,0.0008,0.0003,0.0003,0.0441,0.0517,0.1131,0.1488,0.0605,0.0559,0.0479,0.0562,0.1228,0.1616,0.0658,0.0607
51.08.07.2002,Galungan,Sawan,Buleleng,Bali,692,2226,0.009,0.0067,0.4964,0.4879,0.1294,0.1716,0.3167,0.2588,0.0642,0.0593,0.0012,0.0015,0.0028,0.0023,0.0006,0.0005,0.0009,0.0012,0.0021,0.0017,0.0004,0.0004,0.0642,0.0852,0.1572,0.1285,0.0319,0.0294,0.0631,0.0837,0.1545,0.1262,0.0313,0.0289
51.07.03.2001,Gegelang,Manggis,Karangasem,Bali,2701,9563,0.0045,0.0026,0.5058,0.4871,0.1438,0.1814,0.3033,0.2402,0.0618,0.0695,0.0006,0.0008,0.0014,0.0011,0.0003,0.0003,0.0004,0.0005,0.0008,0.0006,0.0002,0.0002,0.0727,0.0918,0.1534,0.1215,0.0313,0.0352,0.07,0.0884,0.1477,0.117,0.0301,0.0339
51.05.03.2003,Gelgel,Klungkung,Klungkung,Bali,1313,5181,0.0019,0.0033,0.4876,0.5072,0.1322,0.1436,0.272,0.2818,0.0981,0.0724,0.0003,0.0003,0.0005,0.0005,0.0002,0.0001,0.0004,0.0005,0.0009,0.0009,0.0003,0.0002,0.0645,0.07,0.1326,0.1374,0.0478,0.0353,0.0671,0.0728,0.1379,0.1429,0.0497,0.0367
51.02.07.2015,Geluntung,Marga,Tabanan,Bali,482,1454,0.0069,0.0062,0.4911,0.4959,0.1059,0.1472,0.2297,0.2868,0.1231,0.1073,0.0007,0.001,0.0016,0.002,0.0008,0.0007,0.0007,0.0009,0.0014,0.0018,0.0008,0.0007,0.052,0.0723,0.1128,0.1408,0.0605,0.0527,0.0525,0.073,0.1139,0.1422,0.061,0.0532
51.08.01.2009,Gerokgak,Gerokgak,Buleleng,Bali,2427,7826,0.0041,0.0033,0.5013,0.4913,0.1486,0.1652,0.2924,0.2741,0.0785,0.0413,0.0006,0.0007,0.0012,0.0011,0.0003,0.0002,0.0005,0.0005,0.001,0.0009,0.0003,0.0001,0.0745,0.0828,0.1466,0.1374,0.0393,0.0207,0.073,0.0812,0.1436,0.1347,0.0385,0.0203
51.08.04.2005,Gesing,Banjar,Buleleng,Bali,1398,4001,0.0057,0.0032,0.5089,0.4821,0.1157,0.152,0.2919,0.2722,0.096,0.0722,0.0007,0.0009,0.0017,0.0016,0.0006,0.0004,0.0004,0.0005,0.0009,0.0009,0.0003,0.0002,0.0589,0.0773,0.1486,0.1385,0.0488,0.0368,0.0558,0.0733,0.1407,0.1312,0.0463,0.0348
51.05.02.2006,Getakan,Banjarangkan,Klungkung,Bali,877,3612,0.0083,0.0025,0.5014,0.4878,0.1102,0.1476,0.265,0.3004,0.0927,0.0842,0.0009,0.0012,0.0022,0.0025,0.0008,0.0007,0.0003,0.0004,0.0007,0.0007,0.0002,0.0002,0.0552,0.074,0.1328,0.1506,0.0465,0.0422,0.0538,0.072,0.1292,0.1465,0.0452,0.0411
51.03.04.2005,Getasan,Petang,Badung,Bali,748,2217,0.0198,0.0189,0.4795,0.4817,0.1123,0.1281,0.2661,0.2995,0.1065,0.0875,0.0022,0.0025,0.0053,0.0059,0.0021,0.0017,0.0021,0.0024,0.005,0.0057,0.002,0.0017,0.0539,0.0614,0.1276,0.1436,0.051,0.042,0.0541,0.0617,0.1282,0.1443,0.0513,0.0422
51.04.03.1006,Gianyar,Gianyar,Gianyar,Bali,3985,14951,0.0011,0.0009,0.5027,0.4953,0.1354,0.157,0.3077,0.2675,0.0815,0.0508,0.0001,0.0002,0.0003,0.0003,0.0001,0.0001,0.0001,0.0001,0.0003,0.0003,0.0001,0,0.0681,0.0789,0.1547,0.1345,0.041,0.0256,0.0671,0.0777,0.1524,0.1325,0.0403,0.0252
51.08.07.2014,Giri Emas,Sawan,Buleleng,Bali,931,2981,0.0081,0.0037,0.4884,0.4998,0.1469,0.1681,0.2922,0.2566,0.0859,0.0503,0.0012,0.0014,0.0024,0.0021,0.0007,0.0004,0.0005,0.0006,0.0011,0.0009,0.0003,0.0002,0.0718,0.0821,0.1427,0.1253,0.0419,0.0246,0.0734,0.084,0.146,0.1283,0.0429,0.0252
51.08.05.2004,Gitgit,Sukasada,Buleleng,Bali,1200,3754,0.0072,0.0043,0.4875,0.5011,0.1345,0.1673,0.2845,0.2741,0.0812,0.0583,0.001,0.0012,0.002,0.002,0.0006,0.0004,0.0006,0.0007,0.0012,0.0012,0.0003,0.0002,0.0656,0.0815,0.1387,0.1336,0.0396,0.0284,0.0674,0.0838,0.1426,0.1373,0.0407,0.0292
51.08.04.2007,Gobleg,Banjar,Buleleng,Bali,2209,6963,0.0043,0.0042,0.4971,0.4945,0.1316,0.1619,0.2917,0.2733,0.0873,0.0543,0.0006,0.0007,0.0013,0.0012,0.0004,0.0002,0.0005,0.0007,0.0012,0.0011,0.0004,0.0002,0.0654,0.0805,0.145,0.1358,0.0434,0.027,0.065,0.08,0.1442,0.1351,0.0432,0.0268
51.02.05.2002,Gubug,Tabanan,Tabanan,Bali,1827,5497,0.0035,0.0044,0.4921,0.5001,0.1112,0.1273,0.2792,0.306,0.0962,0.08,0.0004,0.0004,0.001,0.0011,0.0003,0.0003,0.0005,0.0006,0.0012,0.0013,0.0004,0.0003,0.0547,0.0627,0.1374,0.1506,0.0474,0.0394,0.0556,0.0637,0.1396,0.153,0.0481,0.04
51.03.02.2012,Gulingan,Mengwi,Badung,Bali,2255,8615,0.0079,0.0079,0.4996,0.4846,0.1256,0.1436,0.2746,0.2939,0.0946,0.0677,0.001,0.0011,0.0022,0.0023,0.0007,0.0005,0.001,0.0011,0.0022,0.0023,0.0007,0.0005,0.0627,0.0717,0.1372,0.1468,0.0473,0.0338,0.0609,0.0696,0.1331,0.1424,0.0458,0.0328
51.01.03.2006,Gumbrih,Pekutatan,Jembrana,Bali,646,2842,0.0084,0.0032,0.4898,0.4986,0.0989,0.1358,0.2586,0.3001,0.1129,0.0936,0.0008,0.0011,0.0022,0.0025,0.001,0.0008,0.0003,0.0004,0.0008,0.001,0.0004,0.0003,0.0484,0.0665,0.1267,0.147,0.0553,0.0458,0.0493,0.0677,0.1289,0.1496,0.0563,0.0467
51.05.04.2005,Gunaksa,Dawan,Klungkung,Bali,1577,6116,0.0056,0.0039,0.4895,0.501,0.1445,0.1579,0.275,0.2559,0.097,0.0697,0.0008,0.0009,0.0015,0.0014,0.0005,0.0004,0.0006,0.0006,0.0011,0.001,0.0004,0.0003,0.0708,0.0773,0.1346,0.1253,0.0475,0.0341,0.0724,0.0791,0.1378,0.1282,0.0486,0.0349
51.02.02.2001,Gunung Salak,Selemadeg Timur,Tabanan,Bali,608,1690,0.0059,0.0018,0.4822,0.5101,0.0964,0.0976,0.2497,0.3018,0.1414,0.113,0.0006,0.0006,0.0015,0.0018,0.0008,0.0007,0.0002,0.0002,0.0004,0.0005,0.0003,0.0002,0.0465,0.0471,0.1204,0.1455,0.0682,0.0545,0.0492,0.0498,0.1274,0.1539,0.0721,0.0576
51.06.04.2033,Gunungbau,Kintamani,Bangli,Bali,175,648,0,0,0.5278,0.4722,0.1204,0.1667,0.2762,0.2731,0.0926,0.071,0,0,0,0,0,0,0,0,0,0,0,0,0.0635,0.088,0.1458,0.1442,0.0489,0.0375,0.0568,0.0787,0.1304,0.129,0.0437,0.0335
51.08.02.2006,Gunungsari,Seririt,Buleleng,Bali,1152,3546,0.0054,0.0042,0.4961,0.4944,0.1165,0.1627,0.2676,0.2764,0.0928,0.084,0.0006,0.0009,0.0014,0.0015,0.0005,0.0005,0.0005,0.0007,0.0011,0.0012,0.0004,0.0004,0.0578,0.0807,0.1328,0.1371,0.046,0.0417,0.0576,0.0804,0.1323,0.1366,0.0459,0.0415
51.04.01.2003,Guwang,Sukawati,Gianyar,Bali,1452,6535,0.0043,0.0028,0.4888,0.5042,0.1073,0.1342,0.2679,0.3279,0.0944,0.0682,0.0005,0.0006,0.0011,0.0014,0.0004,0.0003,0.0003,0.0004,0.0007,0.0009,0.0003,0.0002,0.0524,0.0656,0.131,0.1603,0.0461,0.0334,0.0541,0.0677,0.1351,0.1653,0.0476,0.0344
51.03.03.2004,Jagapati,Abiansemal,Badung,Bali,1164,4074,0.0096,0.0039,0.4872,0.4993,0.1203,0.1583,0.2749,0.3115,0.0869,0.0481,0.0012,0.0015,0.0026,0.003,0.0008,0.0005,0.0005,0.0006,0.0011,0.0012,0.0003,0.0002,0.0586,0.0771,0.1339,0.1518,0.0423,0.0234,0.06,0.079,0.1373,0.1555,0.0434,0.024
51.08.07.2009,Jagaraga,Sawan,Buleleng,Bali,1350,4105,0.0066,0.0058,0.5004,0.4872,0.1435,0.1737,0.2699,0.2709,0.0736,0.0685,0.0009,0.0011,0.0018,0.0018,0.0005,0.0005,0.0008,0.001,0.0016,0.0016,0.0004,0.0004,0.0718,0.0869,0.1351,0.1355,0.0368,0.0343,0.0699,0.0846,0.1315,0.132,0.0358,0.0334
51.02.08.2013,Jatiluwih,Penebel,Tabanan,Bali,1060,2992,0.0084,0.0064,0.4883,0.497,0.116,0.124,0.2547,0.2978,0.1207,0.0869,0.001,0.001,0.0021,0.0025,0.001,0.0007,0.0007,0.0008,0.0016,0.0019,0.0008,0.0006,0.0566,0.0605,0.1244,0.1454,0.0589,0.0424,0.0576,0.0616,0.1266,0.148,0.06,0.0432
51.02.08.2002,Jegu,Penebel,Tabanan,Bali,1263,3435,0.0087,0.0122,0.4739,0.5051,0.0952,0.1124,0.2285,0.2801,0.1392,0.1447,0.0008,0.001,0.002,0.0024,0.0012,0.0013,0.0012,0.0014,0.0028,0.0034,0.0017,0.0018,0.0451,0.0533,0.1083,0.1327,0.066,0.0686,0.0481,0.0568,0.1154,0.1415,0.0703,0.0731
51.06.03.2001,Jehem,Tembuku,Bangli,Bali,2619,8369,0.0087,0.0059,0.4979,0.4875,0.1194,0.1615,0.2726,0.2821,0.0905,0.074,0.001,0.0014,0.0024,0.0025,0.0008,0.0006,0.0007,0.0009,0.0016,0.0017,0.0005,0.0004,0.0594,0.0804,0.1357,0.1405,0.045,0.0368,0.0582,0.0788,0.1329,0.1375,0.0441,0.0361
51.02.10.2010,Jelijih Punggung,Pupuan,Tabanan,Bali,492,1423,0.0063,0.0049,0.4954,0.4933,0.0921,0.1033,0.272,0.3303,0.1237,0.0787,0.0006,0.0007,0.0017,0.0021,0.0008,0.0005,0.0005,0.0005,0.0013,0.0016,0.0006,0.0004,0.0456,0.0512,0.1347,0.1636,0.0613,0.039,0.0454,0.051,0.1342,0.1629,0.061,0.0388
51.03.05.1006,Jimbaran,Kuta Selatan,Badung,Bali,11959,44935,0.0011,0.0006,0.4951,0.5033,0.1179,0.1662,0.3042,0.3273,0.0552,0.0293,0.0001,0.0002,0.0003,0.0003,0.0001,0,0.0001,0.0001,0.0002,0.0002,0,0,0.0583,0.0823,0.1506,0.162,0.0273,0.0145,0.0593,0.0836,0.1531,0.1647,0.0278,0.0148
51.08.06.2018,Jinangdalem,Buleleng,Buleleng,Bali,1868,5885,0.0044,0.0025,0.5006,0.4924,0.1461,0.1669,0.2919,0.2654,0.0726,0.0571,0.0006,0.0007,0.0013,0.0012,0.0003,0.0003,0.0004,0.0004,0.0007,0.0007,0.0002,0.0001,0.0732,0.0835,0.1461,0.1329,0.0363,0.0286,0.072,0.0822,0.1438,0.1307,0.0357,0.0281
51.08.02.2010,Joanyar,Seririt,Buleleng,Bali,1177,3573,0.0073,0.0064,0.5088,0.4775,0.1394,0.162,0.2869,0.2704,0.0784,0.063,0.001,0.0012,0.0021,0.002,0.0006,0.0005,0.0009,0.001,0.0018,0.0017,0.0005,0.0004,0.0709,0.0825,0.146,0.1376,0.0399,0.032,0.0665,0.0774,0.137,0.1291,0.0374,0.0301
51.08.09.2003,Julah,Tejakula,Buleleng,Bali,1555,4879,0.0012,0.0018,0.512,0.4849,0.1535,0.1863,0.2931,0.2589,0.0545,0.0537,0.0002,0.0002,0.0004,0.0003,0.0001,0.0001,0.0003,0.0003,0.0005,0.0005,0.0001,0.0001,0.0786,0.0954,0.1501,0.1325,0.0279,0.0275,0.0744,0.0903,0.1421,0.1255,0.0264,0.026
51.05.03.2005,Jumpai,Klungkung,Klungkung,Bali,510,2041,0.0029,0.0029,0.4924,0.5017,0.1181,0.148,0.2719,0.3013,0.0911,0.0696,0.0003,0.0004,0.0008,0.0009,0.0003,0.0002,0.0003,0.0004,0.0008,0.0009,0.0003,0.0002,0.0581,0.0729,0.1339,0.1484,0.0449,0.0343,0.0592,0.0742,0.1364,0.1512,0.0457,0.0349
51.07.06.2005,Jungutan,Bebandem,Karangasem,Bali,2700,8405,0.0051,0.0027,0.4993,0.4928,0.1387,0.1429,0.2857,0.2733,0.0817,0.0777,0.0007,0.0007,0.0015,0.0014,0.0004,0.0004,0.0004,0.0004,0.0008,0.0007,0.0002,0.0002,0.0693,0.0714,0.1426,0.1365,0.0408,0.0388,0.0684,0.0704,0.1408,0.1347,0.0403,0.0383
51.05.01.2013,Jungutbatu,Nusa Penida,Klungkung,Bali,935,4059,0.0047,0.003,0.5006,0.4917,0.1229,0.1471,0.257,0.3011,0.0852,0.0867,0.0006,0.0007,0.0012,0.0014,0.0004,0.0004,0.0004,0.0004,0.0008,0.0009,0.0003,0.0003,0.0615,0.0736,0.1286,0.1507,0.0427,0.0434,0.0605,0.0723,0.1264,0.148,0.0419,0.0426
51.02.06.2007,Kaba-kaba,Kediri,Tabanan,Bali,2115,7671,0.0034,0.0016,0.5054,0.4896,0.1318,0.1332,0.2783,0.2838,0.1006,0.0722,0.0004,0.0005,0.0009,0.001,0.0003,0.0002,0.0002,0.0002,0.0004,0.0004,0.0002,0.0001,0.0666,0.0673,0.1407,0.1434,0.0509,0.0365,0.0645,0.0652,0.1363,0.139,0.0493,0.0354
51.01.01.2004,Kaliakah,Negara,Jembrana,Bali,3028,9695,0.0024,0.0018,0.5023,0.4936,0.144,0.1572,0.2828,0.2699,0.0881,0.058,0.0003,0.0004,0.0007,0.0006,0.0002,0.0001,0.0003,0.0003,0.0005,0.0005,0.0002,0.0001,0.0723,0.079,0.1421,0.1356,0.0442,0.0291,0.0711,0.0776,0.1396,0.1332,0.0435,0.0286
51.08.02.2009,Kalianget,Seririt,Buleleng,Bali,1665,4956,0.0081,0.004,0.5036,0.4843,0.1291,0.1542,0.2857,0.2782,0.0874,0.0654,0.001,0.0012,0.0023,0.0022,0.0007,0.0005,0.0005,0.0006,0.0012,0.0011,0.0004,0.0003,0.065,0.0776,0.1439,0.1401,0.044,0.0329,0.0625,0.0747,0.1384,0.1347,0.0423,0.0317
51.08.04.2017,Kaliasem,Banjar,Buleleng,Bali,2512,7895,0.0022,0.0016,0.5064,0.4898,0.1443,0.1657,0.3044,0.2714,0.0697,0.0446,0.0003,0.0004,0.0007,0.0006,0.0002,0.0001,0.0002,0.0003,0.0005,0.0004,0.0001,0.0001,0.0731,0.0839,0.1541,0.1375,0.0353,0.0226,0.0707,0.0811,0.1491,0.133,0.0341,0.0218
51.08.06.2001,Kalibukbuk,Buleleng,Buleleng,Bali,2215,7292,0.0032,0.0018,0.4982,0.4968,0.1382,0.1661,0.3127,0.2778,0.0651,0.04,0.0004,0.0005,0.001,0.0009,0.0002,0.0001,0.0002,0.0003,0.0006,0.0005,0.0001,0.0001,0.0689,0.0827,0.1558,0.1384,0.0325,0.02,0.0687,0.0825,0.1553,0.138,0.0324,0.0199
51.08.02.2020,Kalisada,Seririt,Buleleng,Bali,1074,3214,0.0025,0.0009,0.4966,0.5,0.136,0.1528,0.294,0.2623,0.0996,0.0554,0.0003,0.0004,0.0007,0.0007,0.0002,0.0001,0.0001,0.0001,0.0003,0.0002,0.0001,0.0001,0.0675,0.0759,0.146,0.1302,0.0494,0.0275,0.068,0.0764,0.147,0.1311,0.0498,0.0277
51.08.06.1024,Kaliuntu,Buleleng,Buleleng,Bali,1551,4706,0.0034,0.0015,0.4928,0.5023,0.1196,0.1747,0.2667,0.2792,0.0914,0.0684,0.0004,0.0006,0.0009,0.0009,0.0003,0.0002,0.0002,0.0003,0.0004,0.0004,0.0001,0.0001,0.059,0.0861,0.1314,0.1376,0.045,0.0337,0.0601,0.0877,0.134,0.1403,0.0459,0.0344
51.05.03.2007,Kamasan,Klungkung,Klungkung,Bali,1170,4440,0.0045,0.0025,0.4892,0.5038,0.1169,0.1541,0.2727,0.2908,0.0946,0.0709,0.0005,0.0007,0.0012,0.0013,0.0004,0.0003,0.0003,0.0004,0.0007,0.0007,0.0002,0.0002,0.0572,0.0754,0.1334,0.1422,0.0463,0.0347,0.0589,0.0776,0.1374,0.1465,0.0477,0.0357
51.08.06.1025,Kampung Anyar,Buleleng,Buleleng,Bali,1988,6341,0.0017,0.0016,0.5154,0.4813,0.1462,0.1721,0.2921,0.264,0.0776,0.0481,0.0003,0.0003,0.0005,0.0005,0.0001,0.0001,0.0002,0.0003,0.0005,0.0004,0.0001,0.0001,0.0753,0.0887,0.1505,0.1361,0.04,0.0248,0.0704,0.0828,0.1406,0.1271,0.0373,0.0232
51.08.06.1029,Kampung Baru,Buleleng,Buleleng,Bali,2708,8583,0.0016,0.0015,0.5054,0.4914,0.1393,0.1699,0.2973,0.2599,0.0825,0.051,0.0002,0.0003,0.0005,0.0004,0.0001,0.0001,0.0002,0.0003,0.0005,0.0004,0.0001,0.0001,0.0704,0.0859,0.1503,0.1314,0.0417,0.0258,0.0685,0.0835,0.1461,0.1277,0.0405,0.0251
51.08.06.1026,Kampung Bugis,Buleleng,Buleleng,Bali,1230,3689,0.0043,0.0038,0.4988,0.4931,0.1564,0.1697,0.2928,0.2535,0.0829,0.0447,0.0007,0.0007,0.0013,0.0011,0.0004,0.0002,0.0006,0.0006,0.0011,0.001,0.0003,0.0002,0.078,0.0846,0.146,0.1264,0.0414,0.0223,0.0771,0.0837,0.1444,0.125,0.0409,0.0221
51.05.03.2004,Kampung Gelgel,Klungkung,Klungkung,Bali,386,1247,0,0,0.5028,0.4972,0.1484,0.1812,0.2871,0.2935,0.0666,0.0233,0,0,0,0,0,0,0,0,0,0,0,0,0.0746,0.0911,0.1444,0.1476,0.0335,0.0117,0.0738,0.0901,0.1427,0.1459,0.0331,0.0116
51.08.06.1021,Kampung Kajanan,Buleleng,Buleleng,Bali,1782,5431,0.0026,0.0035,0.4995,0.4944,0.1642,0.1716,0.2883,0.2618,0.0685,0.0455,0.0004,0.0004,0.0007,0.0007,0.0002,0.0001,0.0006,0.0006,0.001,0.0009,0.0002,0.0002,0.082,0.0857,0.144,0.1308,0.0342,0.0227,0.0812,0.0848,0.1426,0.1294,0.0339,0.0225
51.05.04.2007,Kampung Kusamba,Dawan,Klungkung,Bali,262,842,0.0036,0.0048,0.4798,0.5119,0.1805,0.1627,0.2957,0.2743,0.0629,0.0238,0.0006,0.0006,0.0011,0.001,0.0002,0.0001,0.0009,0.0008,0.0014,0.0013,0.0003,0.0001,0.0866,0.0781,0.1419,0.1316,0.0302,0.0114,0.0924,0.0833,0.1514,0.1404,0.0322,0.0122
51.08.06.1010,Kampung Singaraja,Buleleng,Buleleng,Bali,422,1306,0.01,0.0038,0.5015,0.4847,0.1654,0.1922,0.2741,0.2711,0.0513,0.0459,0.0016,0.0019,0.0027,0.0027,0.0005,0.0005,0.0006,0.0007,0.001,0.001,0.0002,0.0002,0.0829,0.0964,0.1375,0.1359,0.0257,0.023,0.0802,0.0932,0.1329,0.1314,0.0249,0.0223
51.05.01.2011,Kampung Toyapakeh,Nusa Penida,Klungkung,Bali,271,844,0.0012,0,0.5059,0.4929,0.1908,0.1635,0.2986,0.2749,0.0521,0.0201,0.0002,0.0002,0.0004,0.0003,0.0001,0,0,0,0,0,0,0,0.0965,0.0827,0.1511,0.1391,0.0264,0.0102,0.094,0.0806,0.1472,0.1355,0.0257,0.0099
51.03.02.1004,Kapal,Mengwi,Badung,Bali,2720,12321,0.0042,0.0051,0.491,0.4996,0.1165,0.1493,0.2774,0.3005,0.0873,0.0689,0.0005,0.0006,0.0012,0.0013,0.0004,0.0003,0.0006,0.0008,0.0014,0.0015,0.0004,0.0004,0.0572,0.0733,0.1362,0.1475,0.0429,0.0338,0.0582,0.0746,0.1386,0.1501,0.0436,0.0344
51.07.04.1004,Karangasem,Karangasem,Karangasem,Bali,6433,20363,0.0037,0.0028,0.4981,0.4955,0.137,0.1692,0.2784,0.274,0.079,0.0624,0.0005,0.0006,0.001,0.001,0.0003,0.0002,0.0004,0.0005,0.0008,0.0008,0.0002,0.0002,0.0682,0.0843,0.1387,0.1365,0.0393,0.0311,0.0679,0.0839,0.138,0.1358,0.0391,0.0309
51.02.10.2013,Karyasari,Pupuan,Tabanan,Bali,654,1969,0.0198,0.0132,0.4728,0.4942,0.1056,0.1061,0.2666,0.3012,0.1214,0.099,0.0021,0.0021,0.0053,0.006,0.0024,0.002,0.0014,0.0014,0.0035,0.004,0.0016,0.0013,0.0499,0.0502,0.1261,0.1424,0.0574,0.0468,0.0522,0.0525,0.1318,0.1488,0.06,0.0489
51.06.04.2011,Katung,Kintamani,Bangli,Bali,488,1697,0,0,0.5109,0.4891,0.1314,0.1344,0.2864,0.287,0.0878,0.0731,0,0,0,0,0,0,0,0,0,0,0,0,0.0671,0.0686,0.1463,0.1466,0.0449,0.0373,0.0643,0.0657,0.1401,0.1404,0.0429,0.0357
51.06.02.1004,Kawan,Bangli,Bangli,Bali,2883,9540,0,0,0.4974,0.5026,0.1175,0.1565,0.2695,0.2777,0.1041,0.0747,0,0,0,0,0,0,0,0,0,0,0,0,0.0584,0.0778,0.134,0.1381,0.0518,0.0372,0.0591,0.0787,0.1355,0.1396,0.0523,0.0376
51.08.05.2015,Kayuputih,Sukasada,Buleleng,Bali,1793,5943,0.003,0.0022,0.4999,0.4949,0.1514,0.1787,0.3037,0.2529,0.0737,0.0395,0.0005,0.0005,0.0009,0.0008,0.0002,0.0001,0.0003,0.0004,0.0007,0.0006,0.0002,0.0001,0.0757,0.0893,0.1518,0.1264,0.0368,0.0198,0.0749,0.0884,0.1503,0.1252,0.0365,0.0196
51.06.02.2007,Kayubihi,Bangli,Bangli,Bali,1480,5659,0.0005,0.0011,0.5075,0.4909,0.1032,0.135,0.2603,0.3211,0.0977,0.0827,0.0001,0.0001,0.0001,0.0002,0.0001,0,0.0001,0.0001,0.0003,0.0003,0.0001,0.0001,0.0524,0.0685,0.1321,0.163,0.0496,0.042,0.0507,0.0663,0.1278,0.1576,0.048,0.0406
51.08.04.2003,Kayuputih,Banjar,Buleleng,Bali,1743,5306,0.0041,0.0011,0.5111,0.4836,0.1148,0.1544,0.2853,0.2725,0.101,0.072,0.0005,0.0006,0.0012,0.0011,0.0004,0.0003,0.0001,0.0002,0.0003,0.0003,0.0001,0.0001,0.0587,0.0789,0.1458,0.1393,0.0516,0.0368,0.0555,0.0746,0.138,0.1318,0.0489,0.0348
51.02.10.2004,Kebon Padangan,Pupuan,Tabanan,Bali,1089,3407,0.0023,0.0032,0.5063,0.4881,0.1033,0.1063,0.2703,0.3088,0.1218,0.0895,0.0002,0.0002,0.0006,0.0007,0.0003,0.0002,0.0003,0.0003,0.0009,0.001,0.0004,0.0003,0.0523,0.0538,0.1369,0.1563,0.0617,0.0453,0.0504,0.0519,0.1319,0.1507,0.0595,0.0437
51.04.05.2004,Kedewatan,Ubud,Gianyar,Bali,1785,6815,0.0016,0.0021,0.5001,0.4963,0.1252,0.1391,0.2754,0.3012,0.0907,0.0684,0.0002,0.0002,0.0004,0.0005,0.0001,0.0001,0.0003,0.0003,0.0006,0.0006,0.0002,0.0001,0.0626,0.0696,0.1377,0.1506,0.0453,0.0342,0.0621,0.069,0.1367,0.1495,0.045,0.0339
51.02.06.2013,Kediri,Kediri,Tabanan,Bali,3286,10599,0.0032,0.0021,0.5019,0.4928,0.1275,0.1339,0.2887,0.3028,0.0906,0.0566,0.0004,0.0004,0.0009,0.001,0.0003,0.0002,0.0003,0.0003,0.0006,0.0006,0.0002,0.0001,0.064,0.0672,0.1449,0.152,0.0455,0.0284,0.0628,0.066,0.1423,0.1492,0.0446,0.0279
51.08.03.2009,Kedis,Busungbiu,Buleleng,Bali,1191,3424,0.005,0.0047,0.5029,0.4874,0.111,0.1475,0.2792,0.2596,0.1075,0.0952,0.0006,0.0007,0.0014,0.0013,0.0005,0.0005,0.0005,0.0007,0.0013,0.0012,0.0005,0.0004,0.0558,0.0742,0.1404,0.1306,0.0541,0.0479,0.0541,0.0719,0.1361,0.1266,0.0524,0.0464
51.04.06.2004,Kedisan,Tegallalang,Gianyar,Bali,1235,5679,0.0041,0.0016,0.4989,0.4955,0.1194,0.122,0.2867,0.2837,0.1013,0.087,0.0005,0.0005,0.0012,0.0011,0.0004,0.0004,0.0002,0.0002,0.0005,0.0004,0.0002,0.0001,0.0596,0.0609,0.143,0.1415,0.0505,0.0434,0.0592,0.0605,0.142,0.1406,0.0502,0.0431
51.06.04.2018,Kedisan,Kintamani,Bangli,Bali,460,1383,0.0058,0.0014,0.4642,0.5286,0.1244,0.1453,0.269,0.2372,0.1041,0.12,0.0007,0.0008,0.0016,0.0014,0.0006,0.0007,0.0002,0.0002,0.0004,0.0003,0.0002,0.0002,0.0577,0.0675,0.1249,0.1101,0.0483,0.0557,0.0657,0.0768,0.1422,0.1254,0.055,0.0634
51.03.01.1003,Kedonganan,Kuta,Badung,Bali,1749,7835,0.0011,0.0003,0.4997,0.4989,0.1316,0.1588,0.3066,0.2865,0.0766,0.0399,0.0002,0.0002,0.0004,0.0003,0.0001,0,0,0,0.0001,0.0001,0,0,0.0658,0.0793,0.1532,0.1432,0.0383,0.02,0.0657,0.0792,0.153,0.143,0.0382,0.0199
51.03.02.2010,Kekeran,Mengwi,Badung,Bali,854,4006,0.008,0.0085,0.5005,0.483,0.1206,0.1253,0.2718,0.2856,0.1203,0.0764,0.001,0.001,0.0022,0.0023,0.001,0.0006,0.001,0.0011,0.0023,0.0024,0.001,0.0006,0.0603,0.0627,0.1361,0.1429,0.0602,0.0382,0.0582,0.0605,0.1313,0.1379,0.0581,0.0369
51.08.03.2010,Kekeran,Busungbiu,Buleleng,Bali,983,2862,0.0098,0.0066,0.4846,0.499,0.1209,0.1412,0.261,0.2701,0.1202,0.0867,0.0012,0.0014,0.0026,0.0026,0.0012,0.0008,0.0008,0.0009,0.0017,0.0018,0.0008,0.0006,0.0586,0.0684,0.1265,0.1309,0.0582,0.042,0.0603,0.0704,0.1302,0.1348,0.06,0.0432
51.02.04.2002,Kelating,Kerambitan,Tabanan,Bali,911,2632,0.0061,0.008,0.5015,0.4844,0.1109,0.1022,0.2603,0.2872,0.1242,0.1151,0.0007,0.0006,0.0016,0.0017,0.0008,0.0007,0.0009,0.0008,0.0021,0.0023,0.001,0.0009,0.0556,0.0513,0.1305,0.1441,0.0623,0.0577,0.0537,0.0495,0.1261,0.1391,0.0602,0.0558
51.04.06.2001,Keliki,Tegallalang,Gianyar,Bali,1086,4904,0.0041,0.0055,0.498,0.4925,0.1158,0.1234,0.2914,0.2977,0.0885,0.0832,0.0005,0.0005,0.0012,0.0012,0.0004,0.0003,0.0006,0.0007,0.0016,0.0016,0.0005,0.0005,0.0577,0.0614,0.1451,0.1483,0.0441,0.0414,0.057,0.0608,0.1435,0.1466,0.0436,0.041
51.04.07.2002,Kelusa,Payangan,Gianyar,Bali,1093,4794,0.0017,0.0008,0.5054,0.4921,0.1247,0.1285,0.2856,0.2829,0.0926,0.0857,0.0002,0.0002,0.0005,0.0005,0.0002,0.0001,0.0001,0.0001,0.0002,0.0002,0.0001,0.0001,0.063,0.0649,0.1443,0.143,0.0468,0.0433,0.0614,0.0632,0.1405,0.1392,0.0456,0.0422
51.04.01.2008,Kemenuh,Sukawati,Gianyar,Bali,2336,10177,0.0056,0.0044,0.4983,0.4917,0.1121,0.1304,0.297,0.3129,0.0846,0.063,0.0006,0.0007,0.0017,0.0018,0.0005,0.0004,0.0005,0.0006,0.0013,0.0014,0.0004,0.0003,0.0559,0.065,0.148,0.1559,0.0422,0.0314,0.0551,0.0641,0.1461,0.1538,0.0416,0.031
51.04.06.2003,Kenderan,Tegallalang,Gianyar,Bali,1222,5482,0.0029,0.0035,0.4949,0.4987,0.1169,0.1312,0.2713,0.2959,0.1053,0.0795,0.0003,0.0004,0.0008,0.0009,0.0003,0.0002,0.0004,0.0005,0.0009,0.001,0.0004,0.0003,0.0579,0.0649,0.1342,0.1464,0.0521,0.0394,0.0583,0.0654,0.1353,0.1476,0.0525,0.0397
51.08.06.1008,Kendran,Buleleng,Buleleng,Bali,970,2917,0.0003,0.0003,0.5111,0.4882,0.1248,0.1618,0.2897,0.2585,0.0984,0.0668,0,0.0001,0.0001,0.0001,0,0,0,0.0001,0.0001,0.0001,0,0,0.0638,0.0827,0.1481,0.1321,0.0503,0.0342,0.0609,0.079,0.1414,0.1262,0.048,0.0326
51.04.02.2003,Keramas,Blahbatuh,Gianyar,Bali,2132,9491,0.0055,0.0035,0.4916,0.4994,0.1231,0.1541,0.2704,0.2997,0.0861,0.0667,0.0007,0.0008,0.0015,0.0016,0.0005,0.0004,0.0004,0.0005,0.0009,0.001,0.0003,0.0002,0.0605,0.0758,0.1329,0.1473,0.0423,0.0328,0.0615,0.077,0.135,0.1497,0.043,0.0333
51.02.04.2006,Kerambitan,Kerambitan,Tabanan,Bali,1104,3275,0.0034,0.0034,0.4885,0.5047,0.1111,0.1209,0.2605,0.2971,0.1099,0.1005,0.0004,0.0004,0.0009,0.001,0.0004,0.0003,0.0004,0.0004,0.0009,0.001,0.0004,0.0003,0.0543,0.0591,0.1272,0.1451,0.0537,0.0491,0.0561,0.061,0.1315,0.15,0.0555,0.0507
51.03.06.1002,Kerobokan,Kuta Utara,Badung,Bali,2650,10894,0.0031,0.0021,0.4882,0.5066,0.1149,0.1434,0.301,0.31,0.0775,0.0532,0.0004,0.0004,0.0009,0.001,0.0002,0.0002,0.0002,0.0003,0.0006,0.0007,0.0002,0.0001,0.0561,0.07,0.1469,0.1513,0.0378,0.026,0.0582,0.0726,0.1525,0.157,0.0392,0.027
51.08.07.2011,Kerobokan,Sawan,Buleleng,Bali,974,3124,0.0045,0.0016,0.501,0.493,0.1357,0.162,0.3076,0.2756,0.073,0.0461,0.0006,0.0007,0.0014,0.0012,0.0003,0.0002,0.0002,0.0003,0.0005,0.0004,0.0001,0.0001,0.068,0.0811,0.1541,0.1381,0.0366,0.0231,0.0669,0.0798,0.1516,0.1359,0.036,0.0227
51.03.06.1003,Kerobokan Kaja,Kuta Utara,Badung,Bali,4820,18971,0.0011,0.0007,0.4976,0.5006,0.1119,0.1467,0.3172,0.3152,0.0726,0.0365,0.0001,0.0002,0.0004,0.0003,0.0001,0,0.0001,0.0001,0.0002,0.0002,0.0001,0,0.0557,0.073,0.1578,0.1569,0.0361,0.0182,0.056,0.0734,0.1588,0.1578,0.0363,0.0183
51.03.06.1001,Kerobokan Kelod,Kuta Utara,Badung,Bali,2748,11304,0.0021,0.001,0.4797,0.5172,0.1211,0.1364,0.3033,0.297,0.087,0.0553,0.0003,0.0003,0.0006,0.0006,0.0002,0.0001,0.0001,0.0001,0.0003,0.0003,0.0001,0.0001,0.0581,0.0654,0.1455,0.1425,0.0417,0.0265,0.0626,0.0705,0.1568,0.1536,0.045,0.0286
51.04.07.2006,Kerta,Payangan,Gianyar,Bali,1241,5685,0.0026,0.0009,0.5048,0.4916,0.1133,0.1303,0.2858,0.301,0.0955,0.0741,0.0003,0.0003,0.0008,0.0008,0.0003,0.0002,0.0001,0.0001,0.0003,0.0003,0.0001,0.0001,0.0572,0.0658,0.1443,0.1519,0.0482,0.0374,0.0557,0.0641,0.1405,0.148,0.047,0.0364
51.07.02.2008,Kertha Buana,Sidemen,Karangasem,Bali,935,2934,0,0,0.5157,0.4843,0.1292,0.1578,0.287,0.2774,0.0825,0.0661,0,0,0,0,0,0,0,0,0,0,0,0,0.0666,0.0814,0.148,0.1431,0.0425,0.0341,0.0626,0.0764,0.139,0.1344,0.0399,0.032
51.07.05.2010,Kertha Mandala,Abang,Karangasem,Bali,1568,5048,0,0,0.5113,0.4887,0.1456,0.163,0.2916,0.273,0.0719,0.0549,0,0,0,0,0,0,0,0,0,0,0,0,0.0744,0.0834,0.1491,0.1396,0.0368,0.0281,0.0712,0.0797,0.1425,0.1334,0.0351,0.0268
51.71.02.1003,Kesiman,Denpasar Timur,Kota Denpasar,Bali,3727,13851,0.0017,0.0013,0.4979,0.499,0.124,0.1573,0.2956,0.2982,0.08,0.0448,0.0002,0.0003,0.0005,0.0005,0.0001,0.0001,0.0002,0.0002,0.0004,0.0004,0.0001,0.0001,0.0618,0.0783,0.1472,0.1485,0.0398,0.0223,0.0619,0.0785,0.1475,0.1488,0.0399,0.0223
51.71.02.2005,Kesiman Kertalangu,Denpasar Timur,Kota Denpasar,Bali,5276,19977,0.0014,0.0015,0.496,0.5012,0.1314,0.169,0.2946,0.2927,0.0727,0.0396,0.0002,0.0002,0.0004,0.0004,0.0001,0.0001,0.0002,0.0002,0.0004,0.0004,0.0001,0.0001,0.0652,0.0838,0.1461,0.1452,0.036,0.0196,0.0659,0.0847,0.1477,0.1467,0.0364,0.0198
51.71.02.2004,Kesiman Petilan,Denpasar Timur,Kota Denpasar,Bali,2879,10940,0.0036,0.0031,0.497,0.4963,0.1213,0.153,0.2943,0.2973,0.0825,0.0515,0.0004,0.0005,0.001,0.0011,0.0003,0.0002,0.0004,0.0005,0.0009,0.0009,0.0003,0.0002,0.0603,0.076,0.1463,0.1478,0.041,0.0256,0.0602,0.0759,0.1461,0.1476,0.041,0.0255
51.07.05.2013,Kesimpar,Abang,Karangasem,Bali,830,2607,0.0058,0.0038,0.5094,0.481,0.1323,0.1657,0.3015,0.2528,0.0898,0.0579,0.0008,0.001,0.0017,0.0015,0.0005,0.0003,0.0005,0.0006,0.0012,0.001,0.0003,0.0002,0.0674,0.0844,0.1536,0.1288,0.0457,0.0295,0.0637,0.0797,0.145,0.1216,0.0432,0.0279
51.02.04.2014,Kesiut,Kerambitan,Tabanan,Bali,755,2200,0.0059,0.005,0.4914,0.4977,0.0986,0.1123,0.2418,0.29,0.1332,0.1241,0.0006,0.0007,0.0014,0.0017,0.0008,0.0007,0.0005,0.0006,0.0012,0.0015,0.0007,0.0006,0.0485,0.0552,0.1188,0.1425,0.0654,0.061,0.0491,0.0559,0.1204,0.1443,0.0663,0.0618
51.04.01.2002,Ketewel,Sukawati,Gianyar,Bali,2539,11519,0.0031,0.0021,0.4916,0.5032,0.116,0.1374,0.2799,0.3096,0.1017,0.0554,0.0004,0.0004,0.0009,0.001,0.0003,0.0002,0.0002,0.0003,0.0006,0.0006,0.0002,0.0001,0.057,0.0676,0.1376,0.1522,0.05,0.0272,0.0584,0.0691,0.1408,0.1558,0.0512,0.0279
51.06.04.2029,Kintamani,Kintamani,Bangli,Bali,1874,7187,0.0056,0.0047,0.5106,0.4791,0.1361,0.1693,0.3001,0.274,0.0704,0.0501,0.0008,0.0009,0.0017,0.0015,0.0004,0.0003,0.0006,0.0008,0.0014,0.0013,0.0003,0.0002,0.0695,0.0865,0.1533,0.1399,0.036,0.0256,0.0652,0.0811,0.1438,0.1312,0.0337,0.024
51.05.01.2003,Klumpu,Nusa Penida,Klungkung,Bali,1354,5207,0.0036,0.0008,0.5041,0.4915,0.1492,0.1423,0.3169,0.2585,0.0678,0.0653,0.0005,0.0005,0.0012,0.0009,0.0002,0.0002,0.0001,0.0001,0.0002,0.0002,0.0001,0.0001,0.0752,0.0717,0.1597,0.1303,0.0342,0.0329,0.0733,0.0699,0.1557,0.127,0.0333,0.0321
51.06.02.1006,Kubu,Bangli,Bangli,Bali,1352,4587,0.0052,0.005,0.4934,0.4964,0.1325,0.1591,0.2636,0.2915,0.0833,0.07,0.0007,0.0008,0.0014,0.0015,0.0004,0.0004,0.0007,0.0008,0.0013,0.0015,0.0004,0.0004,0.0654,0.0785,0.13,0.1438,0.0411,0.0345,0.0658,0.079,0.1308,0.1447,0.0413,0.0347
51.07.08.2003,Kubu,Kubu,Karangasem,Bali,1500,4927,0.0022,0.0043,0.4948,0.4987,0.1419,0.1879,0.2823,0.2549,0.0629,0.07,0.0003,0.0004,0.0006,0.0006,0.0001,0.0002,0.0006,0.0008,0.0012,0.0011,0.0003,0.0003,0.0702,0.093,0.1397,0.1261,0.0311,0.0346,0.0707,0.0937,0.1408,0.1271,0.0314,0.0349
51.08.08.2011,Kubutambahan,Kubutambahan,Buleleng,Bali,4707,15606,0.0041,0.0024,0.5124,0.481,0.1633,0.1738,0.3124,0.2427,0.065,0.0428,0.0007,0.0007,0.0013,0.001,0.0003,0.0002,0.0004,0.0004,0.0008,0.0006,0.0002,0.0001,0.0837,0.089,0.1601,0.1243,0.0333,0.0219,0.0786,0.0836,0.1503,0.1167,0.0313,0.0206
51.02.04.2009,Kukuh,Kerambitan,Tabanan,Bali,831,2454,0.0045,0.0049,0.4992,0.4914,0.13,0.1002,0.2706,0.2681,0.1218,0.1092,0.0006,0.0004,0.0012,0.0012,0.0005,0.0005,0.0006,0.0005,0.0013,0.0013,0.0006,0.0005,0.0649,0.05,0.1351,0.1338,0.0608,0.0545,0.0639,0.0493,0.133,0.1318,0.0599,0.0537
51.02.07.2001,Kukuh,Marga,Tabanan,Bali,1902,5846,0.0056,0.0039,0.4921,0.4983,0.1146,0.1233,0.2564,0.3091,0.1096,0.0869,0.0006,0.0007,0.0014,0.0017,0.0006,0.0005,0.0005,0.0005,0.001,0.0012,0.0004,0.0003,0.0564,0.0607,0.1262,0.1521,0.054,0.0428,0.0571,0.0615,0.1278,0.154,0.0546,0.0433
51.05.04.2006,Kusamba,Dawan,Klungkung,Bali,2050,7563,0.0029,0.0037,0.4956,0.4978,0.129,0.1592,0.2708,0.2929,0.0961,0.052,0.0004,0.0005,0.0008,0.0009,0.0003,0.0002,0.0005,0.0006,0.001,0.0011,0.0004,0.0002,0.064,0.0789,0.1342,0.1451,0.0476,0.0258,0.0642,0.0793,0.1348,0.1458,0.0479,0.0259
51.03.01.1002,Kuta,Kuta,Badung,Bali,4596,18643,0.0021,0.0013,0.496,0.5007,0.1262,0.1559,0.3009,0.2906,0.0812,0.0453,0.0003,0.0003,0.0006,0.0006,0.0002,0.0001,0.0002,0.0002,0.0004,0.0004,0.0001,0.0001,0.0626,0.0773,0.1492,0.1441,0.0403,0.0225,0.0632,0.0781,0.1506,0.1455,0.0407,0.0227
51.05.01.2009,Kutampi,Nusa Penida,Klungkung,Bali,1146,3772,0.0013,0.0019,0.5034,0.4934,0.1302,0.1466,0.303,0.2511,0.0893,0.0798,0.0002,0.0002,0.0004,0.0003,0.0001,0.0001,0.0002,0.0003,0.0006,0.0005,0.0002,0.0001,0.0655,0.0738,0.1526,0.1264,0.045,0.0402,0.0642,0.0723,0.1495,0.1239,0.0441,0.0394
51.05.01.2015,Kutampi Kaler,Nusa Penida,Klungkung,Bali,1064,3781,0.0032,0.0019,0.494,0.5009,0.1436,0.1579,0.3063,0.2576,0.0719,0.0627,0.0005,0.0005,0.001,0.0008,0.0002,0.0002,0.0003,0.0003,0.0006,0.0005,0.0001,0.0001,0.071,0.078,0.1513,0.1273,0.0355,0.031,0.0719,0.0791,0.1534,0.129,0.036,0.0314
51.03.05.2003,Kutuh,Kuta Selatan,Badung,Bali,1398,5718,0.0047,0.003,0.4939,0.4984,0.1373,0.1473,0.3038,0.3083,0.0621,0.0413,0.0006,0.0007,0.0014,0.0015,0.0003,0.0002,0.0004,0.0004,0.0009,0.0009,0.0002,0.0001,0.0678,0.0727,0.15,0.1523,0.0307,0.0204,0.0684,0.0734,0.1514,0.1537,0.0309,0.0206
51.06.04.2044,Kutuh,Kintamani,Bangli,Bali,517,1577,0.0019,0.0051,0.5124,0.4807,0.1363,0.1737,0.3101,0.2587,0.0666,0.0545,0.0003,0.0003,0.0006,0.0005,0.0001,0.0001,0.0007,0.0009,0.0016,0.0013,0.0003,0.0003,0.0699,0.089,0.1589,0.1326,0.0341,0.0279,0.0655,0.0835,0.149,0.1244,0.032,0.0262
51.02.07.2006,Kuwum,Marga,Tabanan,Bali,999,3091,0.0078,0.0045,0.4963,0.4914,0.1187,0.1216,0.2815,0.3064,0.1038,0.0679,0.0009,0.0009,0.0022,0.0024,0.0008,0.0005,0.0005,0.0006,0.0013,0.0014,0.0005,0.0003,0.0589,0.0604,0.1397,0.152,0.0515,0.0337,0.0583,0.0598,0.1383,0.1506,0.051,0.0334
51.03.02.2020,Kuwun,Mengwi,Badung,Bali,786,3125,0.0045,0.0022,0.4925,0.5008,0.1091,0.144,0.2541,0.2899,0.1085,0.0944,0.0005,0.0006,0.0011,0.0013,0.0005,0.0004,0.0002,0.0003,0.0006,0.0006,0.0002,0.0002,0.0537,0.0709,0.1251,0.1428,0.0534,0.0465,0.0546,0.0721,0.1272,0.1452,0.0543,0.0473
51.07.05.2011,Laba Sari,Abang,Karangasem,Bali,1179,3900,0.0028,0.0026,0.5067,0.4879,0.16,0.17,0.3064,0.2477,0.0674,0.0485,0.0005,0.0005,0.0009,0.0007,0.0002,0.0001,0.0004,0.0004,0.0008,0.0006,0.0002,0.0001,0.0811,0.0861,0.1552,0.1255,0.0342,0.0246,0.0781,0.083,0.1495,0.1209,0.0329,0.0236
51.07.02.2009,Lokasari,Sidemen,Karangasem,Bali,882,2779,0.0097,0.0065,0.4901,0.4937,0.1346,0.1616,0.2882,0.2663,0.0806,0.0687,0.0013,0.0016,0.0028,0.0026,0.0008,0.0007,0.0009,0.001,0.0019,0.0017,0.0005,0.0004,0.066,0.0792,0.1413,0.1305,0.0395,0.0337,0.0664,0.0798,0.1423,0.1315,0.0398,0.0339
51.02.03.2003,Lalanglinggah,Selemadeg Barat,Tabanan,Bali,1288,3931,0.0036,0.0023,0.4927,0.5014,0.1102,0.115,0.2679,0.3017,0.1102,0.0951,0.0004,0.0004,0.001,0.0011,0.0004,0.0003,0.0003,0.0003,0.0006,0.0007,0.0003,0.0002,0.0543,0.0567,0.132,0.1487,0.0543,0.0469,0.0552,0.0577,0.1343,0.1513,0.0552,0.0477
51.06.02.2009,Landih,Bangli,Bangli,Bali,1200,4265,0.0014,0.0005,0.4994,0.4987,0.1156,0.155,0.2715,0.3006,0.0814,0.076,0.0002,0.0002,0.0004,0.0004,0.0001,0.0001,0.0001,0.0001,0.0001,0.0001,0,0,0.0577,0.0774,0.1356,0.1501,0.0406,0.0379,0.0576,0.0773,0.1354,0.1499,0.0406,0.0379
51.06.04.2005,Langgahan,Kintamani,Bangli,Bali,402,1230,0,0,0.4992,0.5008,0.1317,0.1496,0.2829,0.2797,0.087,0.0691,0,0,0,0,0,0,0,0,0,0,0,0,0.0657,0.0747,0.1412,0.1396,0.0434,0.0345,0.066,0.0749,0.1417,0.1401,0.0436,0.0346
51.04.03.2004,Lebih,Gianyar,Gianyar,Bali,1667,7631,0.0029,0.0024,0.5012,0.4935,0.12,0.1515,0.2886,0.2966,0.0885,0.0549,0.0003,0.0004,0.0008,0.0009,0.0003,0.0002,0.0003,0.0004,0.0007,0.0007,0.0002,0.0001,0.0602,0.0759,0.1446,0.1486,0.0443,0.0275,0.0592,0.0748,0.1424,0.1464,0.0437,0.0271
51.03.01.1004,Legian,Kuta,Badung,Bali,1137,4735,0.0004,0.0004,0.494,0.5052,0.1195,0.1495,0.2925,0.3018,0.0809,0.0558,0.0001,0.0001,0.0001,0.0001,0,0,0.0001,0.0001,0.0001,0.0001,0,0,0.059,0.0739,0.1445,0.1491,0.04,0.0275,0.0604,0.0755,0.1478,0.1525,0.0409,0.0282
51.01.01.1013,Lelateng,Negara,Jembrana,Bali,3364,10998,0.003,0.0027,0.4967,0.4975,0.1426,0.1644,0.2886,0.2802,0.0777,0.0466,0.0004,0.0005,0.0009,0.0008,0.0002,0.0001,0.0004,0.0004,0.0008,0.0008,0.0002,0.0001,0.0708,0.0817,0.1434,0.1392,0.0386,0.0231,0.0709,0.0818,0.1436,0.1394,0.0386,0.0232
51.06.04.2006,Lembean,Kintamani,Bangli,Bali,244,750,0,0,0.5107,0.4893,0.108,0.1267,0.3013,0.3227,0.0773,0.064,0,0,0,0,0,0,0,0,0,0,0,0,0.0552,0.0647,0.1539,0.1648,0.0395,0.0327,0.0528,0.062,0.1475,0.1579,0.0378,0.0313
51.05.01.2012,Lembongan,Nusa Penida,Klungkung,Bali,1195,5367,0.0022,0.0013,0.4938,0.5027,0.1379,0.1455,0.2713,0.2838,0.0907,0.0708,0.0003,0.0003,0.0006,0.0006,0.0002,0.0002,0.0002,0.0002,0.0004,0.0004,0.0001,0.0001,0.0681,0.0719,0.134,0.1401,0.0448,0.035,0.0693,0.0732,0.1364,0.1427,0.0456,0.0356
51.08.07.2001,Lemukih,Sawan,Buleleng,Bali,1421,4479,0.0051,0.0038,0.5039,0.4872,0.1456,0.1757,0.2889,0.2568,0.0717,0.0614,0.0007,0.0009,0.0015,0.0013,0.0004,0.0003,0.0006,0.0007,0.0011,0.001,0.0003,0.0002,0.0734,0.0885,0.1456,0.1294,0.0361,0.0309,0.0709,0.0856,0.1407,0.1251,0.0349,0.0299
51.08.09.2007,Les,Tejakula,Buleleng,Bali,2732,8443,0.0057,0.0033,0.5038,0.4871,0.155,0.1572,0.3079,0.2524,0.082,0.0455,0.0009,0.0009,0.0018,0.0014,0.0005,0.0003,0.0005,0.0005,0.001,0.0008,0.0003,0.0002,0.0781,0.0792,0.1552,0.1272,0.0413,0.0229,0.0755,0.0766,0.15,0.123,0.0399,0.0222
51.08.06.1011,Liligundi,Buleleng,Buleleng,Bali,589,1800,0.0061,0.0056,0.4861,0.5022,0.1267,0.1544,0.2883,0.2722,0.095,0.0633,0.0008,0.0009,0.0018,0.0017,0.0006,0.0004,0.0007,0.0009,0.0016,0.0015,0.0005,0.0004,0.0616,0.0751,0.1402,0.1323,0.0462,0.0308,0.0636,0.0776,0.1448,0.1367,0.0477,0.0318
51.04.05.2001,Lodtunduh,Ubud,Gianyar,Bali,1789,7968,0.004,0.003,0.4893,0.5036,0.1141,0.1416,0.2835,0.3066,0.0931,0.0611,0.0005,0.0006,0.0011,0.0012,0.0004,0.0002,0.0003,0.0004,0.0009,0.0009,0.0003,0.0002,0.0558,0.0693,0.1387,0.15,0.0456,0.0299,0.0575,0.0713,0.1428,0.1544,0.0469,0.0308
51.08.02.2017,Lokapaksa,Seririt,Buleleng,Bali,3914,12820,0.0066,0.0057,0.5017,0.486,0.1565,0.1817,0.304,0.2522,0.0586,0.0471,0.001,0.0012,0.002,0.0017,0.0004,0.0003,0.0009,0.001,0.0017,0.0014,0.0003,0.0003,0.0785,0.0911,0.1525,0.1265,0.0294,0.0236,0.0761,0.0883,0.1477,0.1226,0.0285,0.0229
51.01.01.1014,Loloan Barat,Negara,Jembrana,Bali,1600,5033,0.0032,0.0022,0.5049,0.4898,0.1572,0.1854,0.2706,0.2875,0.0654,0.034,0.0005,0.0006,0.0009,0.0009,0.0002,0.0001,0.0003,0.0004,0.0006,0.0006,0.0001,0.0001,0.0793,0.0936,0.1366,0.1452,0.033,0.0172,0.077,0.0908,0.1325,0.1408,0.032,0.0166
51.01.05.1003,Loloan Timur,Jembrana,Jembrana,Bali,2499,8208,0.0032,0.0019,0.4952,0.4996,0.1505,0.1711,0.2858,0.2809,0.073,0.0387,0.0005,0.0005,0.0009,0.0009,0.0002,0.0001,0.0003,0.0003,0.0006,0.0005,0.0001,0.0001,0.0745,0.0847,0.1416,0.1391,0.0361,0.0192,0.0752,0.0855,0.1428,0.1404,0.0365,0.0194
51.03.02.1016,Lukluk,Mengwi,Badung,Bali,2050,8333,0.0025,0.0016,0.4933,0.5026,0.1218,0.1289,0.3013,0.295,0.0956,0.0574,0.0003,0.0003,0.0008,0.0007,0.0002,0.0001,0.0002,0.0002,0.0005,0.0005,0.0001,0.0001,0.0601,0.0636,0.1487,0.1455,0.0472,0.0283,0.0612,0.0648,0.1514,0.1482,0.0481,0.0288
51.02.03.2005,Lumbung,Selemadeg Barat,Tabanan,Bali,649,1810,0.0044,0.0022,0.4945,0.4989,0.0945,0.1122,0.242,0.316,0.1221,0.1133,0.0004,0.0005,0.0011,0.0014,0.0005,0.0005,0.0002,0.0002,0.0005,0.0007,0.0003,0.0003,0.0467,0.0555,0.1197,0.1563,0.0604,0.056,0.0471,0.056,0.1207,0.1577,0.0609,0.0565
51.02.03.2006,Lumbung Kauh,Selemadeg Barat,Tabanan,Bali,414,1183,0.0051,0.0042,0.4861,0.5046,0.1023,0.1048,0.2553,0.3068,0.1074,0.1234,0.0005,0.0005,0.0013,0.0016,0.0005,0.0006,0.0004,0.0004,0.0011,0.0013,0.0005,0.0005,0.0497,0.0509,0.1241,0.1491,0.0522,0.06,0.0516,0.0529,0.1288,0.1549,0.0542,0.0623
51.02.09.2002,Luwus,Baturiti,Tabanan,Bali,1492,4568,0.0037,0.0031,0.4877,0.5055,0.106,0.1289,0.2518,0.2848,0.1261,0.1025,0.0004,0.0005,0.0009,0.0011,0.0005,0.0004,0.0003,0.0004,0.0008,0.0009,0.0004,0.0003,0.0517,0.0629,0.1228,0.1389,0.0615,0.05,0.0536,0.0652,0.1273,0.144,0.0637,0.0518
51.07.06.2008,Macang,Bebandem,Karangasem,Bali,503,1611,0.0037,0.0074,0.4836,0.5053,0.1453,0.1409,0.2657,0.2775,0.0962,0.0745,0.0005,0.0005,0.001,0.001,0.0004,0.0003,0.0011,0.001,0.002,0.0021,0.0007,0.0006,0.0702,0.0681,0.1285,0.1342,0.0465,0.036,0.0734,0.0712,0.1342,0.1402,0.0486,0.0376
51.08.09.2004,Madenan,Tejakula,Buleleng,Bali,1742,5584,0.0047,0.0036,0.5158,0.476,0.1415,0.1653,0.3053,0.2561,0.0815,0.0503,0.0007,0.0008,0.0014,0.0012,0.0004,0.0002,0.0005,0.0006,0.0011,0.0009,0.0003,0.0002,0.073,0.0853,0.1575,0.1321,0.042,0.026,0.0673,0.0787,0.1453,0.1219,0.0388,0.024
51.03.03.2007,Mambal,Abiansemal,Badung,Bali,1698,5611,0.0052,0.0053,0.4874,0.502,0.1196,0.1415,0.2623,0.2894,0.1032,0.0839,0.0006,0.0007,0.0014,0.0015,0.0005,0.0004,0.0006,0.0008,0.0014,0.0015,0.0006,0.0004,0.0583,0.069,0.1279,0.1411,0.0503,0.0409,0.06,0.071,0.1317,0.1453,0.0518,0.0421
51.02.02.2004,Mambang,Selemadeg Timur,Tabanan,Bali,1129,3438,0.0023,0.0003,0.4933,0.5041,0.1041,0.1222,0.2551,0.299,0.1079,0.1117,0.0002,0.0003,0.0006,0.0007,0.0003,0.0003,0,0,0.0001,0.0001,0,0,0.0514,0.0603,0.1258,0.1475,0.0532,0.0551,0.0525,0.0616,0.1286,0.1507,0.0544,0.0563
51.05.03.2015,Manduang,Klungkung,Klungkung,Bali,627,1985,0.0071,0.005,0.4967,0.4912,0.1234,0.131,0.2599,0.3033,0.0992,0.0831,0.0009,0.0009,0.0018,0.0021,0.0007,0.0006,0.0006,0.0007,0.0013,0.0015,0.0005,0.0004,0.0613,0.0651,0.1291,0.1506,0.0493,0.0413,0.0606,0.0643,0.1277,0.149,0.0487,0.0408
51.07.03.2004,Manggis,Manggis,Karangasem,Bali,2209,7161,0,0,0.5065,0.4935,0.1314,0.1549,0.2875,0.2627,0.088,0.0755,0,0,0,0,0,0,0,0,0,0,0,0,0.0666,0.0784,0.1456,0.133,0.0446,0.0383,0.0648,0.0764,0.1419,0.1296,0.0434,0.0373
51.01.03.2007,Manggissari,Pekutatan,Jembrana,Bali,588,2356,0.003,0.0038,0.4958,0.4975,0.1337,0.1609,0.2797,0.2661,0.0972,0.0624,0.0004,0.0005,0.0008,0.0008,0.0003,0.0002,0.0005,0.0006,0.0011,0.001,0.0004,0.0002,0.0663,0.0798,0.1387,0.1319,0.0482,0.0309,0.0665,0.08,0.1391,0.1324,0.0484,0.031
51.06.04.2009,Mangguh,Kintamani,Bangli,Bali,168,768,0,0.0039,0.5039,0.4922,0.1159,0.1602,0.2943,0.2734,0.1094,0.0469,0,0,0,0,0,0,0.0005,0.0006,0.0011,0.0011,0.0004,0.0002,0.0584,0.0807,0.1483,0.1378,0.0551,0.0236,0.057,0.0788,0.1448,0.1346,0.0538,0.0231
51.06.04.2007,Manikliyu,Kintamani,Bangli,Bali,566,1762,0.0023,0.0023,0.4966,0.4989,0.1407,0.1328,0.2991,0.2889,0.0919,0.0465,0.0003,0.0003,0.0007,0.0007,0.0002,0.0001,0.0003,0.0003,0.0007,0.0007,0.0002,0.0001,0.0699,0.0659,0.1485,0.1435,0.0457,0.0231,0.0702,0.0663,0.1492,0.1441,0.0459,0.0232
51.02.01.2009,Manikyang,Selemadeg,Tabanan,Bali,355,1061,0.0047,0.0066,0.4863,0.5024,0.1027,0.1197,0.2601,0.2997,0.1084,0.1093,0.0005,0.0006,0.0012,0.0014,0.0005,0.0005,0.0007,0.0008,0.0017,0.002,0.0007,0.0007,0.05,0.0582,0.1265,0.1458,0.0527,0.0532,0.0516,0.0601,0.1307,0.1506,0.0544,0.0549
51.01.04.2010,Manistutu,Melaya,Jembrana,Bali,2685,9087,0.0017,0.0014,0.5007,0.4962,0.1488,0.1593,0.2918,0.2651,0.0851,0.0499,0.0002,0.0003,0.0005,0.0004,0.0001,0.0001,0.0002,0.0002,0.0004,0.0004,0.0001,0.0001,0.0745,0.0798,0.1461,0.1327,0.0426,0.025,0.0738,0.0791,0.1448,0.1315,0.0422,0.0247
51.04.04.2004,Manukaya,Tampaksiring,Gianyar,Bali,3292,12442,0.0059,0.0032,0.5104,0.4805,0.1182,0.1517,0.2828,0.2959,0.0774,0.074,0.0007,0.0009,0.0017,0.0017,0.0005,0.0004,0.0004,0.0005,0.0009,0.001,0.0002,0.0002,0.0603,0.0774,0.1443,0.151,0.0395,0.0378,0.0568,0.0729,0.1359,0.1422,0.0372,0.0356
51.02.07.2008,Marga,Marga,Tabanan,Bali,1061,3236,0.0074,0.0043,0.4907,0.4975,0.1174,0.1258,0.258,0.2815,0.1323,0.085,0.0009,0.0009,0.0019,0.0021,0.001,0.0006,0.0005,0.0005,0.0011,0.0012,0.0006,0.0004,0.0576,0.0617,0.1266,0.1382,0.0649,0.0417,0.0584,0.0626,0.1284,0.1401,0.0658,0.0423
51.02.07.2013,Marga Dajan Puri,Marga,Tabanan,Bali,702,2031,0.0044,0.0054,0.5027,0.4874,0.1004,0.129,0.2747,0.2895,0.1177,0.0886,0.0004,0.0006,0.0012,0.0013,0.0005,0.0004,0.0005,0.0007,0.0015,0.0016,0.0006,0.0005,0.0505,0.0648,0.1381,0.1455,0.0592,0.0446,0.049,0.0629,0.1339,0.1411,0.0574,0.0432
51.02.07.2014,Marga Dauh Puri,Marga,Tabanan,Bali,704,2101,0.0029,0.0019,0.4845,0.5107,0.1066,0.1395,0.247,0.2999,0.1057,0.1014,0.0003,0.0004,0.0007,0.0009,0.0003,0.0003,0.0002,0.0003,0.0005,0.0006,0.0002,0.0002,0.0517,0.0676,0.1197,0.1453,0.0512,0.0491,0.0544,0.0712,0.1262,0.1531,0.054,0.0518
51.04.05.2002,Mas,Ubud,Gianyar,Bali,2908,12628,0.0025,0.001,0.5008,0.4958,0.1136,0.1353,0.2868,0.3136,0.091,0.0598,0.0003,0.0003,0.0007,0.0008,0.0002,0.0001,0.0001,0.0001,0.0003,0.0003,0.0001,0.0001,0.0569,0.0677,0.1436,0.157,0.0456,0.0299,0.0563,0.0671,0.1422,0.1555,0.0451,0.0296
51.08.02.2005,Mayong,Seririt,Buleleng,Bali,1533,4576,0.0055,0.0026,0.5105,0.4814,0.1233,0.1497,0.2756,0.2819,0.0981,0.0715,0.0007,0.0008,0.0015,0.0015,0.0005,0.0004,0.0003,0.0004,0.0007,0.0007,0.0003,0.0002,0.0629,0.0764,0.1407,0.1439,0.0501,0.0365,0.0593,0.0721,0.1327,0.1357,0.0472,0.0344
51.04.02.2008,Medahan,Blahbatuh,Gianyar,Bali,1385,6038,0.0061,0.0031,0.4959,0.4949,0.1229,0.1481,0.2827,0.2978,0.0861,0.0624,0.0008,0.0009,0.0017,0.0018,0.0005,0.0004,0.0004,0.0005,0.0009,0.0009,0.0003,0.0002,0.0609,0.0734,0.1402,0.1477,0.0427,0.031,0.0608,0.0733,0.1399,0.1474,0.0426,0.0309
51.01.03.2001,Medewi,Pekutatan,Jembrana,Bali,1693,5686,0.0018,0.0016,0.506,0.4907,0.1525,0.168,0.2823,0.2687,0.0793,0.0492,0.0003,0.0003,0.0005,0.0005,0.0001,0.0001,0.0002,0.0003,0.0004,0.0004,0.0001,0.0001,0.0772,0.085,0.1428,0.136,0.0401,0.0249,0.0748,0.0824,0.1385,0.1319,0.0389,0.0242
51.02.02.2005,Megati,Selemadeg Timur,Tabanan,Bali,985,2986,0.009,0.0084,0.4903,0.4923,0.1122,0.1125,0.2629,0.2991,0.1179,0.0954,0.001,0.001,0.0024,0.0027,0.0011,0.0009,0.0009,0.0009,0.0022,0.0025,0.001,0.0008,0.055,0.0552,0.1289,0.1466,0.0578,0.0468,0.0552,0.0554,0.1294,0.1472,0.058,0.047
51.03.03.2015,Mekar Bhuwana,Abiansemal,Badung,Bali,1536,5304,0.006,0.0036,0.4898,0.5006,0.1218,0.1471,0.273,0.2917,0.096,0.0705,0.0007,0.0009,0.0016,0.0018,0.0006,0.0004,0.0004,0.0005,0.001,0.001,0.0003,0.0003,0.0597,0.072,0.1337,0.1429,0.047,0.0345,0.061,0.0736,0.1367,0.146,0.048,0.0353
51.02.09.2009,Mekarsari,Baturiti,Tabanan,Bali,1531,4830,0.0025,0.0021,0.4969,0.4986,0.1182,0.1292,0.2725,0.2876,0.1077,0.0849,0.0003,0.0003,0.0007,0.0007,0.0003,0.0002,0.0002,0.0003,0.0006,0.0006,0.0002,0.0002,0.0587,0.0642,0.1354,0.1429,0.0535,0.0422,0.0589,0.0644,0.1358,0.1434,0.0537,0.0423
51.01.04.2002,Melaya,Melaya,Jembrana,Bali,3888,13712,0.0011,0.0007,0.4969,0.5013,0.1498,0.1609,0.2968,0.2685,0.0758,0.0483,0.0002,0.0002,0.0003,0.0003,0.0001,0.0001,0.0001,0.0001,0.0002,0.0002,0.0001,0,0.0744,0.0799,0.1475,0.1334,0.0376,0.024,0.0751,0.0807,0.1488,0.1346,0.038,0.0242
51.02.04.2011,Meliling,Kerambitan,Tabanan,Bali,925,2720,0.0026,0.0022,0.4926,0.5026,0.1154,0.1324,0.2596,0.3022,0.1099,0.0805,0.0003,0.0003,0.0007,0.0008,0.0003,0.0002,0.0003,0.0003,0.0006,0.0007,0.0002,0.0002,0.0569,0.0652,0.1279,0.1489,0.0542,0.0397,0.058,0.0665,0.1304,0.1519,0.0552,0.0405
51.04.07.2001,Melinggih,Payangan,Gianyar,Bali,1855,7412,0.0038,0.004,0.492,0.5001,0.1148,0.1417,0.2701,0.2914,0.0951,0.0869,0.0004,0.0005,0.001,0.0011,0.0004,0.0003,0.0005,0.0006,0.0011,0.0012,0.0004,0.0004,0.0565,0.0697,0.1329,0.1434,0.0468,0.0428,0.0574,0.0709,0.1351,0.1457,0.0476,0.0435
51.04.07.2007,Melinggih Kelod,Payangan,Gianyar,Bali,1147,4410,0.0061,0.0041,0.4955,0.4943,0.12,0.1234,0.2773,0.2937,0.1005,0.0853,0.0007,0.0008,0.0017,0.0018,0.0006,0.0005,0.0005,0.0005,0.0011,0.0012,0.0004,0.0003,0.0594,0.0611,0.1374,0.1455,0.0498,0.0422,0.0593,0.061,0.1371,0.1452,0.0497,0.0421
51.07.01.2003,Menanga,Rendang,Karangasem,Bali,2305,7730,0,0,0.4965,0.5035,0.1266,0.153,0.2754,0.2614,0.1057,0.0777,0,0,0,0,0,0,0,0,0,0,0,0,0.0629,0.076,0.1367,0.1298,0.0525,0.0386,0.0638,0.0771,0.1387,0.1316,0.0532,0.0391
51.01.02.2003,Mendoyo Dangin Tukad,Mendoyo,Jembrana,Bali,1069,3338,0.0033,0.0039,0.4907,0.5021,0.1195,0.1429,0.2735,0.2861,0.1043,0.0737,0.0004,0.0005,0.0009,0.0009,0.0003,0.0002,0.0005,0.0006,0.0011,0.0011,0.0004,0.0003,0.0587,0.0701,0.1342,0.1404,0.0512,0.0362,0.06,0.0717,0.1373,0.1436,0.0523,0.037
51.01.02.2001,Mendoyo Dauh Tukad,Mendoyo,Jembrana,Bali,1989,6160,0.0041,0.0026,0.4979,0.4955,0.1357,0.1403,0.2794,0.2721,0.1032,0.0693,0.0006,0.0006,0.0011,0.0011,0.0004,0.0003,0.0004,0.0004,0.0007,0.0007,0.0003,0.0002,0.0676,0.0698,0.1391,0.1355,0.0514,0.0345,0.0672,0.0695,0.1384,0.1348,0.0512,0.0343
51.06.04.2001,Mengani,Kintamani,Bangli,Bali,289,1053,0.0104,0.0085,0.5166,0.4644,0.0997,0.1472,0.3105,0.3191,0.0665,0.057,0.001,0.0015,0.0032,0.0033,0.0007,0.0006,0.0009,0.0013,0.0027,0.0027,0.0006,0.0005,0.0515,0.076,0.1604,0.1648,0.0343,0.0294,0.0463,0.0684,0.1442,0.1482,0.0309,0.0265
51.08.08.2013,Mengening,Kubutambahan,Buleleng,Bali,658,2074,0.0053,0.0063,0.5014,0.487,0.1446,0.1716,0.3067,0.2507,0.0714,0.055,0.0008,0.0009,0.0016,0.0013,0.0004,0.0003,0.0009,0.0011,0.0019,0.0016,0.0004,0.0003,0.0725,0.0861,0.1538,0.1257,0.0358,0.0276,0.0704,0.0836,0.1493,0.1221,0.0348,0.0268
51.02.08.2009,Mengesta,Penebel,Tabanan,Bali,1205,3353,0.0027,0.0027,0.4918,0.5028,0.102,0.1115,0.2559,0.283,0.1247,0.1229,0.0003,0.0003,0.0007,0.0008,0.0003,0.0003,0.0003,0.0003,0.0007,0.0008,0.0003,0.0003,0.0502,0.0549,0.1258,0.1392,0.0613,0.0604,0.0513,0.0561,0.1287,0.1423,0.0627,0.0618
51.03.02.2009,Mengwi,Mengwi,Badung,Bali,2391,8359,0.0073,0.0044,0.4944,0.4938,0.1189,0.1442,0.2675,0.3025,0.0944,0.0725,0.0009,0.0011,0.002,0.0022,0.0007,0.0005,0.0005,0.0006,0.0012,0.0013,0.0004,0.0003,0.0588,0.0713,0.1323,0.1496,0.0467,0.0358,0.0587,0.0712,0.1321,0.1494,0.0466,0.0358
51.03.02.2003,Mengwitani,Mengwi,Badung,Bali,2131,8492,0.0073,0.0054,0.484,0.5033,0.1289,0.1355,0.2777,0.2887,0.0968,0.0723,0.0009,0.001,0.002,0.0021,0.0007,0.0005,0.0007,0.0007,0.0015,0.0016,0.0005,0.0004,0.0624,0.0656,0.1344,0.1397,0.0468,0.035,0.0649,0.0682,0.1398,0.1453,0.0487,0.0364
51.08.07.2007,Menyali,Sawan,Buleleng,Bali,1632,5449,0.0046,0.0029,0.505,0.4874,0.1609,0.1883,0.2885,0.2459,0.0685,0.0479,0.0007,0.0009,0.0013,0.0011,0.0003,0.0002,0.0005,0.0006,0.0008,0.0007,0.0002,0.0001,0.0813,0.0951,0.1457,0.1242,0.0346,0.0242,0.0785,0.0918,0.1406,0.1199,0.0334,0.0233
51.07.07.2001,Muncan,Selat,Karangasem,Bali,2562,8121,0.0043,0.0034,0.4927,0.4996,0.1252,0.1618,0.2785,0.2675,0.0883,0.0787,0.0005,0.0007,0.0012,0.0012,0.0004,0.0003,0.0004,0.0006,0.001,0.0009,0.0003,0.0003,0.0617,0.0797,0.1372,0.1318,0.0435,0.0388,0.0626,0.0808,0.1391,0.1336,0.0441,0.0393
51.02.03.2001,Mundeh,Selemadeg Barat,Tabanan,Bali,950,2833,0.0092,0.0046,0.4878,0.4984,0.107,0.119,0.2764,0.3007,0.1151,0.0819,0.001,0.0011,0.0025,0.0028,0.0011,0.0008,0.0005,0.0005,0.0013,0.0014,0.0005,0.0004,0.0522,0.058,0.1348,0.1467,0.0561,0.0399,0.0533,0.0593,0.1378,0.1499,0.0574,0.0408
51.02.03.2002,Mundeh Kangin,Selemadeg Barat,Tabanan,Bali,696,2093,0.0029,0.0019,0.5069,0.4883,0.1003,0.1319,0.2776,0.2967,0.1037,0.0898,0.0003,0.0004,0.0008,0.0009,0.0003,0.0003,0.0002,0.0003,0.0005,0.0006,0.0002,0.0002,0.0509,0.0668,0.1407,0.1504,0.0526,0.0455,0.049,0.0644,0.1355,0.1449,0.0506,0.0439
51.02.03.2008,Mundeh Kauh,Selemadeg Barat,Tabanan,Bali,506,1489,0.0013,0.0013,0.4889,0.5084,0.1081,0.1075,0.2874,0.2948,0.1169,0.0853,0.0001,0.0001,0.0004,0.0004,0.0002,0.0001,0.0001,0.0001,0.0004,0.0004,0.0002,0.0001,0.0529,0.0525,0.1405,0.1441,0.0571,0.0417,0.055,0.0546,0.1461,0.1499,0.0594,0.0434
51.08.04.2006,Munduk,Banjar,Buleleng,Bali,2311,7143,0.0049,0.0029,0.5061,0.4861,0.1221,0.1726,0.2954,0.2695,0.0848,0.0556,0.0006,0.0008,0.0014,0.0013,0.0004,0.0003,0.0004,0.0005,0.0009,0.0008,0.0002,0.0002,0.0618,0.0874,0.1495,0.1364,0.0429,0.0281,0.0593,0.0839,0.1436,0.131,0.0412,0.027
51.08.02.2007,Munduk Bestala,Seririt,Buleleng,Bali,386,1100,0.0064,0.0091,0.4882,0.4964,0.1109,0.1218,0.3027,0.28,0.1191,0.0655,0.0007,0.0008,0.0019,0.0018,0.0008,0.0004,0.001,0.0011,0.0028,0.0025,0.0011,0.0006,0.0541,0.0595,0.1478,0.1367,0.0581,0.032,0.0551,0.0605,0.1503,0.139,0.0591,0.0325
51.02.10.2005,Munduk Temu,Pupuan,Tabanan,Bali,1273,3836,0.0068,0.0052,0.4948,0.4932,0.1066,0.1296,0.2662,0.2959,0.1126,0.0892,0.0007,0.0009,0.0018,0.002,0.0008,0.0006,0.0006,0.0007,0.0014,0.0015,0.0006,0.0005,0.0528,0.0641,0.1317,0.1464,0.0557,0.0441,0.0526,0.0639,0.1313,0.1459,0.0555,0.044
51.03.02.2001,Munggu,Mengwi,Badung,Bali,1591,7417,0.0065,0.005,0.4962,0.4924,0.1244,0.1257,0.2893,0.2891,0.0946,0.0769,0.0008,0.0008,0.0019,0.0019,0.0006,0.0005,0.0006,0.0006,0.0014,0.0014,0.0005,0.0004,0.0617,0.0623,0.1436,0.1434,0.047,0.0381,0.0613,0.0619,0.1425,0.1423,0.0466,0.0378
51.08.01.2007,Musi,Gerokgak,Buleleng,Bali,1207,3717,0.0022,0.0032,0.5052,0.4894,0.1415,0.1692,0.2809,0.2803,0.0753,0.0527,0.0003,0.0004,0.0006,0.0006,0.0002,0.0001,0.0005,0.0005,0.0009,0.0009,0.0002,0.0002,0.0715,0.0855,0.1419,0.1416,0.0381,0.0266,0.0693,0.0828,0.1375,0.1372,0.0369,0.0258
51.08.06.2014,Nagasepaha,Buleleng,Buleleng,Bali,665,1963,0.0082,0.0102,0.4916,0.4901,0.1289,0.1635,0.2894,0.2822,0.0718,0.0642,0.0011,0.0013,0.0024,0.0023,0.0006,0.0005,0.0013,0.0017,0.0029,0.0029,0.0007,0.0007,0.0634,0.0804,0.1422,0.1387,0.0353,0.0316,0.0632,0.0801,0.1418,0.1383,0.0352,0.0315
51.07.05.2012,Nawa Kerti,Abang,Karangasem,Bali,1342,4327,0,0,0.5172,0.4828,0.1636,0.1793,0.3108,0.238,0.0601,0.0481,0,0,0,0,0,0,0,0,0,0,0,0,0.0846,0.0928,0.1608,0.1231,0.0311,0.0249,0.079,0.0866,0.1501,0.1149,0.029,0.0232
51.05.02.2001,Negari,Banjarangkan,Klungkung,Bali,731,2950,0.0054,0.0078,0.5017,0.4851,0.1078,0.1536,0.2614,0.298,0.0881,0.0912,0.0006,0.0008,0.0014,0.0016,0.0005,0.0005,0.0008,0.0012,0.002,0.0023,0.0007,0.0007,0.0541,0.077,0.1311,0.1495,0.0442,0.0457,0.0523,0.0745,0.1268,0.1445,0.0428,0.0442
51.07.03.2007,Ngis,Manggis,Karangasem,Bali,748,2426,0,0,0.5132,0.4868,0.1175,0.1315,0.2605,0.31,0.0837,0.0969,0,0,0,0,0,0,0,0,0,0,0,0,0.0603,0.0675,0.1337,0.1591,0.0429,0.0497,0.0572,0.064,0.1268,0.1509,0.0407,0.0472
51.07.01.2001,Nongan,Rendang,Karangasem,Bali,1981,6347,0.0006,0.0006,0.5064,0.4924,0.1199,0.1437,0.2652,0.2754,0.0974,0.0985,0.0001,0.0001,0.0002,0.0002,0.0001,0.0001,0.0001,0.0001,0.0002,0.0002,0.0001,0.0001,0.0607,0.0728,0.1343,0.1395,0.0493,0.0499,0.059,0.0707,0.1306,0.1356,0.0479,0.0485
51.01.04.2005,Nusasari,Melaya,Jembrana,Bali,932,3857,0.0034,0.0021,0.4942,0.5004,0.1252,0.1434,0.3008,0.2803,0.0977,0.0526,0.0004,0.0005,0.001,0.0009,0.0003,0.0002,0.0003,0.0003,0.0006,0.0006,0.0002,0.0001,0.0619,0.0709,0.1486,0.1385,0.0483,0.026,0.0627,0.0717,0.1505,0.1402,0.0489,0.0263
51.05.02.2009,Nyalian,Banjarangkan,Klungkung,Bali,1347,5722,0.0051,0.0026,0.4921,0.5002,0.1267,0.1583,0.2805,0.2754,0.0855,0.0736,0.0006,0.0008,0.0014,0.0014,0.0004,0.0004,0.0003,0.0004,0.0007,0.0007,0.0002,0.0002,0.0624,0.0779,0.138,0.1355,0.0421,0.0362,0.0634,0.0792,0.1403,0.1378,0.0427,0.0368
51.02.06.2008,Nyambu,Kediri,Tabanan,Bali,1163,3694,0.0076,0.0049,0.484,0.5035,0.1267,0.127,0.2661,0.2823,0.1015,0.0964,0.001,0.001,0.002,0.0021,0.0008,0.0007,0.0006,0.0006,0.0013,0.0014,0.0005,0.0005,0.0613,0.0615,0.1288,0.1367,0.0491,0.0466,0.0638,0.0639,0.134,0.1422,0.0511,0.0485
51.05.02.2012,Nyanglan,Banjarangkan,Klungkung,Bali,454,1501,0.0007,0.0033,0.5043,0.4917,0.1106,0.1446,0.2552,0.3165,0.0866,0.0866,0.0001,0.0001,0.0002,0.0002,0.0001,0.0001,0.0004,0.0005,0.0008,0.0011,0.0003,0.0003,0.0558,0.0729,0.1287,0.1596,0.0437,0.0437,0.0544,0.0711,0.1255,0.1556,0.0426,0.0426
51.02.06.2011,Nyitdah,Kediri,Tabanan,Bali,1450,4737,0.0055,0.0046,0.4976,0.4923,0.1121,0.1205,0.2784,0.3175,0.0931,0.0783,0.0006,0.0007,0.0015,0.0017,0.0005,0.0004,0.0005,0.0006,0.0013,0.0015,0.0004,0.0004,0.0558,0.06,0.1385,0.158,0.0463,0.039,0.0552,0.0593,0.1371,0.1563,0.0458,0.0386
51.07.03.2005,Nyuh Tebel,Manggis,Karangasem,Bali,828,2744,0,0,0.5077,0.4923,0.1265,0.1469,0.2919,0.2941,0.0743,0.0663,0,0,0,0,0,0,0,0,0,0,0,0,0.0642,0.0746,0.1482,0.1493,0.0377,0.0337,0.0623,0.0723,0.1437,0.1448,0.0366,0.0327
51.08.09.2002,Pacung,Tejakula,Buleleng,Bali,1233,4321,0.0032,0.0025,0.505,0.4892,0.1551,0.178,0.2893,0.2673,0.0588,0.0516,0.0005,0.0006,0.0009,0.0009,0.0002,0.0002,0.0004,0.0005,0.0007,0.0007,0.0001,0.0001,0.0783,0.0899,0.1461,0.135,0.0297,0.0261,0.0759,0.0871,0.1415,0.1308,0.0288,0.0252
51.07.04.1003,Padang Kerta,Karangasem,Karangasem,Bali,3075,9651,0.0037,0.0033,0.4867,0.5063,0.1359,0.1662,0.282,0.2612,0.0948,0.0598,0.0005,0.0006,0.0011,0.001,0.0004,0.0002,0.0005,0.0006,0.0009,0.0009,0.0003,0.0002,0.0662,0.0809,0.1373,0.1271,0.0461,0.0291,0.0688,0.0841,0.1428,0.1322,0.048,0.0303
51.71.03.2011,Padangsambian Kaja,Denpasar Barat,Kota Denpasar,Bali,4778,17802,0.0014,0.0014,0.4956,0.5016,0.13,0.1583,0.3029,0.3038,0.0707,0.0343,0.0002,0.0002,0.0004,0.0004,0.0001,0,0.0002,0.0002,0.0004,0.0004,0.0001,0,0.0644,0.0784,0.1501,0.1505,0.035,0.017,0.0652,0.0794,0.152,0.1524,0.0354,0.0172
51.02.10.2009,Padangan,Pupuan,Tabanan,Bali,611,2158,0.0019,0.0019,0.5042,0.4921,0.0816,0.1172,0.26,0.3109,0.1297,0.1006,0.0002,0.0002,0.0005,0.0006,0.0002,0.0002,0.0002,0.0002,0.0005,0.0006,0.0002,0.0002,0.0411,0.0591,0.1311,0.1568,0.0654,0.0507,0.0401,0.0577,0.1279,0.153,0.0639,0.0495
51.07.03.2009,Padangbai,Manggis,Karangasem,Bali,1075,3720,0,0,0.4965,0.5035,0.1409,0.1683,0.2884,0.2742,0.0815,0.0468,0,0,0,0,0,0,0,0,0,0,0,0,0.0699,0.0836,0.1432,0.1361,0.0404,0.0232,0.0709,0.0847,0.1452,0.1381,0.041,0.0236
51.08.05.2008,Padangbulia,Sukasada,Buleleng,Bali,1361,4222,0.0028,0.0024,0.5076,0.4872,0.1336,0.1694,0.292,0.2693,0.082,0.0538,0.0004,0.0005,0.0008,0.0008,0.0002,0.0002,0.0003,0.0004,0.0007,0.0006,0.0002,0.0001,0.0678,0.086,0.1482,0.1367,0.0416,0.0273,0.0651,0.0825,0.1423,0.1312,0.0399,0.0262
51.71.03.1010,Padangsambian,Denpasar Barat,Kota Denpasar,Bali,7807,30077,0.0016,0.001,0.4984,0.499,0.125,0.1566,0.3059,0.307,0.0757,0.0297,0.0002,0.0002,0.0005,0.0005,0.0001,0,0.0001,0.0002,0.0003,0.0003,0.0001,0,0.0623,0.0781,0.1525,0.153,0.0377,0.0148,0.0624,0.0782,0.1527,0.1532,0.0378,0.0148
51.71.03.2001,Padangsambian Kelod,Denpasar Barat,Kota Denpasar,Bali,5468,20566,0.0022,0.0015,0.493,0.5034,0.1185,0.1499,0.3142,0.3116,0.0745,0.0313,0.0003,0.0003,0.0007,0.0007,0.0002,0.0001,0.0002,0.0002,0.0005,0.0005,0.0001,0,0.0584,0.0739,0.1549,0.1536,0.0367,0.0154,0.0596,0.0754,0.1581,0.1569,0.0375,0.0158
51.02.10.2012,Pajahan,Pupuan,Tabanan,Bali,745,2627,0.0034,0.0019,0.4998,0.4949,0.1172,0.1245,0.2592,0.2897,0.118,0.0914,0.0004,0.0004,0.0009,0.001,0.0004,0.0003,0.0002,0.0002,0.0005,0.0006,0.0002,0.0002,0.0586,0.0622,0.1296,0.1448,0.059,0.0457,0.058,0.0616,0.1283,0.1434,0.0584,0.0452
51.08.06.1009,Paket Agung,Buleleng,Buleleng,Bali,874,2700,0.0078,0.0041,0.4978,0.4904,0.1259,0.1678,0.2767,0.2837,0.0841,0.0619,0.001,0.0013,0.0022,0.0022,0.0007,0.0005,0.0005,0.0007,0.0011,0.0012,0.0003,0.0003,0.0627,0.0835,0.1377,0.1412,0.0419,0.0308,0.0618,0.0823,0.1357,0.1391,0.0412,0.0303
51.08.08.2002,Pakisan,Kubutambahan,Buleleng,Bali,1835,5668,0.0049,0.0044,0.5069,0.4838,0.1339,0.1768,0.2872,0.2728,0.0757,0.0536,0.0007,0.0009,0.0014,0.0013,0.0004,0.0003,0.0006,0.0008,0.0013,0.0012,0.0003,0.0002,0.0679,0.0896,0.1456,0.1383,0.0384,0.0272,0.0648,0.0855,0.139,0.132,0.0366,0.0259
51.05.04.2001,Paksebali,Dawan,Klungkung,Bali,1638,5664,0.0042,0.003,0.4951,0.4977,0.1222,0.1458,0.2853,0.282,0.0925,0.0722,0.0005,0.0006,0.0012,0.0012,0.0004,0.0003,0.0004,0.0004,0.0009,0.0008,0.0003,0.0002,0.0605,0.0722,0.1412,0.1396,0.0458,0.0357,0.0608,0.0726,0.142,0.1403,0.046,0.0359
51.08.05.2001,Pancasari,Sukasada,Buleleng,Bali,1531,5735,0.0021,0.001,0.4964,0.5004,0.1496,0.1667,0.2959,0.2703,0.0746,0.0429,0.0003,0.0003,0.0006,0.0006,0.0002,0.0001,0.0002,0.0002,0.0003,0.0003,0.0001,0,0.0743,0.0828,0.1469,0.1342,0.037,0.0213,0.0749,0.0834,0.1481,0.1353,0.0373,0.0215
51.02.06.2009,Pandak Bandung,Kediri,Tabanan,Bali,954,2937,0.0099,0.0051,0.4903,0.4947,0.1154,0.126,0.285,0.3061,0.1032,0.0644,0.0011,0.0012,0.0028,0.003,0.001,0.0006,0.0006,0.0006,0.0015,0.0016,0.0005,0.0003,0.0566,0.0618,0.1397,0.1501,0.0506,0.0316,0.0571,0.0623,0.141,0.1514,0.051,0.0318
51.02.06.2010,Pandak Gede,Kediri,Tabanan,Bali,1897,6686,0.0021,0.001,0.491,0.5058,0.1105,0.1434,0.2634,0.3174,0.0933,0.0719,0.0002,0.0003,0.0006,0.0007,0.0002,0.0002,0.0001,0.0002,0.0003,0.0003,0.0001,0.0001,0.0543,0.0704,0.1293,0.1558,0.0458,0.0353,0.0559,0.0726,0.1332,0.1605,0.0472,0.0364
51.02.04.2007,Pangkung Karung,Kerambitan,Tabanan,Bali,1054,3087,0.0045,0.0039,0.4901,0.5015,0.1153,0.1079,0.2611,0.2925,0.1199,0.1033,0.0005,0.0005,0.0012,0.0013,0.0005,0.0005,0.0004,0.0004,0.001,0.0011,0.0005,0.0004,0.0565,0.0529,0.128,0.1434,0.0587,0.0506,0.0578,0.0541,0.1309,0.1467,0.0601,0.0518
51.02.06.2002,Pangkung Tibah,Kediri,Tabanan,Bali,439,1394,0.0093,0.0136,0.4914,0.4857,0.1098,0.1241,0.2654,0.2963,0.1298,0.0746,0.001,0.0012,0.0025,0.0028,0.0012,0.0007,0.0015,0.0017,0.0036,0.004,0.0018,0.001,0.0539,0.061,0.1304,0.1456,0.0638,0.0367,0.0533,0.0603,0.1289,0.1439,0.0631,0.0362
51.08.02.2018,Pangkungparuk,Seririt,Buleleng,Bali,2558,7781,0.0049,0.0035,0.4969,0.4948,0.1574,0.1672,0.2998,0.2543,0.0716,0.0496,0.0008,0.0008,0.0015,0.0012,0.0003,0.0002,0.0005,0.0006,0.001,0.0009,0.0002,0.0002,0.0782,0.0831,0.149,0.1264,0.0356,0.0246,0.0779,0.0827,0.1484,0.1258,0.0354,0.0245
51.03.04.2006,Pangsan,Petang,Badung,Bali,942,2997,0.019,0.022,0.4678,0.4912,0.1228,0.1345,0.2893,0.2759,0.0991,0.0784,0.0023,0.0026,0.0055,0.0052,0.0019,0.0015,0.0027,0.003,0.0064,0.0061,0.0022,0.0017,0.0574,0.0629,0.1353,0.1291,0.0464,0.0367,0.0603,0.066,0.1421,0.1355,0.0487,0.0385
51.01.03.2005,Pangyangan,Pekutatan,Jembrana,Bali,466,1822,0.0066,0.0044,0.4901,0.4989,0.1164,0.1476,0.2739,0.2881,0.1065,0.0675,0.0008,0.001,0.0018,0.0019,0.0007,0.0004,0.0005,0.0006,0.0012,0.0013,0.0005,0.0003,0.057,0.0724,0.1342,0.1412,0.0522,0.0331,0.0581,0.0737,0.1366,0.1438,0.0531,0.0337
51.71.01.1004,Panjer,Denpasar Selatan,Kota Denpasar,Bali,6829,24409,0.0012,0.0008,0.4906,0.5074,0.122,0.1603,0.3007,0.3011,0.0737,0.0422,0.0001,0.0002,0.0004,0.0004,0.0001,0.0001,0.0001,0.0001,0.0002,0.0002,0.0001,0,0.0598,0.0786,0.1476,0.1477,0.0362,0.0207,0.0619,0.0813,0.1526,0.1528,0.0374,0.0214
51.08.05.2011,Panji,Sukasada,Buleleng,Bali,4072,12995,0.0053,0.0038,0.491,0.5,0.148,0.1795,0.3034,0.2617,0.0651,0.0422,0.0008,0.001,0.0016,0.0014,0.0003,0.0002,0.0006,0.0007,0.0011,0.001,0.0002,0.0002,0.0727,0.0881,0.149,0.1285,0.032,0.0207,0.074,0.0898,0.1517,0.1308,0.0325,0.0211
51.08.05.2012,Panji Anom,Sukasada,Buleleng,Bali,2303,7310,0.0064,0.0048,0.5014,0.4874,0.1383,0.18,0.3057,0.2631,0.0687,0.0442,0.0009,0.0012,0.002,0.0017,0.0004,0.0003,0.0007,0.0009,0.0015,0.0013,0.0003,0.0002,0.0693,0.0903,0.1533,0.1319,0.0344,0.0222,0.0674,0.0877,0.149,0.1282,0.0335,0.0215
51.07.03.2011,Pesedahan,Manggis,Karangasem,Bali,645,1870,0,0,0.4856,0.5144,0.1011,0.1604,0.2679,0.2989,0.1,0.0717,0,0,0,0,0,0,0,0,0,0,0,0,0.0491,0.0779,0.1301,0.1451,0.0486,0.0348,0.052,0.0825,0.1378,0.1538,0.0514,0.0369
51.08.01.2010,Patas,Gerokgak,Buleleng,Bali,3882,12541,0.0061,0.0037,0.5018,0.4883,0.168,0.1795,0.2934,0.2569,0.0635,0.0388,0.001,0.0011,0.0018,0.0016,0.0004,0.0002,0.0006,0.0007,0.0011,0.001,0.0002,0.0001,0.0843,0.0901,0.1472,0.1289,0.0318,0.0194,0.082,0.0876,0.1433,0.1255,0.031,0.0189
51.08.02.2014,Patemon,Seririt,Buleleng,Bali,2863,8840,0.0025,0.0019,0.4924,0.5032,0.1363,0.1695,0.2844,0.2747,0.0781,0.0571,0.0003,0.0004,0.0007,0.0007,0.0002,0.0001,0.0003,0.0003,0.0005,0.0005,0.0002,0.0001,0.0671,0.0834,0.14,0.1352,0.0384,0.0281,0.0686,0.0853,0.1431,0.1382,0.0393,0.0287
51.02.07.2012,Payangan,Marga,Tabanan,Bali,1206,3456,0.0081,0.0035,0.4792,0.5093,0.1102,0.1155,0.2595,0.2914,0.1256,0.0978,0.0009,0.0009,0.0021,0.0024,0.001,0.0008,0.0004,0.0004,0.0009,0.001,0.0004,0.0003,0.0528,0.0553,0.1244,0.1396,0.0602,0.0469,0.0561,0.0588,0.1322,0.1484,0.064,0.0498
51.03.05.2001,Pecatu,Kuta Selatan,Badung,Bali,2515,8576,0.0062,0.0048,0.4815,0.5076,0.1347,0.1433,0.2689,0.2772,0.0984,0.0775,0.0008,0.0009,0.0017,0.0017,0.0006,0.0005,0.0006,0.0007,0.0013,0.0013,0.0005,0.0004,0.0648,0.069,0.1295,0.1334,0.0474,0.0373,0.0684,0.0727,0.1365,0.1407,0.05,0.0394
51.05.01.2010,Ped,Nusa Penida,Klungkung,Bali,1390,5502,0.0013,0.0013,0.5025,0.4949,0.1496,0.1425,0.2997,0.2612,0.0811,0.066,0.0002,0.0002,0.0004,0.0003,0.0001,0.0001,0.0002,0.0002,0.0004,0.0003,0.0001,0.0001,0.0752,0.0716,0.1506,0.1313,0.0407,0.0332,0.074,0.0705,0.1483,0.1293,0.0401,0.0327
51.08.04.2008,Pedawa,Banjar,Buleleng,Bali,1925,5587,0.0088,0.0072,0.504,0.48,0.1165,0.15,0.283,0.2977,0.0879,0.065,0.001,0.0013,0.0025,0.0026,0.0008,0.0006,0.0008,0.0011,0.002,0.0021,0.0006,0.0005,0.0587,0.0756,0.1426,0.15,0.0443,0.0327,0.0559,0.072,0.1358,0.1429,0.0422,0.0312
51.71.01.1002,Pedungan,Denpasar Selatan,Kota Denpasar,Bali,6596,25784,0.0016,0.0009,0.4939,0.5035,0.1275,0.1581,0.3003,0.3034,0.0743,0.0364,0.0002,0.0003,0.0005,0.0005,0.0001,0.0001,0.0001,0.0001,0.0003,0.0003,0.0001,0,0.063,0.0781,0.1483,0.1498,0.0367,0.018,0.0642,0.0796,0.1512,0.1528,0.0374,0.0183
51.08.05.2007,Pegadungan,Sukasada,Buleleng,Bali,1003,3013,0.0076,0.0023,0.4942,0.4959,0.1318,0.164,0.2854,0.2655,0.0833,0.07,0.001,0.0013,0.0022,0.002,0.0006,0.0005,0.0003,0.0004,0.0007,0.0006,0.0002,0.0002,0.0651,0.081,0.1411,0.1312,0.0412,0.0346,0.0653,0.0813,0.1415,0.1317,0.0413,0.0347
51.08.05.2005,Pegayaman,Sukasada,Buleleng,Bali,2253,8108,0.0011,0.0011,0.506,0.4917,0.2081,0.1957,0.3263,0.1999,0.0412,0.0287,0.0002,0.0002,0.0004,0.0002,0,0,0.0002,0.0002,0.0004,0.0002,0,0,0.1053,0.099,0.1651,0.1012,0.0208,0.0145,0.1023,0.0962,0.1605,0.0983,0.0203,0.0141
51.71.04.1009,Peguyangan,Denpasar Utara,Kota Denpasar,Bali,3677,15064,0.0019,0.0019,0.4987,0.4974,0.1282,0.1497,0.2984,0.2856,0.0905,0.0477,0.0002,0.0003,0.0006,0.0005,0.0002,0.0001,0.0002,0.0003,0.0006,0.0005,0.0002,0.0001,0.0639,0.0747,0.1488,0.1424,0.0451,0.0238,0.0638,0.0745,0.1484,0.1421,0.045,0.0237
51.71.04.2010,Peguyangan Kaja,Denpasar Utara,Kota Denpasar,Bali,2345,9651,0.0038,0.0034,0.4899,0.5028,0.1337,0.1549,0.3044,0.2992,0.0676,0.0402,0.0005,0.0006,0.0012,0.0011,0.0003,0.0002,0.0005,0.0005,0.001,0.001,0.0002,0.0001,0.0655,0.0759,0.1491,0.1466,0.0331,0.0197,0.0672,0.0779,0.1531,0.1505,0.034,0.0202
51.71.04.2011,Peguyangan Kangin,Denpasar Utara,Kota Denpasar,Bali,5076,20056,0.0012,0.0008,0.4979,0.5001,0.1361,0.1576,0.3096,0.2982,0.07,0.0285,0.0002,0.0002,0.0004,0.0004,0.0001,0,0.0001,0.0001,0.0002,0.0002,0.0001,0,0.0678,0.0784,0.1541,0.1485,0.0349,0.0142,0.0681,0.0788,0.1548,0.1491,0.035,0.0143
51.08.01.2002,Pejarakan,Gerokgak,Buleleng,Bali,3789,12316,0.0069,0.0057,0.4947,0.4927,0.1598,0.179,0.3004,0.2537,0.0693,0.0378,0.0011,0.0012,0.0021,0.0018,0.0005,0.0003,0.0009,0.001,0.0017,0.0014,0.0004,0.0002,0.0791,0.0885,0.1486,0.1255,0.0343,0.0187,0.0787,0.0882,0.148,0.125,0.0342,0.0186
51.02.06.2012,Pejaten,Kediri,Tabanan,Bali,1378,4343,0.0005,0,0.4932,0.5063,0.108,0.1236,0.2726,0.3108,0.108,0.0769,0,0.0001,0.0001,0.0001,0,0,0,0,0,0,0,0,0.0533,0.061,0.1345,0.1533,0.0533,0.0379,0.0547,0.0626,0.138,0.1574,0.0547,0.0389
51.04.04.2001,Pejeng,Tampaksiring,Gianyar,Bali,1399,5976,0.0032,0.0037,0.4962,0.497,0.1339,0.1347,0.2928,0.2835,0.0855,0.0696,0.0004,0.0004,0.0009,0.0009,0.0003,0.0002,0.0005,0.0005,0.0011,0.001,0.0003,0.0003,0.0664,0.0668,0.1453,0.1406,0.0424,0.0345,0.0665,0.0669,0.1455,0.1409,0.0425,0.0346
51.04.04.2006,Pejeng Kaja,Tampaksiring,Gianyar,Bali,1296,5606,0.0037,0.0025,0.5075,0.4863,0.1291,0.1395,0.3002,0.2918,0.079,0.0603,0.0005,0.0005,0.0011,0.0011,0.0003,0.0002,0.0003,0.0003,0.0007,0.0007,0.0002,0.0002,0.0655,0.0708,0.1524,0.1481,0.0401,0.0306,0.0628,0.0678,0.146,0.1419,0.0384,0.0293
51.04.04.2007,Pejeng Kangin,Tampaksiring,Gianyar,Bali,1393,5388,0.0056,0.0058,0.5013,0.4874,0.1147,0.1464,0.284,0.2962,0.0856,0.0731,0.0006,0.0008,0.0016,0.0016,0.0005,0.0004,0.0007,0.0008,0.0016,0.0017,0.0005,0.0004,0.0575,0.0734,0.1424,0.1485,0.0429,0.0367,0.0559,0.0714,0.1384,0.1444,0.0417,0.0356
51.04.04.2005,Pejeng Kawan,Tampaksiring,Gianyar,Bali,909,4018,0.005,0.003,0.4933,0.4988,0.1309,0.1319,0.3039,0.2942,0.0791,0.06,0.0007,0.0007,0.0015,0.0015,0.0004,0.0003,0.0004,0.0004,0.0009,0.0009,0.0002,0.0002,0.0646,0.0651,0.1499,0.1451,0.039,0.0296,0.0653,0.0658,0.1516,0.1467,0.0395,0.0299
51.04.04.2008,Pejeng Kelod,Tampaksiring,Gianyar,Bali,817,3174,0.0145,0.0082,0.4836,0.4937,0.1169,0.1474,0.2823,0.2952,0.0794,0.0788,0.0017,0.0021,0.0041,0.0043,0.0012,0.0011,0.001,0.0012,0.0023,0.0024,0.0007,0.0006,0.0565,0.0713,0.1365,0.1428,0.0384,0.0381,0.0577,0.0728,0.1394,0.1457,0.0392,0.0389
51.05.01.2014,Pejukutan,Nusa Penida,Klungkung,Bali,1117,3755,0.0035,0.0035,0.4874,0.5057,0.118,0.1273,0.2905,0.266,0.0967,0.1015,0.0004,0.0004,0.001,0.0009,0.0003,0.0004,0.0004,0.0004,0.001,0.0009,0.0003,0.0004,0.0575,0.062,0.1416,0.1297,0.0471,0.0494,0.0597,0.0644,0.1469,0.1345,0.0489,0.0513
51.02.07.2003,Peken Belayu,Marga,Tabanan,Bali,954,3113,0.0051,0.0035,0.4886,0.5027,0.115,0.1192,0.2849,0.2968,0.1015,0.0826,0.0006,0.0006,0.0015,0.0015,0.0005,0.0004,0.0004,0.0004,0.001,0.001,0.0004,0.0003,0.0562,0.0582,0.1392,0.145,0.0496,0.0403,0.0578,0.0599,0.1432,0.1492,0.051,0.0415
51.01.03.2004,Pekutatan,Pekutatan,Jembrana,Bali,1661,5652,0.003,0.0046,0.4949,0.4975,0.1343,0.1446,0.2845,0.2856,0.0925,0.0586,0.0004,0.0004,0.0009,0.0009,0.0003,0.0002,0.0006,0.0007,0.0013,0.0013,0.0004,0.0003,0.0665,0.0715,0.1408,0.1413,0.0458,0.029,0.0668,0.0719,0.1415,0.1421,0.046,0.0291
51.03.04.2004,Pelaga,Petang,Badung,Bali,2118,6918,0.0088,0.0055,0.5017,0.484,0.1154,0.1326,0.2904,0.3103,0.0859,0.0655,0.001,0.0012,0.0026,0.0027,0.0008,0.0006,0.0006,0.0007,0.0016,0.0017,0.0005,0.0004,0.0579,0.0665,0.1457,0.1557,0.0431,0.0329,0.0558,0.0641,0.1405,0.1502,0.0416,0.0317
51.08.03.2012,Pelapuan,Busungbiu,Buleleng,Bali,1177,3413,0.0044,0.0032,0.4896,0.5028,0.1154,0.1465,0.2699,0.2813,0.1052,0.0817,0.0005,0.0006,0.0012,0.0012,0.0005,0.0004,0.0004,0.0005,0.0009,0.0009,0.0003,0.0003,0.0565,0.0717,0.1321,0.1377,0.0515,0.04,0.058,0.0737,0.1357,0.1414,0.0529,0.0411
51.04.05.2006,Peliatan,Ubud,Gianyar,Bali,1938,8473,0.0052,0.0031,0.4933,0.4984,0.1092,0.1413,0.2735,0.3108,0.0961,0.0693,0.0006,0.0007,0.0014,0.0016,0.0005,0.0004,0.0003,0.0004,0.0008,0.001,0.0003,0.0002,0.0539,0.0697,0.1349,0.1533,0.0474,0.0342,0.0544,0.0704,0.1363,0.1549,0.0479,0.0345
51.08.06.2004,Pemaron,Buleleng,Buleleng,Bali,1785,5566,0.002,0.0014,0.504,0.4926,0.1434,0.1619,0.313,0.2558,0.0844,0.0415,0.0003,0.0003,0.0006,0.0005,0.0002,0.0001,0.0002,0.0002,0.0004,0.0004,0.0001,0.0001,0.0723,0.0816,0.1577,0.1289,0.0426,0.0209,0.0706,0.0797,0.1542,0.126,0.0416,0.0204
51.71.03.1007,Pemecutan,Denpasar Barat,Kota Denpasar,Bali,5776,21095,0.0009,0.0008,0.4987,0.4996,0.1238,0.1498,0.305,0.2968,0.0783,0.0464,0.0001,0.0001,0.0003,0.0003,0.0001,0,0.0001,0.0001,0.0002,0.0002,0.0001,0,0.0617,0.0747,0.1521,0.148,0.039,0.0231,0.0618,0.0748,0.1524,0.1483,0.0391,0.0232
51.71.04.2005,Pemecutan Kaja,Denpasar Utara,Kota Denpasar,Bali,7669,29361,0.0007,0.001,0.5024,0.4959,0.1312,0.1556,0.3012,0.2926,0.0767,0.0426,0.0001,0.0001,0.0002,0.0002,0.0001,0,0.0001,0.0002,0.0003,0.0003,0.0001,0,0.0659,0.0782,0.1513,0.147,0.0386,0.0214,0.0651,0.0772,0.1494,0.1451,0.038,0.0211
51.71.03.2002,Pemecutan Kelod,Denpasar Barat,Kota Denpasar,Bali,9311,33023,0.0017,0.001,0.5003,0.497,0.1214,0.1588,0.3037,0.3066,0.0718,0.0376,0.0002,0.0003,0.0005,0.0005,0.0001,0.0001,0.0001,0.0002,0.0003,0.0003,0.0001,0,0.0607,0.0794,0.152,0.1534,0.0359,0.0188,0.0603,0.0789,0.151,0.1524,0.0357,0.0187
51.71.01.2008,Pemogan,Denpasar Selatan,Kota Denpasar,Bali,8459,32178,0.0019,0.001,0.5006,0.4965,0.1301,0.169,0.3065,0.3105,0.0598,0.0241,0.0002,0.0003,0.0006,0.0006,0.0001,0,0.0001,0.0002,0.0003,0.0003,0.0001,0,0.0651,0.0846,0.1535,0.1554,0.0299,0.012,0.0646,0.0839,0.1522,0.1542,0.0297,0.0119
51.07.01.2005,Pempatan,Rendang,Karangasem,Bali,3571,11665,0,0,0.5172,0.4828,0.1324,0.1607,0.3031,0.2623,0.0835,0.058,0,0,0,0,0,0,0,0,0,0,0,0,0.0685,0.0831,0.1568,0.1357,0.0432,0.03,0.0639,0.0776,0.1464,0.1267,0.0403,0.028
51.08.01.2004,Pemuteran,Gerokgak,Buleleng,Bali,3333,10545,0.0038,0.0016,0.4966,0.498,0.1498,0.1716,0.2965,0.2705,0.0684,0.0431,0.0006,0.0007,0.0011,0.001,0.0003,0.0002,0.0002,0.0003,0.0005,0.0004,0.0001,0.0001,0.0744,0.0852,0.1473,0.1343,0.034,0.0214,0.0746,0.0855,0.1477,0.1347,0.034,0.0215
51.02.04.2003,Penarukan,Kerambitan,Tabanan,Bali,1049,3204,0.0075,0.0128,0.4872,0.4925,0.1152,0.1167,0.2703,0.3084,0.1055,0.084,0.0009,0.0009,0.002,0.0023,0.0008,0.0006,0.0015,0.0015,0.0035,0.0039,0.0013,0.0011,0.0561,0.0569,0.1317,0.1502,0.0514,0.0409,0.0567,0.0575,0.1331,0.1519,0.052,0.0413
51.08.06.1020,Penarukan,Buleleng,Buleleng,Bali,3921,12516,0.0026,0.0023,0.4987,0.4963,0.1474,0.1667,0.3093,0.2598,0.0736,0.0431,0.0004,0.0004,0.0008,0.0007,0.0002,0.0001,0.0003,0.0004,0.0007,0.0006,0.0002,0.0001,0.0735,0.0832,0.1542,0.1296,0.0367,0.0215,0.0732,0.0828,0.1535,0.129,0.0365,0.0214
51.03.02.2006,Penarungan,Mengwi,Badung,Bali,2311,7601,0.0067,0.0051,0.4907,0.4974,0.1174,0.1412,0.2776,0.3038,0.085,0.0751,0.0008,0.0009,0.0019,0.002,0.0006,0.0005,0.0006,0.0007,0.0014,0.0016,0.0004,0.0004,0.0576,0.0693,0.1362,0.1491,0.0417,0.0369,0.0584,0.0702,0.1381,0.1511,0.0423,0.0374
51.02.08.2007,Penatahan,Penebel,Tabanan,Bali,995,2729,0.004,0.0015,0.4932,0.5013,0.1015,0.118,0.2543,0.2671,0.1488,0.1103,0.0004,0.0005,0.001,0.0011,0.0006,0.0004,0.0001,0.0002,0.0004,0.0004,0.0002,0.0002,0.0501,0.0582,0.1254,0.1318,0.0734,0.0544,0.0509,0.0591,0.1275,0.1339,0.0746,0.0553
51.71.02.1014,Penatih,Denpasar Timur,Kota Denpasar,Bali,2914,10807,0.0019,0.0017,0.4993,0.4972,0.1208,0.1491,0.2998,0.3042,0.0829,0.0432,0.0002,0.0003,0.0006,0.0006,0.0002,0.0001,0.0002,0.0002,0.0005,0.0005,0.0001,0.0001,0.0603,0.0744,0.1497,0.1519,0.0414,0.0216,0.06,0.0741,0.1491,0.1513,0.0412,0.0215
51.71.02.2015,Penatih Dangin Puri,Denpasar Timur,Kota Denpasar,Bali,2100,8238,0.0022,0.0006,0.5001,0.4971,0.1265,0.1584,0.2996,0.3032,0.0738,0.0385,0.0003,0.0003,0.0007,0.0007,0.0002,0.0001,0.0001,0.0001,0.0002,0.0002,0,0,0.0633,0.0792,0.1498,0.1517,0.0369,0.0192,0.0629,0.0787,0.1489,0.1507,0.0367,0.0191
51.01.05.1001,Pendem,Jembrana,Jembrana,Bali,3573,11912,0.0016,0.0012,0.503,0.4942,0.1385,0.1584,0.2746,0.293,0.0846,0.0509,0.0002,0.0003,0.0004,0.0005,0.0001,0.0001,0.0002,0.0002,0.0003,0.0003,0.0001,0.0001,0.0697,0.0797,0.1381,0.1474,0.0426,0.0256,0.0685,0.0783,0.1357,0.1448,0.0418,0.0251
51.02.08.2010,Penebel,Penebel,Tabanan,Bali,1600,4424,0.0036,0.0016,0.488,0.5068,0.1216,0.1144,0.2471,0.269,0.1311,0.1169,0.0004,0.0004,0.0009,0.001,0.0005,0.0004,0.0002,0.0002,0.0004,0.0004,0.0002,0.0002,0.0593,0.0558,0.1206,0.1313,0.064,0.057,0.0616,0.058,0.1252,0.1363,0.0664,0.0592
51.01.01.2011,Pengambengan,Negara,Jembrana,Bali,4380,13554,0.0033,0.0021,0.5075,0.4872,0.1561,0.1726,0.306,0.2781,0.058,0.0292,0.0005,0.0006,0.001,0.0009,0.0002,0.0001,0.0003,0.0004,0.0006,0.0006,0.0001,0.0001,0.0792,0.0876,0.1553,0.1411,0.0294,0.0148,0.0761,0.0841,0.1491,0.1355,0.0283,0.0142
51.08.02.2016,Pengastulan,Seririt,Buleleng,Bali,1822,5555,0.0022,0.0016,0.4905,0.5057,0.1444,0.1663,0.2841,0.2747,0.0765,0.054,0.0003,0.0004,0.0006,0.0006,0.0002,0.0001,0.0002,0.0003,0.0005,0.0004,0.0001,0.0001,0.0708,0.0816,0.1393,0.1348,0.0375,0.0265,0.073,0.0841,0.1436,0.1389,0.0387,0.0273
51.06.04.2038,Pengejaran,Kintamani,Bangli,Bali,246,824,0.0146,0.0073,0.4988,0.4794,0.1104,0.1286,0.3046,0.3252,0.0801,0.051,0.0016,0.0019,0.0044,0.0047,0.0012,0.0007,0.0008,0.0009,0.0022,0.0024,0.0006,0.0004,0.0551,0.0642,0.1519,0.1622,0.04,0.0254,0.0529,0.0617,0.146,0.1559,0.0384,0.0244
51.06.01.2009,Pengiangan,Susut,Bangli,Bali,971,3198,0.0047,0.0031,0.4922,0.5,0.1266,0.1366,0.2745,0.2899,0.0979,0.0744,0.0006,0.0006,0.0013,0.0014,0.0005,0.0003,0.0004,0.0004,0.0009,0.0009,0.0003,0.0002,0.0623,0.0673,0.1351,0.1427,0.0482,0.0366,0.0633,0.0683,0.1373,0.1449,0.0489,0.0372
51.08.06.2028,Penglatan,Buleleng,Buleleng,Bali,1589,5049,0.0018,0.0018,0.4997,0.4967,0.1464,0.1594,0.3086,0.2634,0.0778,0.0444,0.0003,0.0003,0.0006,0.0005,0.0001,0.0001,0.0003,0.0003,0.0006,0.0005,0.0001,0.0001,0.0731,0.0797,0.1542,0.1316,0.0389,0.0222,0.0727,0.0792,0.1533,0.1308,0.0387,0.022
51.06.01.2006,Penglumbaran,Susut,Bangli,Bali,1238,4108,0,0,0.5044,0.4956,0.1273,0.131,0.2709,0.3048,0.0954,0.0706,0,0,0,0,0,0,0,0,0,0,0,0,0.0642,0.0661,0.1367,0.1537,0.0481,0.0356,0.0631,0.0649,0.1343,0.1511,0.0473,0.035
51.06.02.2008,Pengotan,Bangli,Bangli,Bali,1236,4101,0.0024,0.0044,0.5013,0.4918,0.1144,0.1563,0.2614,0.3114,0.0866,0.07,0.0003,0.0004,0.0006,0.0008,0.0002,0.0002,0.0005,0.0007,0.0011,0.0014,0.0004,0.0003,0.0573,0.0784,0.1311,0.1561,0.0434,0.0351,0.0562,0.0769,0.1286,0.1532,0.0426,0.0344
51.01.03.2008,Pengragoan,Pekutatan,Jembrana,Bali,997,4046,0.0025,0.0017,0.4936,0.5022,0.106,0.1325,0.2583,0.2993,0.132,0.0719,0.0003,0.0003,0.0006,0.0007,0.0003,0.0002,0.0002,0.0002,0.0004,0.0005,0.0002,0.0001,0.0523,0.0654,0.1275,0.1477,0.0651,0.0355,0.0533,0.0665,0.1297,0.1503,0.0663,0.0361
51.08.01.2011,Pengulon,Gerokgak,Buleleng,Bali,1337,4350,0.0062,0.0046,0.5071,0.4821,0.1614,0.1724,0.2669,0.2864,0.0701,0.0428,0.001,0.0011,0.0017,0.0018,0.0004,0.0003,0.0007,0.0008,0.0012,0.0013,0.0003,0.0002,0.0818,0.0874,0.1354,0.1453,0.0356,0.0217,0.0778,0.0831,0.1287,0.1381,0.0338,0.0206
51.06.03.2006,Peninjoan,Tembuku,Bangli,Bali,3258,10876,0.0014,0.0011,0.4999,0.4976,0.1344,0.1707,0.2785,0.2711,0.0777,0.0676,0.0002,0.0002,0.0004,0.0004,0.0001,0.0001,0.0001,0.0002,0.0003,0.0003,0.0001,0.0001,0.0672,0.0854,0.1392,0.1355,0.0388,0.0338,0.0669,0.085,0.1386,0.1349,0.0387,0.0336
51.08.09.2008,Penuktukan,Tejakula,Buleleng,Bali,1830,5748,0.0057,0.0054,0.505,0.4838,0.1446,0.1743,0.2872,0.2594,0.0799,0.0546,0.0008,0.001,0.0016,0.0015,0.0005,0.0003,0.0008,0.0009,0.0015,0.0014,0.0004,0.0003,0.073,0.088,0.1451,0.131,0.0403,0.0276,0.0699,0.0843,0.139,0.1255,0.0386,0.0264
51.08.01.2006,Penyabangan,Gerokgak,Buleleng,Bali,2165,6792,0.0028,0.0009,0.5021,0.4943,0.1639,0.172,0.2995,0.2775,0.0554,0.0318,0.0005,0.0005,0.0008,0.0008,0.0002,0.0001,0.0001,0.0002,0.0003,0.0002,0,0,0.0823,0.0863,0.1504,0.1393,0.0278,0.016,0.081,0.085,0.148,0.1372,0.0274,0.0157
51.01.02.2007,Penyaringan,Mendoyo,Jembrana,Bali,3334,10240,0.0034,0.0015,0.4971,0.498,0.1141,0.1441,0.2672,0.2943,0.103,0.0772,0.0004,0.0005,0.0009,0.001,0.0004,0.0003,0.0002,0.0002,0.0004,0.0004,0.0002,0.0001,0.0567,0.0716,0.1328,0.1463,0.0512,0.0384,0.0568,0.0718,0.1331,0.1466,0.0513,0.0385
51.01.05.2002,Perancak,Jembrana,Jembrana,Bali,1423,4285,0.0054,0.0047,0.4959,0.494,0.137,0.1473,0.281,0.291,0.0936,0.0502,0.0007,0.0008,0.0015,0.0016,0.0005,0.0003,0.0006,0.0007,0.0013,0.0014,0.0004,0.0002,0.0679,0.073,0.1393,0.1443,0.0464,0.0249,0.0677,0.0728,0.1388,0.1438,0.0462,0.0248
51.02.09.2001,Perean,Baturiti,Tabanan,Bali,1112,4075,0.0017,0.0047,0.4923,0.5013,0.1107,0.1227,0.2613,0.2994,0.1151,0.0908,0.0002,0.0002,0.0004,0.0005,0.0002,0.0002,0.0005,0.0006,0.0012,0.0014,0.0005,0.0004,0.0545,0.0604,0.1287,0.1474,0.0567,0.0447,0.0555,0.0615,0.131,0.1501,0.0577,0.0455
51.02.09.2012,Perean Kangin,Baturiti,Tabanan,Bali,1028,3147,0.0025,0.0029,0.4976,0.497,0.0982,0.1316,0.2517,0.3066,0.1042,0.1077,0.0002,0.0003,0.0006,0.0008,0.0003,0.0003,0.0003,0.0004,0.0007,0.0009,0.0003,0.0003,0.0489,0.0655,0.1252,0.1526,0.0519,0.0536,0.0488,0.0654,0.1251,0.1524,0.0518,0.0535
51.02.09.2011,Perean Tengah,Baturiti,Tabanan,Bali,659,2466,0.0036,0.002,0.5061,0.4882,0.1062,0.1306,0.247,0.3122,0.1184,0.0856,0.0004,0.0005,0.0009,0.0011,0.0004,0.0003,0.0002,0.0003,0.0005,0.0006,0.0002,0.0002,0.0538,0.0661,0.125,0.158,0.0599,0.0433,0.0519,0.0638,0.1206,0.1525,0.0578,0.0418
51.03.02.2018,Pererenan,Mengwi,Badung,Bali,752,3380,0.0027,0.0021,0.487,0.5083,0.1251,0.1352,0.2837,0.292,0.0979,0.066,0.0003,0.0004,0.0008,0.0008,0.0003,0.0002,0.0003,0.0003,0.0006,0.0006,0.0002,0.0001,0.0609,0.0658,0.1382,0.1422,0.0477,0.0321,0.0636,0.0687,0.1442,0.1484,0.0498,0.0335
51.01.02.2004,Pergung,Mendoyo,Jembrana,Bali,1646,5269,0.0084,0.0034,0.4912,0.4971,0.1366,0.1393,0.2858,0.2716,0.0993,0.0674,0.0011,0.0012,0.0024,0.0023,0.0008,0.0006,0.0005,0.0005,0.001,0.0009,0.0003,0.0002,0.0671,0.0684,0.1404,0.1334,0.0488,0.0331,0.0679,0.0692,0.1421,0.135,0.0493,0.0335
51.04.02.2002,Pering,Blahbatuh,Gianyar,Bali,2255,9417,0.005,0.0033,0.4965,0.4952,0.1221,0.1544,0.2881,0.3121,0.0724,0.0509,0.0006,0.0008,0.0014,0.0016,0.0004,0.0003,0.0004,0.0005,0.0009,0.001,0.0002,0.0002,0.0606,0.0767,0.1431,0.155,0.036,0.0253,0.0605,0.0765,0.1427,0.1545,0.0359,0.0252
51.07.07.2007,Peringsari,Selat,Karangasem,Bali,2093,6593,0.0067,0.0058,0.4908,0.4967,0.1265,0.1556,0.2886,0.26,0.0874,0.0819,0.0008,0.001,0.0019,0.0017,0.0006,0.0005,0.0007,0.0009,0.0017,0.0015,0.0005,0.0005,0.0621,0.0764,0.1417,0.1276,0.0429,0.0402,0.0628,0.0773,0.1434,0.1291,0.0434,0.0407
51.07.04.2009,Pertima,Karangasem,Karangasem,Bali,2291,6984,0.0026,0.002,0.4987,0.4967,0.1233,0.1621,0.2593,0.2816,0.0916,0.082,0.0003,0.0004,0.0007,0.0007,0.0002,0.0002,0.0002,0.0003,0.0005,0.0006,0.0002,0.0002,0.0615,0.0808,0.1293,0.1405,0.0457,0.0409,0.0612,0.0805,0.1288,0.1399,0.0455,0.0408
51.02.08.2017,Pesagi,Penebel,Tabanan,Bali,697,1871,0.0011,0.0021,0.4805,0.5163,0.0791,0.1187,0.2336,0.2897,0.1475,0.1315,0.0001,0.0001,0.0002,0.0003,0.0002,0.0001,0.0002,0.0003,0.0005,0.0006,0.0003,0.0003,0.038,0.057,0.1122,0.1392,0.0709,0.0632,0.0408,0.0613,0.1206,0.1496,0.0762,0.0679
51.05.04.2008,Pesinggahan,Dawan,Klungkung,Bali,1409,4693,0.0053,0.0034,0.4958,0.4954,0.1229,0.16,0.2928,0.2774,0.0793,0.0675,0.0007,0.0009,0.0016,0.0015,0.0004,0.0004,0.0004,0.0005,0.001,0.0009,0.0003,0.0002,0.061,0.0793,0.1452,0.1376,0.0393,0.0335,0.0609,0.0793,0.145,0.1374,0.0393,0.0335
51.04.03.2012,Petak,Gianyar,Gianyar,Bali,1138,4377,0.0057,0.0043,0.5026,0.4873,0.1183,0.1357,0.2796,0.2938,0.0912,0.0813,0.0007,0.0008,0.0016,0.0017,0.0005,0.0005,0.0005,0.0006,0.0012,0.0013,0.0004,0.0004,0.0595,0.0682,0.1406,0.1477,0.0458,0.0409,0.0577,0.0661,0.1363,0.1432,0.0444,0.0396
51.04.03.2014,Petak Kaja,Gianyar,Gianyar,Bali,1034,4131,0.0048,0.0024,0.5064,0.4863,0.1285,0.1334,0.2815,0.268,0.106,0.0825,0.0006,0.0006,0.0014,0.0013,0.0005,0.0004,0.0003,0.0003,0.0007,0.0006,0.0003,0.0002,0.0651,0.0675,0.1426,0.1357,0.0537,0.0418,0.0625,0.0649,0.1369,0.1303,0.0516,0.0401
51.08.06.2015,Petandakan,Buleleng,Buleleng,Bali,835,2684,0.0056,0.0022,0.5115,0.4806,0.1535,0.1688,0.3115,0.2604,0.0574,0.0484,0.0009,0.0009,0.0017,0.0015,0.0003,0.0003,0.0003,0.0004,0.0007,0.0006,0.0001,0.0001,0.0785,0.0863,0.1593,0.1332,0.0294,0.0248,0.0738,0.0811,0.1497,0.1252,0.0276,0.0233
51.03.04.2002,Petang,Petang,Badung,Bali,1294,4517,0.0042,0.002,0.4983,0.4955,0.1229,0.1384,0.2876,0.2925,0.0852,0.0735,0.0005,0.0006,0.0012,0.0012,0.0004,0.0003,0.0002,0.0003,0.0006,0.0006,0.0002,0.0001,0.0612,0.069,0.1433,0.1457,0.0425,0.0366,0.0609,0.0686,0.1425,0.1449,0.0422,0.0364
51.02.07.2009,Petiga,Marga,Tabanan,Bali,647,1904,0.0026,0.0016,0.4995,0.4963,0.1239,0.104,0.2721,0.3051,0.1092,0.0856,0.0003,0.0003,0.0007,0.0008,0.0003,0.0002,0.0002,0.0002,0.0004,0.0005,0.0002,0.0001,0.0619,0.0519,0.1359,0.1524,0.0546,0.0428,0.0615,0.0516,0.135,0.1515,0.0542,0.0425
51.04.05.2007,Petulu,Ubud,Gianyar,Bali,1210,5269,0.0049,0.0049,0.4883,0.5018,0.1292,0.1319,0.2913,0.2995,0.0869,0.0611,0.0006,0.0007,0.0014,0.0015,0.0004,0.0003,0.0006,0.0007,0.0014,0.0015,0.0004,0.0003,0.0631,0.0644,0.1423,0.1462,0.0424,0.0298,0.0649,0.0662,0.1462,0.1503,0.0436,0.0307
51.07.05.2006,Pidpid,Abang,Karangasem,Bali,1393,4436,0,0,0.5158,0.4842,0.1549,0.1621,0.2937,0.2482,0.0706,0.0706,0,0,0,0,0,0,0,0,0,0,0,0,0.0799,0.0836,0.1515,0.128,0.0364,0.0364,0.075,0.0785,0.1422,0.1202,0.0342,0.0342
51.05.04.2010,Pikat,Dawan,Klungkung,Bali,1114,3992,0.0068,0.0043,0.4987,0.4902,0.123,0.1413,0.2791,0.2933,0.0852,0.0782,0.0008,0.001,0.0019,0.002,0.0006,0.0005,0.0005,0.0006,0.0012,0.0012,0.0004,0.0003,0.0613,0.0705,0.1392,0.1463,0.0425,0.039,0.0603,0.0693,0.1368,0.1438,0.0418,0.0383
51.06.04.2047,Pinggan,Kintamani,Bangli,Bali,663,2096,0,0,0.5138,0.4862,0.1512,0.1746,0.3187,0.2514,0.0649,0.0391,0,0,0,0,0,0,0,0,0,0,0,0,0.0777,0.0897,0.1638,0.1292,0.0333,0.0201,0.0735,0.0849,0.1549,0.1222,0.0315,0.019
51.02.08.2006,Pitra,Penebel,Tabanan,Bali,782,2142,0.0028,0.0051,0.4757,0.5163,0.0971,0.1335,0.2488,0.2722,0.1377,0.1106,0.0003,0.0004,0.0007,0.0008,0.0004,0.0003,0.0005,0.0007,0.0013,0.0014,0.0007,0.0006,0.0462,0.0635,0.1184,0.1295,0.0655,0.0526,0.0501,0.0689,0.1285,0.1405,0.0711,0.0571
51.08.06.2017,Poh Bergong,Buleleng,Buleleng,Bali,1109,3388,0.0136,0.01,0.5015,0.4749,0.1364,0.1694,0.3259,0.2485,0.0747,0.0452,0.0019,0.0023,0.0044,0.0034,0.001,0.0006,0.0014,0.0017,0.0033,0.0025,0.0007,0.0005,0.0684,0.085,0.1634,0.1246,0.0374,0.0226,0.0648,0.0805,0.1548,0.118,0.0355,0.0214
51.01.02.2002,Pohsanten,Mendoyo,Jembrana,Bali,2301,7552,0,0,0.5019,0.4981,0.1434,0.1463,0.282,0.2663,0.1009,0.061,0,0,0,0,0,0,0,0,0,0,0,0,0.072,0.0734,0.1415,0.1336,0.0506,0.0306,0.0714,0.0729,0.1405,0.1326,0.0503,0.0304
51.08.03.2004,Pucaksari,Busungbiu,Buleleng,Bali,959,3082,0.0029,0.0042,0.5107,0.4822,0.1223,0.1655,0.2664,0.2758,0.098,0.072,0.0004,0.0005,0.0008,0.0008,0.0003,0.0002,0.0005,0.0007,0.0011,0.0012,0.0004,0.0003,0.0625,0.0845,0.136,0.1409,0.05,0.0368,0.059,0.0798,0.1284,0.133,0.0472,0.0347
51.04.07.2004,Puhu,Payangan,Gianyar,Bali,1410,5947,0.0008,0.0005,0.4954,0.5033,0.1127,0.1392,0.2716,0.2961,0.0989,0.0816,0.0001,0.0001,0.0002,0.0002,0.0001,0.0001,0.0001,0.0001,0.0001,0.0001,0,0,0.0558,0.069,0.1345,0.1467,0.049,0.0404,0.0567,0.0701,0.1367,0.149,0.0498,0.041
51.02.10.2006,Pujungan,Pupuan,Tabanan,Bali,2042,7162,0.0036,0.0025,0.5124,0.4814,0.1082,0.1389,0.2858,0.2994,0.1033,0.0644,0.0004,0.0005,0.001,0.0011,0.0004,0.0002,0.0003,0.0003,0.0007,0.0008,0.0003,0.0002,0.0554,0.0712,0.1465,0.1534,0.0529,0.033,0.0521,0.0669,0.1376,0.1441,0.0497,0.031
51.01.03.2002,Pulukan,Pekutatan,Jembrana,Bali,1571,5070,0.0063,0.0037,0.4844,0.5055,0.1462,0.1606,0.2955,0.2714,0.0807,0.0458,0.0009,0.001,0.0019,0.0017,0.0005,0.0003,0.0005,0.0006,0.0011,0.001,0.0003,0.0002,0.0708,0.0778,0.1431,0.1315,0.0391,0.0222,0.0739,0.0812,0.1494,0.1372,0.0408,0.0231
51.03.03.2014,Punggul,Abiansemal,Badung,Bali,1000,3340,0.0144,0.0159,0.4757,0.494,0.1314,0.1467,0.2638,0.2982,0.0865,0.0734,0.0019,0.0021,0.0038,0.0043,0.0012,0.0011,0.0021,0.0023,0.0042,0.0047,0.0014,0.0012,0.0625,0.0698,0.1255,0.1419,0.0412,0.0349,0.0649,0.0725,0.1303,0.1473,0.0427,0.0362
51.02.10.2007,Pupuan,Pupuan,Tabanan,Bali,962,3234,0.0019,0.0025,0.5034,0.4923,0.1101,0.1351,0.2724,0.3024,0.1048,0.0751,0.0002,0.0003,0.0005,0.0006,0.0002,0.0001,0.0003,0.0003,0.0007,0.0007,0.0003,0.0002,0.0554,0.068,0.1371,0.1522,0.0528,0.0378,0.0542,0.0665,0.1341,0.1489,0.0516,0.037
51.04.06.2005,Pupuan,Tegallalang,Gianyar,Bali,1583,6981,0.0027,0.0026,0.5104,0.4843,0.1135,0.1604,0.3027,0.2796,0.0799,0.0639,0.0003,0.0004,0.0008,0.0008,0.0002,0.0002,0.0003,0.0004,0.0008,0.0007,0.0002,0.0002,0.0579,0.0819,0.1545,0.1427,0.0408,0.0326,0.0549,0.0777,0.1466,0.1354,0.0387,0.0309
51.02.01.2003,Pupuan Sawah,Selemadeg,Tabanan,Bali,353,1024,0.0078,0.0107,0.4678,0.5137,0.0898,0.1191,0.2441,0.2998,0.1191,0.1279,0.0007,0.0009,0.0019,0.0023,0.0009,0.001,0.001,0.0013,0.0026,0.0032,0.0013,0.0014,0.042,0.0557,0.1142,0.1402,0.0557,0.0598,0.0462,0.0612,0.1254,0.154,0.0612,0.0657
51.07.05.2009,Purwa Kerthi,Abang,Karangasem,Bali,2005,6850,0.0045,0.0063,0.5042,0.485,0.1629,0.1657,0.3145,0.2372,0.0701,0.0496,0.0007,0.0007,0.0014,0.0011,0.0003,0.0002,0.001,0.001,0.002,0.0015,0.0004,0.0003,0.0821,0.0835,0.1586,0.1196,0.0353,0.025,0.079,0.0804,0.1525,0.115,0.034,0.0241
51.08.02.2004,Rangdu,Seririt,Buleleng,Bali,457,1279,0.0055,0.0055,0.5012,0.4879,0.1228,0.1556,0.2744,0.2611,0.0993,0.0868,0.0007,0.0009,0.0015,0.0014,0.0005,0.0005,0.0007,0.0009,0.0015,0.0014,0.0005,0.0005,0.0615,0.078,0.1375,0.1309,0.0498,0.0435,0.0599,0.0759,0.1339,0.1274,0.0484,0.0423
51.02.08.2001,Rejasa,Penebel,Tabanan,Bali,607,1549,0.0032,0.0077,0.4893,0.4997,0.1007,0.0826,0.2414,0.2718,0.1491,0.1543,0.0003,0.0003,0.0008,0.0009,0.0005,0.0005,0.0008,0.0006,0.0019,0.0021,0.0012,0.0012,0.0493,0.0404,0.1182,0.133,0.073,0.0755,0.0503,0.0413,0.1206,0.1358,0.0745,0.0771
51.07.01.2002,Rendang,Rendang,Karangasem,Bali,2603,7809,0,0,0.4933,0.5067,0.1234,0.1515,0.272,0.274,0.0995,0.0795,0,0,0,0,0,0,0,0,0,0,0,0,0.0609,0.0747,0.1342,0.1352,0.0491,0.0392,0.0626,0.0768,0.1378,0.1389,0.0504,0.0403
51.71.01.1005,Renon,Denpasar Selatan,Kota Denpasar,Bali,3459,12291,0.0022,0.0015,0.4891,0.5073,0.1237,0.1613,0.2963,0.3015,0.0771,0.04,0.0003,0.0004,0.0007,0.0007,0.0002,0.0001,0.0002,0.0002,0.0004,0.0004,0.0001,0.0001,0.0605,0.0789,0.1449,0.1475,0.0377,0.0196,0.0628,0.0818,0.1503,0.153,0.0391,0.0203
51.02.08.2003,Riang Gede,Penebel,Tabanan,Bali,1062,2790,0.0022,0.0029,0.491,0.5039,0.0889,0.0918,0.2405,0.3032,0.1312,0.1444,0.0002,0.0002,0.0005,0.0007,0.0003,0.0003,0.0003,0.0003,0.0007,0.0009,0.0004,0.0004,0.0436,0.0451,0.1181,0.1489,0.0644,0.0709,0.0448,0.0462,0.1212,0.1528,0.0661,0.0728
51.08.02.2003,Ringdikit,Seririt,Buleleng,Bali,1818,5323,0.0077,0.0053,0.4892,0.4978,0.1467,0.1619,0.2933,0.2636,0.0821,0.0524,0.0011,0.0012,0.0023,0.002,0.0006,0.0004,0.0008,0.0009,0.0015,0.0014,0.0004,0.0003,0.0718,0.0792,0.1435,0.1289,0.0402,0.0256,0.073,0.0806,0.146,0.1312,0.0409,0.0261
51.04.02.2001,Saba,Blahbatuh,Gianyar,Bali,2251,9946,0.0047,0.0039,0.4948,0.4966,0.1182,0.1584,0.269,0.3055,0.0873,0.0616,0.0006,0.0007,0.0013,0.0014,0.0004,0.0003,0.0005,0.0006,0.0011,0.0012,0.0003,0.0002,0.0585,0.0783,0.1331,0.1512,0.0432,0.0305,0.0587,0.0786,0.1336,0.1517,0.0433,0.0306
51.03.02.1015,Sading,Mengwi,Badung,Bali,2149,8873,0.0037,0.0029,0.4926,0.5007,0.1163,0.1494,0.288,0.3077,0.0891,0.0495,0.0004,0.0006,0.0011,0.0011,0.0003,0.0002,0.0003,0.0004,0.0008,0.0009,0.0003,0.0001,0.0573,0.0736,0.1419,0.1516,0.0439,0.0244,0.0582,0.0748,0.1442,0.1541,0.0446,0.0248
51.02.10.2014,Sai,Pupuan,Tabanan,Bali,462,1882,0.0053,0.0037,0.5128,0.4782,0.1137,0.1472,0.2853,0.2986,0.0978,0.0574,0.0006,0.0008,0.0015,0.0016,0.0005,0.0003,0.0004,0.0005,0.0011,0.0011,0.0004,0.0002,0.0583,0.0755,0.1463,0.1531,0.0501,0.0294,0.0544,0.0704,0.1365,0.1428,0.0468,0.0274
51.05.01.2001,Sakti,Nusa Penida,Klungkung,Bali,1465,4880,0.0035,0.0027,0.5029,0.491,0.1594,0.1484,0.2973,0.251,0.0742,0.0697,0.0006,0.0005,0.001,0.0009,0.0003,0.0002,0.0004,0.0004,0.0008,0.0007,0.0002,0.0002,0.0802,0.0746,0.1495,0.1262,0.0373,0.035,0.0783,0.0728,0.146,0.1232,0.0364,0.0342
51.08.05.2010,Sambangan,Sukasada,Buleleng,Bali,2061,6641,0.003,0.0014,0.5103,0.4853,0.1397,0.1699,0.3055,0.2689,0.081,0.0349,0.0004,0.0005,0.0009,0.0008,0.0002,0.0001,0.0002,0.0002,0.0004,0.0004,0.0001,0,0.0713,0.0867,0.1559,0.1372,0.0413,0.0178,0.0678,0.0824,0.1483,0.1305,0.0393,0.017
51.08.09.2009,Sambirenteng,Tejakula,Buleleng,Bali,1851,5632,0.0034,0.003,0.5067,0.4869,0.1355,0.1587,0.2924,0.2708,0.0842,0.0584,0.0005,0.0005,0.001,0.0009,0.0003,0.0002,0.0004,0.0005,0.0009,0.0008,0.0003,0.0002,0.0687,0.0804,0.1482,0.1372,0.0426,0.0296,0.066,0.0773,0.1424,0.1318,0.041,0.0284
51.05.04.2003,Sampalan Kelod,Dawan,Klungkung,Bali,902,3265,0.0049,0.0037,0.4888,0.5026,0.1338,0.1568,0.268,0.2613,0.1032,0.0769,0.0007,0.0008,0.0013,0.0013,0.0005,0.0004,0.0005,0.0006,0.001,0.001,0.0004,0.0003,0.0654,0.0767,0.131,0.1277,0.0505,0.0376,0.0673,0.0788,0.1347,0.1313,0.0519,0.0386
51.05.04.2002,Sampalan Tengah,Dawan,Klungkung,Bali,537,2007,0.009,0.0025,0.4843,0.5042,0.1246,0.1535,0.2576,0.3039,0.0832,0.0772,0.0011,0.0014,0.0023,0.0027,0.0007,0.0007,0.0003,0.0004,0.0006,0.0008,0.0002,0.0002,0.0603,0.0743,0.1248,0.1472,0.0403,0.0374,0.0628,0.0774,0.1299,0.1533,0.042,0.0389
51.04.03.1003,Samplangan,Gianyar,Gianyar,Bali,1441,5883,0.0022,0.0019,0.5004,0.4955,0.1248,0.153,0.2805,0.2983,0.0867,0.0568,0.0003,0.0003,0.0006,0.0007,0.0002,0.0001,0.0002,0.0003,0.0005,0.0006,0.0002,0.0001,0.0624,0.0766,0.1404,0.1493,0.0434,0.0284,0.0618,0.0758,0.139,0.1478,0.043,0.0281
51.02.04.2008,Samsam,Kerambitan,Tabanan,Bali,1316,3979,0.002,0.0028,0.4833,0.5119,0.1214,0.1282,0.2674,0.294,0.1131,0.0759,0.0002,0.0003,0.0005,0.0006,0.0002,0.0002,0.0003,0.0004,0.0007,0.0008,0.0003,0.0002,0.0587,0.0619,0.1292,0.1421,0.0547,0.0367,0.0621,0.0656,0.1369,0.1505,0.0579,0.0389
51.02.10.2002,Sanda,Pupuan,Tabanan,Bali,536,1603,0.0075,0.0031,0.4891,0.5003,0.1042,0.1316,0.2389,0.2982,0.136,0.0911,0.0008,0.001,0.0018,0.0022,0.001,0.0007,0.0003,0.0004,0.0007,0.0009,0.0004,0.0003,0.051,0.0644,0.1169,0.1458,0.0665,0.0445,0.0521,0.0659,0.1195,0.1492,0.068,0.0456
51.04.04.2002,Sanding,Tampaksiring,Gianyar,Bali,944,3485,0.0029,0.0017,0.5073,0.4881,0.1199,0.1343,0.2867,0.2958,0.0803,0.0829,0.0003,0.0004,0.0008,0.0008,0.0002,0.0002,0.0002,0.0002,0.0005,0.0005,0.0001,0.0001,0.0608,0.0681,0.1454,0.1501,0.0408,0.0421,0.0585,0.0655,0.1399,0.1444,0.0392,0.0405
51.03.03.2013,Sangeh,Abiansemal,Badung,Bali,1444,4744,0.0065,0.0055,0.4874,0.5006,0.1126,0.1551,0.2563,0.3122,0.0809,0.0828,0.0007,0.001,0.0017,0.002,0.0005,0.0005,0.0006,0.0009,0.0014,0.0017,0.0004,0.0005,0.0549,0.0756,0.1249,0.1521,0.0394,0.0404,0.0564,0.0777,0.1283,0.1563,0.0405,0.0415
51.08.01.2008,Sanggalangit,Gerokgak,Buleleng,Bali,1942,6143,0.0044,0.0026,0.4934,0.4996,0.149,0.174,0.2886,0.2686,0.0708,0.049,0.0007,0.0008,0.0013,0.0012,0.0003,0.0002,0.0004,0.0005,0.0008,0.0007,0.0002,0.0001,0.0735,0.0859,0.1424,0.1325,0.0349,0.0242,0.0744,0.0869,0.1442,0.1342,0.0354,0.0245
51.07.02.2004,Sangkan Gunung,Sidemen,Karangasem,Bali,2522,8221,0,0,0.505,0.495,0.1272,0.155,0.3037,0.2699,0.081,0.0631,0,0,0,0,0,0,0,0,0,0,0,0,0.0643,0.0783,0.1534,0.1363,0.0409,0.0319,0.063,0.0767,0.1503,0.1336,0.0401,0.0312
51.01.05.1009,Sangkaragung,Jembrana,Jembrana,Bali,1203,3663,0.0074,0.0041,0.4906,0.498,0.1398,0.139,0.2752,0.2845,0.0988,0.0628,0.001,0.001,0.002,0.0021,0.0007,0.0005,0.0006,0.0006,0.0011,0.0012,0.0004,0.0003,0.0686,0.0682,0.135,0.1396,0.0485,0.0308,0.0696,0.0692,0.137,0.1417,0.0492,0.0313
51.02.08.2018,Sangketan,Penebel,Tabanan,Bali,754,2117,0.0047,0.0047,0.4936,0.4969,0.0987,0.1143,0.239,0.3004,0.136,0.1115,0.0005,0.0005,0.0011,0.0014,0.0006,0.0005,0.0005,0.0005,0.0011,0.0014,0.0006,0.0005,0.0487,0.0564,0.118,0.1483,0.0672,0.055,0.0491,0.0568,0.1188,0.1493,0.0676,0.0554
51.08.07.2012,Sangsit,Sawan,Buleleng,Bali,3620,11224,0.0041,0.0035,0.4974,0.495,0.1418,0.1648,0.2813,0.2703,0.0876,0.0542,0.0006,0.0007,0.0012,0.0011,0.0004,0.0002,0.0005,0.0006,0.001,0.0009,0.0003,0.0002,0.0706,0.082,0.1399,0.1345,0.0436,0.0269,0.0702,0.0816,0.1392,0.1338,0.0434,0.0268
51.71.01.1006,Sanur,Denpasar Selatan,Kota Denpasar,Bali,2487,9742,0.0025,0.0017,0.4892,0.5066,0.1147,0.1422,0.2915,0.308,0.0861,0.0575,0.0003,0.0004,0.0007,0.0008,0.0002,0.0001,0.0002,0.0002,0.0005,0.0005,0.0002,0.0001,0.0561,0.0696,0.1426,0.1507,0.0421,0.0281,0.0581,0.072,0.1477,0.156,0.0436,0.0291
51.71.01.2009,Sanur Kaja,Denpasar Selatan,Kota Denpasar,Bali,2008,7915,0.0024,0.001,0.4941,0.5025,0.1195,0.1454,0.2895,0.2996,0.0834,0.0627,0.0003,0.0003,0.0007,0.0007,0.0002,0.0002,0.0001,0.0001,0.0003,0.0003,0.0001,0.0001,0.0591,0.0719,0.143,0.148,0.0412,0.031,0.0601,0.0731,0.1454,0.1505,0.0419,0.0315
51.71.01.2010,Sanur Kauh,Denpasar Selatan,Kota Denpasar,Bali,3211,11946,0.0028,0.0011,0.4741,0.522,0.1279,0.1441,0.3016,0.2962,0.0812,0.049,0.0004,0.0004,0.0008,0.0008,0.0002,0.0001,0.0001,0.0002,0.0003,0.0003,0.0001,0.0001,0.0606,0.0683,0.143,0.1405,0.0385,0.0232,0.0668,0.0752,0.1574,0.1546,0.0424,0.0256
51.02.01.2006,Serampingan,Selemadeg,Tabanan,Bali,576,1631,0.0037,0.0055,0.4838,0.5071,0.0963,0.1153,0.2416,0.298,0.1202,0.1288,0.0004,0.0004,0.0009,0.0011,0.0004,0.0005,0.0005,0.0006,0.0013,0.0016,0.0007,0.0007,0.0466,0.0558,0.1169,0.1441,0.0581,0.0623,0.0488,0.0584,0.1225,0.1511,0.0609,0.0653
51.08.06.2013,Sarimekar,Buleleng,Buleleng,Bali,1321,4092,0.0051,0.0051,0.5076,0.4822,0.1471,0.1701,0.3087,0.2661,0.0694,0.0386,0.0008,0.0009,0.0016,0.0014,0.0004,0.0002,0.0008,0.0009,0.0016,0.0014,0.0004,0.0002,0.0747,0.0863,0.1567,0.1351,0.0352,0.0196,0.0709,0.082,0.1488,0.1283,0.0335,0.0186
51.05.03.2001,Satra,Klungkung,Klungkung,Bali,351,1500,0.0033,0.0027,0.492,0.502,0.1153,0.1533,0.2653,0.2807,0.094,0.0913,0.0004,0.0005,0.0009,0.0009,0.0003,0.0003,0.0003,0.0004,0.0007,0.0007,0.0003,0.0002,0.0567,0.0754,0.1305,0.1381,0.0462,0.0449,0.0579,0.077,0.1332,0.1409,0.0472,0.0458
51.06.04.2040,Satra,Kintamani,Bangli,Bali,1327,4466,0.0031,0.0027,0.5067,0.4875,0.1308,0.1673,0.2859,0.2653,0.0846,0.0661,0.0004,0.0005,0.0009,0.0008,0.0003,0.0002,0.0004,0.0004,0.0008,0.0007,0.0002,0.0002,0.0663,0.0848,0.1449,0.1345,0.0429,0.0335,0.0637,0.0815,0.1394,0.1293,0.0413,0.0322
51.08.07.2006,Sawan,Sawan,Buleleng,Bali,988,2913,0.0058,0.0038,0.506,0.4844,0.1198,0.1476,0.3062,0.2743,0.0862,0.0659,0.0007,0.0009,0.0018,0.0016,0.0005,0.0004,0.0005,0.0006,0.0012,0.001,0.0003,0.0002,0.0606,0.0747,0.1549,0.1388,0.0436,0.0334,0.058,0.0715,0.1483,0.1329,0.0417,0.0319
51.04.05.2008,Sayan,Ubud,Gianyar,Bali,2143,8069,0.0041,0.0025,0.493,0.5004,0.1207,0.1309,0.2896,0.2979,0.0931,0.0678,0.0005,0.0005,0.0012,0.0012,0.0004,0.0003,0.0003,0.0003,0.0007,0.0007,0.0002,0.0002,0.0595,0.0645,0.1428,0.1469,0.0459,0.0334,0.0604,0.0655,0.1449,0.1491,0.0466,0.0339
51.04.06.2006,Sebatu,Tegallalang,Gianyar,Bali,2248,8706,0.003,0.002,0.4907,0.5044,0.1019,0.1397,0.2895,0.2975,0.0924,0.0791,0.0003,0.0004,0.0009,0.0009,0.0003,0.0002,0.0002,0.0003,0.0006,0.0006,0.0002,0.0002,0.05,0.0685,0.142,0.146,0.0453,0.0388,0.0514,0.0704,0.146,0.15,0.0466,0.0399
51.07.07.2004,Sebudi,Selat,Karangasem,Bali,1796,6078,0.0026,0.0018,0.5,0.4956,0.1464,0.1538,0.2881,0.2609,0.078,0.0727,0.0004,0.0004,0.0008,0.0007,0.0002,0.0002,0.0003,0.0003,0.0005,0.0005,0.0001,0.0001,0.0732,0.0769,0.144,0.1305,0.039,0.0364,0.0726,0.0762,0.1428,0.1293,0.0386,0.036
51.02.05.2012,Sesandan,Tabanan,Tabanan,Bali,833,2329,0.0047,0.0034,0.4852,0.5067,0.0897,0.1232,0.2344,0.3001,0.1322,0.1202,0.0004,0.0006,0.0011,0.0014,0.0006,0.0006,0.0003,0.0004,0.0008,0.001,0.0005,0.0004,0.0435,0.0598,0.1137,0.1456,0.0642,0.0583,0.0455,0.0624,0.1188,0.1521,0.067,0.0609
51.03.03.2006,Sedang,Abiansemal,Badung,Bali,1311,4653,0.0049,0.0047,0.4881,0.5023,0.1285,0.1348,0.2876,0.2972,0.0849,0.0671,0.0006,0.0007,0.0014,0.0015,0.0004,0.0003,0.0006,0.0006,0.0014,0.0014,0.0004,0.0003,0.0627,0.0658,0.1403,0.1451,0.0414,0.0327,0.0645,0.0677,0.1444,0.1493,0.0426,0.0337
51.06.04.2015,Sekaan,Kintamani,Bangli,Bali,606,1975,0.0035,0.002,0.5048,0.4896,0.1306,0.159,0.3013,0.2466,0.0972,0.0653,0.0005,0.0006,0.0011,0.0009,0.0003,0.0002,0.0003,0.0003,0.0006,0.0005,0.0002,0.0001,0.0659,0.0803,0.1521,0.1245,0.0491,0.033,0.064,0.0778,0.1475,0.1207,0.0476,0.032
51.06.04.2017,Sekardadi,Kintamani,Bangli,Bali,629,1993,0,0,0.4962,0.5038,0.1209,0.1721,0.2549,0.3036,0.0848,0.0637,0,0,0,0,0,0,0,0,0,0,0,0,0.06,0.0854,0.1265,0.1506,0.0421,0.0316,0.0609,0.0867,0.1284,0.1529,0.0427,0.0321
51.05.01.2005,Sekartaji,Nusa Penida,Klungkung,Bali,682,2134,0.0028,0.0028,0.5122,0.4822,0.1378,0.1439,0.321,0.2554,0.0581,0.0839,0.0004,0.0004,0.0009,0.0007,0.0002,0.0002,0.0004,0.0004,0.0009,0.0007,0.0002,0.0002,0.0706,0.0737,0.1644,0.1308,0.0298,0.043,0.0664,0.0694,0.1548,0.1231,0.028,0.0404
51.08.07.2003,Sekumpul,Sawan,Buleleng,Bali,506,1581,0.0063,0.0025,0.5085,0.4826,0.1328,0.1708,0.3042,0.2663,0.0683,0.0576,0.0008,0.0011,0.0019,0.0017,0.0004,0.0004,0.0003,0.0004,0.0008,0.0007,0.0002,0.0001,0.0675,0.0868,0.1547,0.1354,0.0347,0.0293,0.0641,0.0824,0.1468,0.1285,0.033,0.0278
51.02.03.2010,Selabih,Selemadeg Barat,Tabanan,Bali,487,1493,0.0013,0.0007,0.4963,0.5017,0.1145,0.1206,0.2512,0.2987,0.1018,0.1132,0.0002,0.0002,0.0003,0.0004,0.0001,0.0002,0.0001,0.0001,0.0002,0.0002,0.0001,0.0001,0.0568,0.0598,0.1247,0.1483,0.0505,0.0562,0.0575,0.0605,0.126,0.1499,0.0511,0.0568
51.02.07.2007,Selanbawak,Marga,Tabanan,Bali,1189,3719,0.0022,0.0027,0.4921,0.5031,0.1137,0.1309,0.2727,0.3151,0.0968,0.0707,0.0002,0.0003,0.0006,0.0007,0.0002,0.0002,0.0003,0.0004,0.0007,0.0008,0.0003,0.0002,0.056,0.0644,0.1342,0.1551,0.0476,0.0348,0.0572,0.0659,0.1372,0.1585,0.0487,0.0356
51.03.03.2017,Selat,Abiansemal,Badung,Bali,734,2485,0.0076,0.0044,0.4765,0.5115,0.1235,0.1513,0.2684,0.3078,0.0793,0.0696,0.0009,0.0012,0.0021,0.0024,0.0006,0.0005,0.0005,0.0007,0.0012,0.0014,0.0004,0.0003,0.0589,0.0721,0.1279,0.1467,0.0378,0.0332,0.0632,0.0774,0.1373,0.1575,0.0405,0.0356
51.05.03.2016,Selat,Klungkung,Klungkung,Bali,1367,5059,0.0036,0.0034,0.5009,0.4922,0.1233,0.1394,0.2692,0.2925,0.0996,0.0759,0.0004,0.0005,0.001,0.001,0.0004,0.0003,0.0004,0.0005,0.0009,0.001,0.0003,0.0003,0.0618,0.0698,0.1349,0.1465,0.0499,0.038,0.0607,0.0686,0.1325,0.144,0.049,0.0374
51.06.01.2008,Selat,Susut,Bangli,Bali,1201,3691,0,0,0.4988,0.5012,0.1176,0.1357,0.2712,0.2858,0.1089,0.0807,0,0,0,0,0,0,0,0,0,0,0,0,0.0586,0.0677,0.1353,0.1426,0.0543,0.0403,0.0589,0.068,0.1359,0.1433,0.0546,0.0405
51.07.07.2002,Selat,Selat,Karangasem,Bali,966,3009,0.0063,0.0033,0.4929,0.4975,0.119,0.1502,0.2778,0.2639,0.1044,0.0847,0.0008,0.0009,0.0018,0.0017,0.0007,0.0005,0.0004,0.0005,0.0009,0.0009,0.0003,0.0003,0.0586,0.074,0.1369,0.1301,0.0514,0.0418,0.0592,0.0747,0.1382,0.1313,0.0519,0.0422
51.08.05.2014,Selat,Sukasada,Buleleng,Bali,2596,9101,0.0044,0.0015,0.5002,0.4939,0.1393,0.1775,0.2903,0.2676,0.0748,0.0505,0.0006,0.0008,0.0013,0.0012,0.0003,0.0002,0.0002,0.0003,0.0004,0.0004,0.0001,0.0001,0.0697,0.0888,0.1452,0.1338,0.0374,0.0253,0.0688,0.0876,0.1434,0.1321,0.037,0.025
51.02.01.2005,Selemadeg,Selemadeg,Tabanan,Bali,924,2717,0.0055,0.007,0.488,0.4994,0.1031,0.1181,0.2576,0.2948,0.1251,0.1012,0.0006,0.0007,0.0014,0.0016,0.0007,0.0006,0.0007,0.0008,0.0018,0.0021,0.0009,0.0007,0.0503,0.0577,0.1257,0.1439,0.0611,0.0494,0.0515,0.059,0.1287,0.1472,0.0625,0.0506
51.05.03.2018,Selisihan,Klungkung,Klungkung,Bali,303,1296,0.0054,0.0023,0.4877,0.5046,0.1127,0.1389,0.2515,0.2793,0.1188,0.0988,0.0006,0.0008,0.0014,0.0015,0.0006,0.0005,0.0003,0.0003,0.0006,0.0006,0.0003,0.0002,0.0549,0.0677,0.1227,0.1362,0.0579,0.0482,0.0568,0.0701,0.1269,0.141,0.06,0.0498
51.06.04.2039,Selulung,Kintamani,Bangli,Bali,798,2532,0.0028,0,0.5043,0.4929,0.1323,0.1521,0.2942,0.2769,0.077,0.0675,0.0004,0.0004,0.0008,0.0008,0.0002,0.0002,0,0,0,0,0,0,0.0667,0.0767,0.1484,0.1396,0.0388,0.0341,0.0652,0.0749,0.145,0.1365,0.038,0.0333
51.07.03.2008,Selumbung,Manggis,Karangasem,Bali,1159,3761,0,0,0.5065,0.4935,0.1183,0.1489,0.2659,0.2805,0.1018,0.0846,0,0,0,0,0,0,0,0,0,0,0,0,0.0599,0.0754,0.1347,0.1421,0.0516,0.0428,0.0584,0.0735,0.1312,0.1384,0.0503,0.0417
51.05.03.1008,Semarapura Kaja,Klungkung,Klungkung,Bali,691,2463,0.0032,0.0024,0.4832,0.5112,0.1246,0.173,0.255,0.2826,0.0869,0.078,0.0004,0.0006,0.0008,0.0009,0.0003,0.0003,0.0003,0.0004,0.0006,0.0007,0.0002,0.0002,0.0602,0.0836,0.1232,0.1365,0.042,0.0377,0.0637,0.0884,0.1303,0.1444,0.0444,0.0398
51.05.03.1011,Semarapura Kangin,Klungkung,Klungkung,Bali,1233,4340,0.0039,0.0018,0.497,0.4972,0.1332,0.165,0.2673,0.2721,0.0887,0.0737,0.0005,0.0006,0.001,0.0011,0.0003,0.0003,0.0002,0.0003,0.0005,0.0005,0.0002,0.0001,0.0662,0.082,0.1328,0.1352,0.0441,0.0366,0.0662,0.082,0.1329,0.1353,0.0441,0.0367
51.05.03.1009,Semarapura Kauh,Klungkung,Klungkung,Bali,646,2416,0.005,0.0017,0.4719,0.5215,0.132,0.1784,0.2529,0.2558,0.0882,0.0927,0.0007,0.0009,0.0013,0.0013,0.0004,0.0005,0.0002,0.0003,0.0004,0.0004,0.0001,0.0002,0.0623,0.0842,0.1193,0.1207,0.0416,0.0437,0.0689,0.093,0.1319,0.1334,0.046,0.0484
51.05.03.1013,Semarapura Kelod,Klungkung,Klungkung,Bali,1706,6318,0.0024,0.0013,0.4877,0.5087,0.1355,0.1828,0.2787,0.2662,0.0863,0.0505,0.0003,0.0004,0.0007,0.0006,0.0002,0.0001,0.0002,0.0002,0.0004,0.0003,0.0001,0.0001,0.0661,0.0891,0.1359,0.1298,0.0421,0.0246,0.0689,0.093,0.1418,0.1354,0.0439,0.0257
51.05.03.1012,Semarapura Kelod Kangin,Klungkung,Klungkung,Bali,2166,7499,0.0024,0.0016,0.497,0.499,0.1459,0.1763,0.289,0.2696,0.0756,0.0436,0.0004,0.0004,0.0007,0.0006,0.0002,0.0001,0.0002,0.0003,0.0005,0.0004,0.0001,0.0001,0.0725,0.0876,0.1436,0.134,0.0376,0.0217,0.0728,0.088,0.1442,0.1345,0.0377,0.0218
51.05.03.1010,Semarapura Tengah,Klungkung,Klungkung,Bali,1255,4463,0.0034,0.0029,0.4873,0.5064,0.1356,0.1741,0.2801,0.2691,0.0847,0.0565,0.0005,0.0006,0.0009,0.0009,0.0003,0.0002,0.0004,0.0005,0.0008,0.0008,0.0002,0.0002,0.0661,0.0848,0.1365,0.1311,0.0413,0.0275,0.0686,0.0882,0.1418,0.1363,0.0429,0.0286
51.08.09.2001,Sembiran,Tejakula,Buleleng,Bali,1809,6303,0.0044,0.0029,0.5059,0.4868,0.1544,0.174,0.2934,0.2507,0.0712,0.0563,0.0007,0.0008,0.0013,0.0011,0.0003,0.0003,0.0004,0.0005,0.0008,0.0007,0.0002,0.0002,0.0781,0.0881,0.1484,0.1268,0.036,0.0285,0.0751,0.0847,0.1428,0.122,0.0347,0.0274
51.03.02.2007,Sembung,Mengwi,Badung,Bali,1917,6170,0.0068,0.0088,0.4877,0.4968,0.1253,0.1334,0.2715,0.2955,0.1002,0.0742,0.0009,0.0009,0.0018,0.002,0.0007,0.0005,0.0011,0.0012,0.0024,0.0026,0.0009,0.0006,0.0611,0.0651,0.1324,0.1441,0.0488,0.0362,0.0622,0.0663,0.1349,0.1468,0.0498,0.0369
51.02.04.2012,Sembung Gede,Kerambitan,Tabanan,Bali,1685,4965,0.0052,0.0028,0.4922,0.4997,0.1126,0.1217,0.2671,0.2991,0.1049,0.0947,0.0006,0.0006,0.0014,0.0016,0.0005,0.0005,0.0003,0.0003,0.0008,0.0008,0.0003,0.0003,0.0554,0.0599,0.1315,0.1472,0.0517,0.0466,0.0563,0.0608,0.1335,0.1495,0.0524,0.0473
51.03.01.1005,Seminyak,Kuta,Badung,Bali,1021,4106,0.0024,0.0007,0.4978,0.499,0.1206,0.1452,0.2979,0.294,0.0818,0.0606,0.0003,0.0004,0.0007,0.0007,0.0002,0.0001,0.0001,0.0001,0.0002,0.0002,0.0001,0,0.06,0.0723,0.1483,0.1463,0.0407,0.0302,0.0602,0.0724,0.1486,0.1467,0.0408,0.0303
51.03.02.1005,Sempidi,Mengwi,Badung,Bali,1781,7486,0.0027,0.0024,0.4951,0.4999,0.1309,0.1487,0.2879,0.2944,0.0835,0.0546,0.0003,0.0004,0.0008,0.0008,0.0002,0.0001,0.0003,0.0004,0.0007,0.0007,0.0002,0.0001,0.0648,0.0736,0.1425,0.1458,0.0413,0.027,0.0654,0.0743,0.1439,0.1472,0.0417,0.0273
51.02.08.2012,Senganan,Penebel,Tabanan,Bali,2381,6727,0.0049,0.003,0.4922,0.4999,0.1052,0.1226,0.2609,0.2937,0.1146,0.1029,0.0005,0.0006,0.0013,0.0014,0.0006,0.0005,0.0003,0.0004,0.0008,0.0009,0.0003,0.0003,0.0518,0.0604,0.1284,0.1446,0.0564,0.0506,0.0526,0.0613,0.1304,0.1468,0.0573,0.0514
51.07.03.2012,Sengkidu,Manggis,Karangasem,Bali,827,2657,0,0,0.4859,0.5141,0.1329,0.1528,0.2548,0.2857,0.0956,0.0783,0,0,0,0,0,0,0,0,0,0,0,0,0.0646,0.0742,0.1238,0.1388,0.0464,0.038,0.0683,0.0786,0.131,0.1469,0.0491,0.0402
51.08.03.2001,Sepang,Busungbiu,Buleleng,Bali,1572,5324,0.0036,0.0013,0.503,0.4921,0.1311,0.1771,0.2755,0.2789,0.0718,0.0656,0.0005,0.0006,0.001,0.001,0.0003,0.0002,0.0002,0.0002,0.0004,0.0004,0.0001,0.0001,0.0659,0.0891,0.1386,0.1403,0.0361,0.033,0.0645,0.0872,0.1356,0.1373,0.0353,0.0323
51.08.03.2015,Sepang Kelod,Busungbiu,Buleleng,Bali,1149,4213,0.0024,0.0028,0.5037,0.4911,0.1303,0.16,0.2808,0.2834,0.089,0.0565,0.0003,0.0004,0.0007,0.0007,0.0002,0.0001,0.0004,0.0005,0.0008,0.0008,0.0003,0.0002,0.0656,0.0806,0.1414,0.1427,0.0448,0.0285,0.064,0.0786,0.1379,0.1392,0.0437,0.0277
51.06.04.2030,Serai,Kintamani,Bangli,Bali,340,1190,0.0143,0.005,0.5067,0.4739,0.1504,0.1555,0.3336,0.2429,0.0714,0.0462,0.0021,0.0022,0.0048,0.0035,0.001,0.0007,0.0008,0.0008,0.0017,0.0012,0.0004,0.0002,0.0762,0.0788,0.169,0.1231,0.0362,0.0234,0.0713,0.0737,0.1581,0.1151,0.0339,0.0219
51.71.01.1001,Serangan,Denpasar Selatan,Kota Denpasar,Bali,1140,4109,0.0037,0.0034,0.505,0.488,0.1283,0.1684,0.2838,0.3108,0.0679,0.0409,0.0005,0.0006,0.001,0.0011,0.0002,0.0001,0.0004,0.0006,0.001,0.0011,0.0002,0.0001,0.0648,0.085,0.1433,0.1569,0.0343,0.0206,0.0626,0.0822,0.1385,0.1516,0.0331,0.02
51.07.04.2006,Seraya,Karangasem,Karangasem,Bali,3564,11300,0.0032,0.0021,0.4999,0.4948,0.1427,0.1671,0.3073,0.2663,0.075,0.0416,0.0005,0.0005,0.001,0.0008,0.0002,0.0001,0.0003,0.0004,0.0007,0.0006,0.0002,0.0001,0.0713,0.0835,0.1536,0.1331,0.0375,0.0208,0.0706,0.0827,0.1521,0.1318,0.0371,0.0206
51.07.04.2007,Seraya Barat,Karangasem,Karangasem,Bali,2023,6076,0.0071,0.0058,0.5013,0.4858,0.133,0.1618,0.2786,0.2852,0.0769,0.0645,0.0009,0.0011,0.002,0.002,0.0005,0.0005,0.0008,0.0009,0.0016,0.0016,0.0004,0.0004,0.0667,0.0811,0.1397,0.143,0.0385,0.0323,0.0646,0.0786,0.1354,0.1386,0.0373,0.0313
51.07.04.2008,Seraya Timur,Karangasem,Karangasem,Bali,2519,8653,0.0046,0.0027,0.512,0.4808,0.1636,0.1732,0.3657,0.2188,0.0496,0.0291,0.0008,0.0008,0.0017,0.001,0.0002,0.0001,0.0004,0.0005,0.001,0.0006,0.0001,0.0001,0.0838,0.0887,0.1872,0.112,0.0254,0.0149,0.0787,0.0833,0.1758,0.1052,0.0238,0.014
51.08.02.1015,Seririt,Seririt,Buleleng,Bali,2535,7777,0.0031,0.0027,0.5015,0.4927,0.1412,0.1641,0.295,0.2711,0.0829,0.0458,0.0004,0.0005,0.0009,0.0008,0.0003,0.0001,0.0004,0.0004,0.0008,0.0007,0.0002,0.0001,0.0708,0.0823,0.1479,0.1359,0.0416,0.023,0.0696,0.0808,0.1453,0.1336,0.0409,0.0226
51.04.03.2013,Serongga,Gianyar,Gianyar,Bali,1254,5406,0.0076,0.0065,0.4891,0.4969,0.1258,0.1504,0.2858,0.2928,0.0919,0.0533,0.001,0.0011,0.0022,0.0022,0.0007,0.0004,0.0008,0.001,0.0019,0.0019,0.0006,0.0003,0.0615,0.0736,0.1398,0.1432,0.045,0.0261,0.0625,0.0747,0.142,0.1455,0.0457,0.0265
51.71.01.1003,Sesetan,Denpasar Selatan,Kota Denpasar,Bali,11258,40515,0.0011,0.0006,0.4968,0.5015,0.1261,0.1582,0.3061,0.3031,0.0731,0.0334,0.0001,0.0002,0.0003,0.0003,0.0001,0,0.0001,0.0001,0.0002,0.0002,0,0,0.0626,0.0786,0.1521,0.1506,0.0363,0.0166,0.0632,0.0793,0.1535,0.152,0.0367,0.0167
51.06.04.2046,Siakin,Kintamani,Bangli,Bali,636,2167,0.0014,0.0018,0.5173,0.4795,0.1551,0.1818,0.3161,0.2432,0.0637,0.0401,0.0002,0.0003,0.0004,0.0003,0.0001,0.0001,0.0003,0.0003,0.0006,0.0004,0.0001,0.0001,0.0802,0.0941,0.1635,0.1258,0.0329,0.0208,0.0743,0.0872,0.1516,0.1166,0.0305,0.0192
51.04.03.2010,Siangan,Gianyar,Gianyar,Bali,1510,6497,0.0052,0.0028,0.4988,0.4932,0.1214,0.1522,0.271,0.3018,0.0834,0.07,0.0006,0.0008,0.0014,0.0016,0.0004,0.0004,0.0003,0.0004,0.0008,0.0008,0.0002,0.0002,0.0606,0.0759,0.1352,0.1506,0.0416,0.0349,0.0599,0.0751,0.1337,0.1488,0.0411,0.0345
51.03.03.2003,Sibanggede,Abiansemal,Badung,Bali,2245,7769,0.004,0.005,0.4905,0.5005,0.124,0.1326,0.2855,0.3024,0.088,0.0676,0.0005,0.0005,0.0011,0.0012,0.0004,0.0003,0.0006,0.0007,0.0014,0.0015,0.0004,0.0003,0.0608,0.065,0.14,0.1483,0.0432,0.0331,0.062,0.0663,0.1429,0.1513,0.0441,0.0338
51.03.03.2002,Sibangkaja,Abiansemal,Badung,Bali,1727,7084,0.0028,0.0025,0.4905,0.5041,0.1198,0.1513,0.2737,0.2984,0.092,0.0647,0.0003,0.0004,0.0008,0.0008,0.0003,0.0002,0.0003,0.0004,0.0007,0.0008,0.0002,0.0002,0.0588,0.0742,0.1343,0.1464,0.0451,0.0317,0.0604,0.0763,0.138,0.1504,0.0464,0.0326
51.07.06.2004,Sibetan,Bebandem,Karangasem,Bali,3102,10212,0.0049,0.0029,0.4873,0.5049,0.1395,0.1552,0.2642,0.2698,0.0965,0.0748,0.0007,0.0008,0.0013,0.0013,0.0005,0.0004,0.0004,0.0005,0.0008,0.0008,0.0003,0.0002,0.068,0.0756,0.1287,0.1315,0.047,0.0365,0.0705,0.0784,0.1334,0.1362,0.0487,0.0378
51.71.01.2007,Sidakarya,Denpasar Selatan,Kota Denpasar,Bali,5226,18222,0.001,0.0007,0.4918,0.5064,0.1281,0.1613,0.298,0.3054,0.0734,0.0337,0.0001,0.0002,0.0003,0.0003,0.0001,0,0.0001,0.0001,0.0002,0.0002,0.0001,0,0.063,0.0793,0.1466,0.1502,0.0361,0.0166,0.0649,0.0817,0.1509,0.1547,0.0372,0.0171
51.04.03.2002,Sidan,Gianyar,Gianyar,Bali,1309,5632,0.0046,0.0036,0.4957,0.4961,0.1213,0.1573,0.2665,0.2972,0.0898,0.0678,0.0006,0.0007,0.0012,0.0014,0.0004,0.0003,0.0004,0.0006,0.0009,0.0011,0.0003,0.0002,0.0601,0.078,0.1321,0.1473,0.0445,0.0336,0.0602,0.078,0.1322,0.1475,0.0446,0.0336
51.07.02.2003,Sidemen,Sidemen,Karangasem,Bali,1375,4455,0,0,0.4909,0.5091,0.1315,0.1576,0.2723,0.2898,0.0747,0.0741,0,0,0,0,0,0,0,0,0,0,0,0,0.0646,0.0774,0.1337,0.1423,0.0367,0.0364,0.067,0.0802,0.1386,0.1475,0.0381,0.0377
51.08.04.2010,Sidetapa,Banjar,Buleleng,Bali,2104,6007,0.0045,0.0047,0.4809,0.5099,0.1375,0.157,0.297,0.295,0.0724,0.0411,0.0006,0.0007,0.0013,0.0013,0.0003,0.0002,0.0006,0.0007,0.0014,0.0014,0.0003,0.0002,0.0661,0.0755,0.1428,0.1419,0.0348,0.0198,0.0701,0.08,0.1514,0.1504,0.0369,0.021
51.08.05.2006,Silangjana,Sukasada,Buleleng,Bali,933,2782,0.0043,0.0032,0.4993,0.4932,0.1441,0.1833,0.2854,0.2638,0.0651,0.0582,0.0006,0.0008,0.0012,0.0011,0.0003,0.0003,0.0005,0.0006,0.0009,0.0009,0.0002,0.0002,0.072,0.0915,0.1425,0.1317,0.0325,0.0291,0.0711,0.0904,0.1408,0.1301,0.0321,0.0287
51.08.07.2010,Sinabun,Sawan,Buleleng,Bali,1944,6076,0.0021,0.0038,0.5008,0.4933,0.154,0.1754,0.2986,0.2512,0.0678,0.053,0.0003,0.0004,0.0006,0.0005,0.0001,0.0001,0.0006,0.0007,0.0011,0.001,0.0003,0.0002,0.0772,0.0879,0.1495,0.1258,0.034,0.0265,0.076,0.0865,0.1473,0.1239,0.0334,0.0261
51.07.02.2006,Sinduwati,Sidemen,Karangasem,Bali,1527,5008,0.0026,0.001,0.496,0.5004,0.141,0.1562,0.2983,0.2626,0.0779,0.0641,0.0004,0.0004,0.0008,0.0007,0.0002,0.0002,0.0001,0.0002,0.0003,0.0003,0.0001,0.0001,0.0699,0.0775,0.148,0.1302,0.0386,0.0318,0.0705,0.0781,0.1493,0.1314,0.039,0.0321
51.04.05.2003,Singakerta,Ubud,Gianyar,Bali,2392,10323,0.0016,0.0022,0.5015,0.4946,0.1285,0.1407,0.2857,0.2925,0.0849,0.0679,0.0002,0.0002,0.0005,0.0005,0.0001,0.0001,0.0003,0.0003,0.0006,0.0007,0.0002,0.0002,0.0644,0.0705,0.1433,0.1467,0.0426,0.0341,0.0635,0.0696,0.1413,0.1447,0.042,0.0336
51.04.01.2006,Singapadu,Sukawati,Gianyar,Bali,1517,6350,0.0011,0.0005,0.5009,0.4975,0.1134,0.1298,0.2852,0.3139,0.0869,0.0709,0.0001,0.0001,0.0003,0.0003,0.0001,0.0001,0.0001,0.0001,0.0001,0.0001,0,0,0.0568,0.065,0.1429,0.1572,0.0435,0.0355,0.0564,0.0646,0.1419,0.1561,0.0432,0.0353
51.04.01.2011,Singapadu Kaler,Sukawati,Gianyar,Bali,1428,6229,0.0031,0.0024,0.4953,0.4993,0.1093,0.1392,0.2801,0.3098,0.0947,0.0668,0.0003,0.0004,0.0009,0.0009,0.0003,0.0002,0.0003,0.0003,0.0007,0.0007,0.0002,0.0002,0.0541,0.0689,0.1387,0.1535,0.0469,0.0331,0.0546,0.0695,0.1399,0.1547,0.0473,0.0333
51.04.01.2010,Singapadu Tengah,Sukawati,Gianyar,Bali,1148,4984,0.0044,0.004,0.4852,0.5064,0.1132,0.1324,0.2795,0.3146,0.0875,0.0728,0.0005,0.0006,0.0012,0.0014,0.0004,0.0003,0.0005,0.0005,0.0011,0.0013,0.0004,0.0003,0.0549,0.0642,0.1356,0.1526,0.0424,0.0353,0.0573,0.0671,0.1415,0.1593,0.0443,0.0369
51.03.02.2011,Sobangan,Mengwi,Badung,Bali,1157,3985,0.0045,0.003,0.5026,0.4898,0.131,0.1395,0.265,0.3152,0.0785,0.0708,0.0006,0.0006,0.0012,0.0014,0.0004,0.0003,0.0004,0.0004,0.0008,0.0009,0.0002,0.0002,0.0658,0.0701,0.1332,0.1584,0.0395,0.0356,0.0642,0.0683,0.1298,0.1544,0.0385,0.0347
51.06.04.2024,Songan A,Kintamani,Bangli,Bali,2255,8119,0.0038,0.0015,0.4982,0.4965,0.1586,0.2147,0.3289,0.2162,0.0448,0.0368,0.0006,0.0008,0.0013,0.0008,0.0002,0.0001,0.0002,0.0003,0.0005,0.0003,0.0001,0.0001,0.079,0.107,0.1638,0.1077,0.0223,0.0183,0.0788,0.1066,0.1633,0.1073,0.0223,0.0183
51.06.04.2025,Songan B,Kintamani,Bangli,Bali,3149,11525,0.0023,0.0033,0.5034,0.491,0.1664,0.2151,0.3324,0.2077,0.0456,0.0327,0.0004,0.0005,0.0007,0.0005,0.0001,0.0001,0.0005,0.0007,0.0011,0.0007,0.0002,0.0001,0.0838,0.1083,0.1673,0.1046,0.023,0.0165,0.0817,0.1056,0.1632,0.102,0.0224,0.0161
51.05.01.2007,Suana,Nusa Penida,Klungkung,Bali,1354,4407,0.0023,0.002,0.4963,0.4994,0.1228,0.1273,0.2889,0.2818,0.0919,0.0874,0.0003,0.0003,0.0007,0.0006,0.0002,0.0002,0.0003,0.0003,0.0006,0.0006,0.0002,0.0002,0.0609,0.0632,0.1433,0.1399,0.0456,0.0434,0.0613,0.0636,0.1443,0.1408,0.0459,0.0436
51.07.04.1002,Subagan,Karangasem,Karangasem,Bali,5730,18740,0.0018,0.0015,0.4976,0.4991,0.1382,0.1693,0.2883,0.2671,0.0779,0.0592,0.0002,0.0003,0.0005,0.0005,0.0001,0.0001,0.0002,0.0003,0.0004,0.0004,0.0001,0.0001,0.0688,0.0842,0.1435,0.1329,0.0388,0.0295,0.069,0.0845,0.1439,0.1333,0.0389,0.0296
51.02.05.2008,Subamia,Tabanan,Tabanan,Bali,758,2235,0.004,0.0045,0.4868,0.5047,0.1087,0.1186,0.264,0.302,0.1177,0.089,0.0004,0.0005,0.0011,0.0012,0.0005,0.0004,0.0005,0.0005,0.0012,0.0014,0.0005,0.0004,0.0529,0.0577,0.1285,0.147,0.0573,0.0433,0.0549,0.0598,0.1332,0.1524,0.0594,0.0449
51.06.04.2045,Subaya,Kintamani,Bangli,Bali,416,1371,0,0,0.5295,0.4705,0.1473,0.1802,0.3676,0.2174,0.0598,0.0277,0,0,0,0,0,0,0,0,0,0,0,0,0.078,0.0954,0.1947,0.1151,0.0317,0.0147,0.0693,0.0848,0.1729,0.1023,0.0281,0.013
51.08.03.2007,Subuk,Busungbiu,Buleleng,Bali,506,1544,0.0039,0.0052,0.4909,0.5,0.1211,0.1405,0.2934,0.2766,0.1036,0.0648,0.0005,0.0005,0.0011,0.0011,0.0004,0.0003,0.0006,0.0007,0.0015,0.0014,0.0005,0.0003,0.0595,0.069,0.144,0.1358,0.0509,0.0318,0.0606,0.0703,0.1467,0.1383,0.0518,0.0324
51.08.07.2005,Sudaji,Sawan,Buleleng,Bali,3267,10731,0.0049,0.0034,0.5012,0.4905,0.1568,0.1819,0.3012,0.2356,0.0721,0.0524,0.0008,0.0009,0.0015,0.0012,0.0004,0.0003,0.0005,0.0006,0.001,0.0008,0.0002,0.0002,0.0786,0.0912,0.1509,0.1181,0.0361,0.0262,0.0769,0.0892,0.1477,0.1156,0.0354,0.0257
51.02.05.2001,Sudimara,Tabanan,Tabanan,Bali,2269,6860,0.002,0.0017,0.4953,0.5009,0.1028,0.1108,0.2628,0.2977,0.1195,0.1064,0.0002,0.0002,0.0005,0.0006,0.0002,0.0002,0.0002,0.0002,0.0005,0.0005,0.0002,0.0002,0.0509,0.0549,0.1302,0.1474,0.0592,0.0527,0.0515,0.0555,0.1316,0.1491,0.0599,0.0533
51.07.08.2009,Sukadana,Kubu,Karangasem,Bali,2384,8111,0,0,0.5006,0.4994,0.1513,0.189,0.3055,0.2344,0.0625,0.0573,0,0,0,0,0,0,0,0,0,0,0,0,0.0757,0.0946,0.1529,0.1173,0.0313,0.0287,0.0756,0.0944,0.1526,0.1171,0.0312,0.0286
51.08.05.1009,Sukasada,Sukasada,Buleleng,Bali,2685,8144,0.0023,0.0014,0.4961,0.5002,0.1267,0.1597,0.2895,0.2879,0.0825,0.0535,0.0003,0.0004,0.0007,0.0007,0.0002,0.0001,0.0002,0.0002,0.0004,0.0004,0.0001,0.0001,0.0629,0.0792,0.1436,0.1428,0.0409,0.0266,0.0634,0.0799,0.1448,0.144,0.0413,0.0268
51.06.04.2043,Sukawana,Kintamani,Bangli,Bali,1902,6514,0.0023,0.0011,0.5138,0.4828,0.1477,0.1851,0.3158,0.2429,0.0614,0.0471,0.0003,0.0004,0.0007,0.0006,0.0001,0.0001,0.0002,0.0002,0.0003,0.0003,0.0001,0.0001,0.0759,0.0951,0.1623,0.1248,0.0316,0.0242,0.0713,0.0894,0.1525,0.1173,0.0296,0.0228
51.04.01.2004,Sukawati,Sukawati,Gianyar,Bali,2964,12966,0.001,0.0003,0.4999,0.4988,0.1141,0.1441,0.2746,0.3081,0.0908,0.0683,0.0001,0.0001,0.0003,0.0003,0.0001,0.0001,0,0,0.0001,0.0001,0,0,0.057,0.0721,0.1373,0.154,0.0454,0.0342,0.0569,0.0719,0.1369,0.1537,0.0453,0.0341
51.06.01.2005,Sulahan,Susut,Bangli,Bali,2791,8601,0.0007,0.0007,0.5019,0.4967,0.1202,0.1398,0.2594,0.3059,0.0996,0.0751,0.0001,0.0001,0.0002,0.0002,0.0001,0.0001,0.0001,0.0001,0.0002,0.0002,0.0001,0.0001,0.0603,0.0701,0.1302,0.1535,0.05,0.0377,0.0597,0.0694,0.1288,0.1519,0.0495,0.0373
51.05.04.2004,Sulang,Dawan,Klungkung,Bali,339,1086,0.0138,0.0092,0.4742,0.5028,0.1225,0.1501,0.2772,0.2634,0.0985,0.0884,0.0017,0.0021,0.0038,0.0036,0.0014,0.0012,0.0011,0.0014,0.0026,0.0024,0.0009,0.0008,0.0581,0.0712,0.1314,0.1249,0.0467,0.0419,0.0616,0.0755,0.1393,0.1324,0.0495,0.0444
51.03.04.2007,Sulangai,Petang,Badung,Bali,1194,4870,0.0055,0.0053,0.4914,0.4977,0.1103,0.1357,0.2758,0.2967,0.1002,0.0813,0.0006,0.0008,0.0015,0.0016,0.0006,0.0005,0.0006,0.0007,0.0015,0.0016,0.0005,0.0004,0.0542,0.0667,0.1355,0.1458,0.0492,0.04,0.0549,0.0676,0.1373,0.1477,0.0499,0.0405
51.08.02.2012,Sulanyah,Seririt,Buleleng,Bali,795,2274,0.0053,0.0044,0.5141,0.4763,0.1372,0.1451,0.3008,0.2792,0.0862,0.0515,0.0007,0.0008,0.0016,0.0015,0.0005,0.0003,0.0006,0.0006,0.0013,0.0012,0.0004,0.0002,0.0705,0.0746,0.1546,0.1436,0.0443,0.0264,0.0653,0.0691,0.1433,0.133,0.041,0.0245
51.08.01.2001,Sumberklampok,Gerokgak,Buleleng,Bali,1195,3621,0.0061,0.0044,0.5018,0.4877,0.1563,0.1737,0.2914,0.2654,0.0701,0.0431,0.0009,0.0011,0.0018,0.0016,0.0004,0.0003,0.0007,0.0008,0.0013,0.0012,0.0003,0.0002,0.0784,0.0872,0.1462,0.1332,0.0352,0.0216,0.0762,0.0847,0.1421,0.1294,0.0342,0.021
51.71.02.1006,Sumerta,Denpasar Timur,Kota Denpasar,Bali,1994,7874,0.0029,0.0015,0.4909,0.5047,0.1118,0.157,0.2883,0.3034,0.086,0.0536,0.0003,0.0005,0.0008,0.0009,0.0003,0.0002,0.0002,0.0002,0.0004,0.0005,0.0001,0.0001,0.0549,0.0771,0.1415,0.1489,0.0422,0.0263,0.0564,0.0792,0.1455,0.1531,0.0434,0.027
51.71.02.2007,Sumerta Kaja,Denpasar Timur,Kota Denpasar,Bali,2034,8219,0.0047,0.0037,0.4895,0.5021,0.109,0.1563,0.2932,0.3088,0.0827,0.0499,0.0005,0.0007,0.0014,0.0015,0.0004,0.0002,0.0004,0.0006,0.0011,0.0011,0.0003,0.0002,0.0534,0.0765,0.1435,0.1511,0.0405,0.0244,0.0547,0.0785,0.1472,0.1551,0.0415,0.025
51.71.02.2008,Sumerta Kauh,Denpasar Timur,Kota Denpasar,Bali,1952,7117,0.0008,0.0006,0.4992,0.4994,0.1148,0.1463,0.3018,0.299,0.0861,0.052,0.0001,0.0001,0.0003,0.0003,0.0001,0,0.0001,0.0001,0.0002,0.0002,0,0,0.0573,0.073,0.1507,0.1493,0.043,0.026,0.0573,0.073,0.1507,0.1493,0.043,0.026
51.71.02.2002,Sumerta Kelod,Denpasar Timur,Kota Denpasar,Bali,3678,13078,0.0011,0.0008,0.4922,0.506,0.1122,0.1622,0.2916,0.3022,0.0817,0.0501,0.0001,0.0002,0.0003,0.0003,0.0001,0.0001,0.0001,0.0001,0.0002,0.0002,0.0001,0,0.0552,0.0798,0.1435,0.1487,0.0402,0.0247,0.0568,0.0821,0.1476,0.1529,0.0414,0.0253
51.04.03.2016,Sumita,Gianyar,Gianyar,Bali,646,2759,0.0076,0.0029,0.4918,0.4976,0.1116,0.1468,0.282,0.295,0.0855,0.079,0.0008,0.0011,0.0021,0.0022,0.0007,0.0006,0.0003,0.0004,0.0008,0.0009,0.0002,0.0002,0.0549,0.0722,0.1387,0.1451,0.0421,0.0389,0.0556,0.0731,0.1403,0.1468,0.0426,0.0393
51.06.01.2004,Susut,Susut,Bangli,Bali,2050,6413,0.0031,0.0019,0.4942,0.5009,0.1296,0.1277,0.2687,0.2684,0.107,0.0987,0.0004,0.0004,0.0008,0.0008,0.0003,0.0003,0.0002,0.0002,0.0005,0.0005,0.0002,0.0002,0.064,0.0631,0.1328,0.1326,0.0529,0.0488,0.0649,0.064,0.1346,0.1344,0.0536,0.0494
51.06.04.2021,Suter,Kintamani,Bangli,Bali,643,2108,0.0052,0.0028,0.5095,0.4824,0.1485,0.1532,0.3117,0.2628,0.0759,0.0479,0.0008,0.0008,0.0016,0.0014,0.0004,0.0003,0.0004,0.0004,0.0009,0.0007,0.0002,0.0001,0.0756,0.0781,0.1588,0.1339,0.0387,0.0244,0.0716,0.0739,0.1504,0.1268,0.0366,0.0231
51.04.03.2011,Suwat,Gianyar,Gianyar,Bali,379,1594,0.0113,0.0107,0.4881,0.49,0.0941,0.1487,0.2635,0.3049,0.0947,0.0941,0.0011,0.0017,0.003,0.0034,0.0011,0.0011,0.001,0.0016,0.0028,0.0033,0.001,0.001,0.0459,0.0726,0.1286,0.1488,0.0462,0.0459,0.0461,0.0728,0.1291,0.1494,0.0464,0.0461
51.08.07.2008,Suwug,Sawan,Buleleng,Bali,2458,7599,0.0051,0.0028,0.5045,0.4876,0.144,0.1703,0.3015,0.2588,0.0667,0.0587,0.0007,0.0009,0.0015,0.0013,0.0003,0.0003,0.0004,0.0005,0.0008,0.0007,0.0002,0.0002,0.0726,0.0859,0.1521,0.1306,0.0337,0.0296,0.0702,0.083,0.147,0.1262,0.0325,0.0286
51.02.08.2015,Tajen,Penebel,Tabanan,Bali,997,2770,0.0043,0.0047,0.4906,0.5004,0.1007,0.0971,0.2563,0.2964,0.1267,0.1227,0.0004,0.0004,0.0011,0.0013,0.0005,0.0005,0.0005,0.0005,0.0012,0.0014,0.0006,0.0006,0.0494,0.0476,0.1258,0.1454,0.0622,0.0602,0.0504,0.0486,0.1283,0.1483,0.0634,0.0614
51.08.08.2004,Tajun,Kubutambahan,Buleleng,Bali,2190,6929,0.0051,0.0025,0.5045,0.4879,0.1345,0.1703,0.305,0.2514,0.0808,0.058,0.0007,0.0009,0.0015,0.0013,0.0004,0.0003,0.0003,0.0004,0.0007,0.0006,0.0002,0.0001,0.0679,0.0859,0.1539,0.1268,0.0408,0.0293,0.0656,0.0831,0.1488,0.1227,0.0394,0.0283
51.05.02.2002,Takmung,Banjarangkan,Klungkung,Bali,1317,5235,0.0038,0.0021,0.4993,0.4947,0.1158,0.1343,0.2734,0.2919,0.0978,0.0869,0.0004,0.0005,0.001,0.0011,0.0004,0.0003,0.0002,0.0003,0.0006,0.0006,0.0002,0.0002,0.0578,0.0671,0.1365,0.1457,0.0488,0.0434,0.0573,0.0664,0.1352,0.1444,0.0484,0.043
51.07.02.2002,Talibeng,Sidemen,Karangasem,Bali,1209,3766,0,0,0.4934,0.5066,0.1322,0.1516,0.2727,0.2812,0.0951,0.0672,0,0,0,0,0,0,0,0,0,0,0,0,0.0652,0.0748,0.1345,0.1387,0.0469,0.0331,0.067,0.0768,0.1382,0.1425,0.0482,0.034
51.03.03.2010,Taman,Abiansemal,Badung,Bali,2238,7100,0.0114,0.0059,0.4923,0.4904,0.1134,0.1318,0.2708,0.3108,0.0911,0.082,0.0013,0.0015,0.0031,0.0035,0.001,0.0009,0.0007,0.0008,0.0016,0.0018,0.0005,0.0005,0.0558,0.0649,0.1333,0.153,0.0449,0.0404,0.0556,0.0647,0.1328,0.1524,0.0447,0.0402
51.06.02.2002,Tamanbali,Bangli,Bangli,Bali,2212,7358,0.0056,0.0052,0.4904,0.4989,0.1297,0.1454,0.2688,0.2816,0.0968,0.0777,0.0007,0.0008,0.0015,0.0016,0.0005,0.0004,0.0007,0.0008,0.0014,0.0015,0.0005,0.0004,0.0636,0.0713,0.1318,0.1381,0.0474,0.0381,0.0647,0.0726,0.1341,0.1405,0.0483,0.0388
51.08.08.2001,Tambakan,Kubutambahan,Buleleng,Bali,1100,3562,0.0084,0.0042,0.5039,0.4834,0.1289,0.1623,0.3158,0.2765,0.062,0.0545,0.0011,0.0014,0.0027,0.0023,0.0005,0.0005,0.0005,0.0007,0.0013,0.0012,0.0003,0.0002,0.0649,0.0818,0.1592,0.1394,0.0313,0.0274,0.0623,0.0784,0.1527,0.1337,0.03,0.0263
51.08.08.2007,Tamblang,Kubutambahan,Buleleng,Bali,2388,7843,0.0062,0.0068,0.4936,0.4934,0.1485,0.17,0.2994,0.2503,0.0862,0.0456,0.0009,0.0011,0.0019,0.0016,0.0005,0.0003,0.001,0.0011,0.002,0.0017,0.0006,0.0003,0.0733,0.0839,0.1478,0.1235,0.0425,0.0225,0.0733,0.0839,0.1477,0.1235,0.0425,0.0225
51.04.04.2003,Tampaksiring,Tampaksiring,Gianyar,Bali,2853,11343,0.0011,0.0013,0.5066,0.491,0.1196,0.1533,0.2718,0.2997,0.0861,0.0695,0.0001,0.0002,0.0003,0.0003,0.0001,0.0001,0.0002,0.0002,0.0004,0.0004,0.0001,0.0001,0.0606,0.0777,0.1377,0.1518,0.0436,0.0352,0.0587,0.0753,0.1334,0.1471,0.0423,0.0341
51.08.04.2011,Tampekan,Banjar,Buleleng,Bali,399,1113,0.0027,0.0099,0.4717,0.5157,0.1276,0.1662,0.2749,0.2749,0.0952,0.0611,0.0003,0.0004,0.0007,0.0007,0.0003,0.0002,0.0013,0.0016,0.0027,0.0027,0.0009,0.0006,0.0602,0.0784,0.1297,0.1297,0.0449,0.0288,0.0658,0.0857,0.1418,0.1418,0.0491,0.0315
51.02.02.2006,Tangguntiti,Selemadeg Timur,Tabanan,Bali,791,2334,0.0043,0.0047,0.4961,0.4949,0.1011,0.1131,0.2468,0.2956,0.1354,0.108,0.0004,0.0005,0.0011,0.0013,0.0006,0.0005,0.0005,0.0005,0.0012,0.0014,0.0006,0.0005,0.0502,0.0561,0.1224,0.1467,0.0672,0.0536,0.05,0.056,0.1221,0.1463,0.067,0.0534
51.08.02.2011,Tangguwisia,Seririt,Buleleng,Bali,907,2609,0.0023,0.0004,0.4944,0.5029,0.1384,0.151,0.2833,0.276,0.0855,0.0659,0.0003,0.0003,0.0007,0.0006,0.0002,0.0002,0.0001,0.0001,0.0001,0.0001,0,0,0.0684,0.0747,0.1401,0.1365,0.0423,0.0326,0.0696,0.0759,0.1424,0.1388,0.043,0.0332
51.05.03.2006,Tangkas,Klungkung,Klungkung,Bali,916,3410,0.0038,0.0047,0.4968,0.4947,0.1361,0.1551,0.2877,0.2669,0.0927,0.0616,0.0005,0.0006,0.0011,0.001,0.0004,0.0002,0.0006,0.0007,0.0013,0.0013,0.0004,0.0003,0.0676,0.0771,0.1429,0.1326,0.046,0.0306,0.0673,0.0767,0.1423,0.132,0.0458,0.0305
51.05.01.2006,Tanglad,Nusa Penida,Klungkung,Bali,894,2944,0.0027,0.0017,0.4969,0.4986,0.1359,0.1386,0.2976,0.2565,0.09,0.0815,0.0004,0.0004,0.0008,0.0007,0.0002,0.0002,0.0002,0.0002,0.0005,0.0004,0.0002,0.0001,0.0675,0.0689,0.1479,0.1274,0.0447,0.0405,0.0678,0.0691,0.1484,0.1279,0.0449,0.0407
51.03.05.1005,Tanjung Benoa,Kuta Selatan,Badung,Bali,1420,6079,0.0016,0.0012,0.4983,0.4989,0.1398,0.1589,0.3056,0.292,0.0697,0.0339,0.0002,0.0003,0.0005,0.0005,0.0001,0.0001,0.0002,0.0002,0.0004,0.0003,0.0001,0,0.0697,0.0792,0.1523,0.1455,0.0348,0.0169,0.0698,0.0793,0.1525,0.1457,0.0348,0.0169
51.04.06.2007,Taro,Tegallalang,Gianyar,Bali,2350,10937,0.006,0.0051,0.4989,0.4899,0.1199,0.1455,0.2947,0.2834,0.0845,0.072,0.0007,0.0009,0.0018,0.0017,0.0005,0.0004,0.0006,0.0007,0.0015,0.0015,0.0004,0.0004,0.0598,0.0726,0.147,0.1414,0.0422,0.0359,0.0587,0.0713,0.1444,0.1389,0.0414,0.0353
51.05.03.2017,Tegak,Klungkung,Klungkung,Bali,1315,4212,0.005,0.0036,0.5043,0.4872,0.1287,0.1555,0.2773,0.2982,0.0781,0.0622,0.0006,0.0008,0.0014,0.0015,0.0004,0.0003,0.0005,0.0006,0.001,0.0011,0.0003,0.0002,0.0649,0.0784,0.1398,0.1504,0.0394,0.0314,0.0627,0.0758,0.1351,0.1453,0.0381,0.0303
51.01.01.2010,Tegal Badeng Barat,Negara,Jembrana,Bali,2043,6603,0.0029,0.0017,0.5023,0.4931,0.1566,0.1745,0.2993,0.2697,0.0665,0.0335,0.0005,0.0005,0.0009,0.0008,0.0002,0.0001,0.0003,0.0003,0.0005,0.0004,0.0001,0.0001,0.0787,0.0876,0.1503,0.1355,0.0334,0.0168,0.0772,0.086,0.1476,0.133,0.0328,0.0165
51.01.01.2009,Tegal Badeng Timur,Negara,Jembrana,Bali,1594,5067,0.0034,0.0022,0.4997,0.4948,0.161,0.164,0.2978,0.2747,0.0679,0.0345,0.0005,0.0006,0.001,0.0009,0.0002,0.0001,0.0003,0.0004,0.0006,0.0006,0.0001,0.0001,0.0805,0.082,0.1488,0.1373,0.0339,0.0173,0.0797,0.0811,0.1473,0.1359,0.0336,0.0171
51.71.03.2008,Tegal Harum,Denpasar Barat,Kota Denpasar,Bali,3424,12984,0.0016,0.0014,0.4968,0.5002,0.1334,0.1613,0.2969,0.2837,0.0841,0.0406,0.0002,0.0003,0.0005,0.0005,0.0001,0.0001,0.0002,0.0002,0.0004,0.0004,0.0001,0.0001,0.0663,0.0801,0.1475,0.1409,0.0418,0.0202,0.0667,0.0807,0.1485,0.1419,0.0421,0.0203
51.71.03.2009,Tegal Kertha,Denpasar Barat,Kota Denpasar,Bali,4714,16834,0.0007,0.0007,0.4921,0.5065,0.1382,0.1608,0.2926,0.2923,0.0744,0.0417,0.0001,0.0001,0.0002,0.0002,0.0001,0,0.0001,0.0001,0.0002,0.0002,0,0,0.068,0.0791,0.144,0.1439,0.0366,0.0205,0.07,0.0815,0.1482,0.1481,0.0377,0.0211
51.02.02.2008,Tegal Mengkeb,Selemadeg Timur,Tabanan,Bali,900,2709,0.0114,0.0214,0.4891,0.478,0.0893,0.1307,0.2521,0.2938,0.1118,0.1222,0.001,0.0015,0.0029,0.0034,0.0013,0.0014,0.0019,0.0028,0.0054,0.0063,0.0024,0.0026,0.0437,0.0639,0.1233,0.1437,0.0547,0.0598,0.0427,0.0625,0.1205,0.1405,0.0535,0.0584
51.04.03.2017,Tegal Tugu,Gianyar,Gianyar,Bali,688,3000,0.0057,0.003,0.4897,0.5017,0.1263,0.161,0.2723,0.3053,0.0733,0.0617,0.0007,0.0009,0.0015,0.0017,0.0004,0.0003,0.0004,0.0005,0.0008,0.0009,0.0002,0.0002,0.0619,0.0788,0.1334,0.1495,0.0359,0.0302,0.0634,0.0808,0.1366,0.1532,0.0368,0.0309
51.01.02.1006,Tegalcangkring,Mendoyo,Jembrana,Bali,2629,8346,0.0037,0.004,0.4965,0.4958,0.1281,0.1465,0.2749,0.287,0.1041,0.0594,0.0005,0.0005,0.001,0.0011,0.0004,0.0002,0.0005,0.0006,0.0011,0.0011,0.0004,0.0002,0.0636,0.0728,0.1365,0.1425,0.0517,0.0295,0.0635,0.0727,0.1363,0.1423,0.0516,0.0295
51.07.04.2010,Tegalinggah,Karangasem,Karangasem,Bali,1066,3245,0.0052,0.0031,0.4884,0.5032,0.1257,0.1797,0.269,0.2829,0.0755,0.0672,0.0007,0.0009,0.0014,0.0015,0.0004,0.0004,0.0004,0.0006,0.0008,0.0009,0.0002,0.0002,0.0614,0.0878,0.1314,0.1382,0.0369,0.0328,0.0633,0.0904,0.1354,0.1424,0.038,0.0338
51.02.07.2005,Tegaljadi,Marga,Tabanan,Bali,769,2389,0.0059,0.0151,0.491,0.4881,0.1164,0.1201,0.2541,0.3014,0.0967,0.1113,0.0007,0.0007,0.0015,0.0018,0.0006,0.0007,0.0018,0.0018,0.0038,0.0045,0.0015,0.0017,0.0571,0.059,0.1248,0.148,0.0475,0.0547,0.0568,0.0586,0.124,0.1471,0.0472,0.0543
51.04.06.2002,Tegallalang,Tegallalang,Gianyar,Bali,2061,9553,0.0041,0.0043,0.4909,0.5007,0.1186,0.1328,0.2835,0.2954,0.0949,0.0747,0.0005,0.0005,0.0012,0.0012,0.0004,0.0003,0.0005,0.0006,0.0012,0.0013,0.0004,0.0003,0.0582,0.0652,0.1392,0.145,0.0466,0.0367,0.0594,0.0665,0.1419,0.1479,0.0475,0.0374
51.02.08.2016,Tegallinggah,Penebel,Tabanan,Bali,514,1406,0.0064,0.005,0.4851,0.5036,0.0982,0.1223,0.229,0.2795,0.1437,0.1273,0.0006,0.0008,0.0015,0.0018,0.0009,0.0008,0.0005,0.0006,0.0011,0.0014,0.0007,0.0006,0.0476,0.0593,0.1111,0.1356,0.0697,0.0618,0.0494,0.0616,0.1153,0.1408,0.0723,0.0641
51.08.05.2013,Tegallinggah,Sukasada,Buleleng,Bali,2583,8552,0.0027,0.0027,0.5088,0.4859,0.1658,0.1929,0.2991,0.2504,0.0598,0.032,0.0004,0.0005,0.0008,0.0007,0.0002,0.0001,0.0004,0.0005,0.0008,0.0007,0.0002,0.0001,0.0844,0.0982,0.1522,0.1274,0.0304,0.0163,0.0806,0.0937,0.1453,0.1216,0.029,0.0156
51.08.09.2006,Tejakula,Tejakula,Buleleng,Bali,4618,14211,0.0031,0.0025,0.5048,0.4896,0.138,0.1633,0.2857,0.2776,0.079,0.0564,0.0004,0.0005,0.0009,0.0009,0.0002,0.0002,0.0003,0.0004,0.0007,0.0007,0.0002,0.0001,0.0697,0.0824,0.1442,0.1401,0.0399,0.0285,0.0676,0.08,0.1399,0.1359,0.0387,0.0276
51.08.03.2005,Telaga,Busungbiu,Buleleng,Bali,532,1635,0.008,0.0061,0.4972,0.4887,0.1419,0.1474,0.2948,0.2703,0.0899,0.0557,0.0011,0.0012,0.0023,0.0021,0.0007,0.0004,0.0009,0.0009,0.0018,0.0017,0.0005,0.0003,0.0706,0.0733,0.1466,0.1344,0.0447,0.0277,0.0693,0.072,0.1441,0.1321,0.0439,0.0272
51.07.02.2005,Telagatawang,Sidemen,Karangasem,Bali,1062,3450,0.0093,0.0064,0.4867,0.4977,0.1461,0.1777,0.267,0.269,0.0826,0.0577,0.0014,0.0016,0.0025,0.0025,0.0008,0.0005,0.0009,0.0011,0.0017,0.0017,0.0005,0.0004,0.0711,0.0865,0.1299,0.1309,0.0402,0.0281,0.0727,0.0884,0.1329,0.1339,0.0411,0.0287
51.08.09.2010,Tembok,Tejakula,Buleleng,Bali,2450,7731,0.0048,0.0036,0.5015,0.4901,0.1458,0.1713,0.3086,0.2582,0.0529,0.0633,0.0007,0.0008,0.0015,0.0012,0.0003,0.0003,0.0005,0.0006,0.0011,0.0009,0.0002,0.0002,0.0731,0.0859,0.1548,0.1295,0.0265,0.0317,0.0714,0.0839,0.1513,0.1265,0.0259,0.031
51.06.03.2002,Tembuku,Tembuku,Bangli,Bali,1721,5332,0,0,0.4994,0.5006,0.1215,0.1416,0.268,0.2849,0.1007,0.0833,0,0,0,0,0,0,0,0,0,0,0,0,0.0607,0.0707,0.1339,0.1423,0.0503,0.0416,0.0608,0.0709,0.1342,0.1426,0.0504,0.0417
51.04.03.2015,Temesi,Gianyar,Gianyar,Bali,921,4073,0.0047,0.0044,0.4925,0.4984,0.1156,0.153,0.2927,0.2897,0.0884,0.0606,0.0005,0.0007,0.0014,0.0014,0.0004,0.0003,0.0005,0.0007,0.0013,0.0013,0.0004,0.0003,0.057,0.0753,0.1441,0.1427,0.0435,0.0299,0.0576,0.0762,0.1459,0.1444,0.0441,0.0302
51.08.04.2015,Temukus,Banjar,Buleleng,Bali,2449,7400,0.0026,0.0019,0.5007,0.4949,0.1345,0.1608,0.2977,0.2766,0.0816,0.0488,0.0003,0.0004,0.0008,0.0007,0.0002,0.0001,0.0003,0.0003,0.0006,0.0005,0.0002,0.0001,0.0673,0.0805,0.1491,0.1385,0.0409,0.0244,0.0665,0.0796,0.1473,0.1369,0.0404,0.0241
51.07.03.2006,Tenganan,Manggis,Karangasem,Bali,1492,4672,0,0,0.5176,0.4824,0.1222,0.1601,0.2821,0.2789,0.0852,0.0715,0,0,0,0,0,0,0,0,0,0,0,0,0.0633,0.0829,0.146,0.1443,0.0441,0.037,0.059,0.0772,0.1361,0.1346,0.0411,0.0345
51.02.08.2008,Tengkudak,Penebel,Tabanan,Bali,958,2608,0.0061,0.0027,0.4808,0.5104,0.0974,0.1043,0.2504,0.2768,0.1331,0.138,0.0006,0.0006,0.0015,0.0017,0.0008,0.0008,0.0003,0.0003,0.0007,0.0007,0.0004,0.0004,0.0468,0.0501,0.1204,0.1331,0.064,0.0664,0.0497,0.0532,0.1278,0.1413,0.0679,0.0704
51.06.04.2023,Terunyan,Kintamani,Bangli,Bali,915,3153,0,0,0.5176,0.4824,0.117,0.1694,0.3026,0.2892,0.0691,0.0526,0,0,0,0,0,0,0,0,0,0,0,0,0.0606,0.0877,0.1566,0.1497,0.0358,0.0273,0.0565,0.0817,0.146,0.1395,0.0334,0.0254
51.07.08.2005,Tianyar Barat,Kubu,Karangasem,Bali,4296,15009,0.0001,0,0.5124,0.4875,0.1674,0.1866,0.3233,0.2143,0.0482,0.0601,0,0,0,0,0,0,0,0,0,0,0,0,0.0858,0.0956,0.1657,0.1098,0.0247,0.0308,0.0816,0.091,0.1576,0.1045,0.0235,0.0293
51.07.08.2006,Tianyar Tengah,Kubu,Karangasem,Bali,3194,11060,0,0,0.5118,0.4882,0.1668,0.1995,0.315,0.2167,0.0522,0.0497,0,0,0,0,0,0,0,0,0,0,0,0,0.0854,0.1021,0.1612,0.1109,0.0267,0.0254,0.0814,0.0974,0.1538,0.1058,0.0255,0.0243
51.03.06.2004,Tibubeneng,Kuta Utara,Badung,Bali,3189,12611,0.0029,0.0018,0.4885,0.5068,0.1191,0.1506,0.2993,0.3211,0.0694,0.0404,0.0003,0.0004,0.0009,0.0009,0.0002,0.0001,0.0002,0.0003,0.0005,0.0006,0.0001,0.0001,0.0582,0.0736,0.1462,0.1569,0.0339,0.0198,0.0604,0.0763,0.1517,0.1628,0.0352,0.0205
51.02.04.2001,Tibubiu,Kerambitan,Tabanan,Bali,609,1691,0.0083,0.0053,0.4944,0.492,0.1059,0.0993,0.2295,0.2992,0.1289,0.1372,0.0009,0.0008,0.0019,0.0025,0.0011,0.0011,0.0006,0.0005,0.0012,0.0016,0.0007,0.0007,0.0523,0.0491,0.1134,0.1479,0.0637,0.0678,0.0521,0.0489,0.1129,0.1472,0.0634,0.0675
51.06.01.2007,Tiga,Susut,Bangli,Bali,2314,7595,0,0,0.5118,0.4882,0.128,0.1543,0.2808,0.2994,0.0791,0.0583,0,0,0,0,0,0,0,0,0,0,0,0,0.0655,0.079,0.1437,0.1532,0.0405,0.0299,0.0625,0.0753,0.1371,0.1462,0.0386,0.0285
51.08.04.2016,Tigawasa,Banjar,Buleleng,Bali,1949,6336,0.0114,0.0087,0.497,0.483,0.1561,0.1774,0.2923,0.2519,0.0715,0.0508,0.0018,0.002,0.0033,0.0029,0.0008,0.0006,0.0014,0.0015,0.0025,0.0022,0.0006,0.0004,0.0776,0.0882,0.1453,0.1252,0.0355,0.0253,0.0754,0.0857,0.1412,0.1217,0.0345,0.0245
51.05.02.2007,Tihingan,Banjarangkan,Klungkung,Bali,1032,3959,0.004,0.002,0.4968,0.4971,0.1175,0.1452,0.2632,0.2804,0.1026,0.0912,0.0005,0.0006,0.0011,0.0011,0.0004,0.0004,0.0002,0.0003,0.0005,0.0006,0.0002,0.0002,0.0584,0.0722,0.1308,0.1393,0.051,0.0453,0.0584,0.0722,0.1308,0.1394,0.051,0.0453
51.02.03.2007,Tiying Gading,Selemadeg Barat,Tabanan,Bali,767,2213,0.0199,0.0194,0.488,0.4727,0.1089,0.1103,0.2544,0.3019,0.1085,0.1161,0.0022,0.0022,0.0051,0.006,0.0022,0.0023,0.0021,0.0021,0.0049,0.0059,0.0021,0.0023,0.0531,0.0538,0.1242,0.1473,0.0529,0.0567,0.0515,0.0521,0.1202,0.1427,0.0513,0.0549
51.02.04.2015,Timpag,Kerambitan,Tabanan,Bali,1278,3568,0.005,0.0067,0.4877,0.5006,0.0973,0.1183,0.2455,0.28,0.1401,0.1188,0.0005,0.0006,0.0012,0.0014,0.0007,0.0006,0.0007,0.0008,0.0017,0.0019,0.0009,0.0008,0.0474,0.0577,0.1197,0.1365,0.0683,0.058,0.0487,0.0592,0.1229,0.1402,0.0701,0.0595
51.05.02.2011,Timuhun,Banjarangkan,Klungkung,Bali,859,3378,0.0044,0.0047,0.4905,0.5003,0.1214,0.1391,0.2762,0.2857,0.0847,0.093,0.0005,0.0006,0.0012,0.0013,0.0004,0.0004,0.0006,0.0007,0.0013,0.0014,0.0004,0.0004,0.0595,0.0682,0.1355,0.1401,0.0415,0.0456,0.0607,0.0696,0.1382,0.1429,0.0424,0.0465
51.08.01.2012,Tinga-tinga,Gerokgak,Buleleng,Bali,1774,5654,0.0055,0.0044,0.4966,0.4935,0.148,0.1574,0.2915,0.2706,0.0861,0.0463,0.0008,0.0009,0.0016,0.0015,0.0005,0.0003,0.0007,0.0007,0.0013,0.0012,0.0004,0.0002,0.0735,0.0782,0.1448,0.1344,0.0428,0.023,0.073,0.0777,0.1438,0.1335,0.0425,0.0229
51.08.03.2008,Tinggarsari,Busungbiu,Buleleng,Bali,1108,3633,0.003,0.0036,0.4968,0.4966,0.1159,0.1745,0.2832,0.262,0.0878,0.0765,0.0004,0.0005,0.0009,0.0008,0.0003,0.0002,0.0004,0.0006,0.001,0.0009,0.0003,0.0003,0.0576,0.0867,0.1407,0.1302,0.0436,0.038,0.0575,0.0867,0.1406,0.1301,0.0436,0.038
51.08.04.2002,Tirtasari,Banjar,Buleleng,Bali,660,1917,0.0042,0.0057,0.5039,0.4862,0.1075,0.1481,0.29,0.2791,0.0923,0.0829,0.0004,0.0006,0.0012,0.0012,0.0004,0.0003,0.0006,0.0009,0.0017,0.0016,0.0005,0.0005,0.0542,0.0747,0.1462,0.1406,0.0465,0.0418,0.0522,0.072,0.141,0.1357,0.0449,0.0403
51.02.04.2005,Tista,Kerambitan,Tabanan,Bali,639,1956,0.0056,0.0056,0.4801,0.5087,0.0992,0.1421,0.2464,0.3108,0.1104,0.091,0.0006,0.0008,0.0014,0.0017,0.0006,0.0005,0.0006,0.0008,0.0014,0.0017,0.0006,0.0005,0.0476,0.0682,0.1183,0.1492,0.053,0.0437,0.0505,0.0723,0.1254,0.1581,0.0562,0.0463
51.07.05.2004,Tista,Abang,Karangasem,Bali,1941,6202,0.0039,0.0029,0.505,0.4882,0.1256,0.1649,0.2715,0.2748,0.0837,0.0795,0.0005,0.0006,0.0011,0.0011,0.0003,0.0003,0.0004,0.0005,0.0008,0.0008,0.0002,0.0002,0.0634,0.0833,0.1371,0.1387,0.0423,0.0401,0.0613,0.0805,0.1326,0.1341,0.0409,0.0388
51.08.03.2002,Tista,Busungbiu,Buleleng,Bali,1310,4220,0.0057,0.0024,0.4938,0.4981,0.1206,0.159,0.2664,0.2716,0.0976,0.0848,0.0007,0.0009,0.0015,0.0015,0.0006,0.0005,0.0003,0.0004,0.0006,0.0006,0.0002,0.0002,0.0596,0.0785,0.1315,0.1341,0.0482,0.0419,0.0601,0.0792,0.1327,0.1353,0.0486,0.0423
51.08.03.2006,Titab,Busungbiu,Buleleng,Bali,389,1214,0.0058,0.0016,0.5016,0.4909,0.1433,0.1532,0.2891,0.2496,0.1021,0.0626,0.0008,0.0009,0.0017,0.0014,0.0006,0.0004,0.0002,0.0003,0.0005,0.0004,0.0002,0.0001,0.0719,0.0769,0.145,0.1252,0.0512,0.0314,0.0704,0.0752,0.1419,0.1225,0.0501,0.0307
51.07.05.2002,Tiyingtali,Abang,Karangasem,Bali,1356,4641,0,0,0.5033,0.4967,0.1396,0.1713,0.2758,0.2711,0.0763,0.0659,0,0,0,0,0,0,0,0,0,0,0,0,0.0703,0.0862,0.1388,0.1364,0.0384,0.0332,0.0693,0.0851,0.137,0.1346,0.0379,0.0327
51.05.02.2013,Tohpati,Banjarangkan,Klungkung,Bali,403,1616,0.0074,0.0056,0.4851,0.5019,0.1139,0.1541,0.271,0.2809,0.1071,0.073,0.0008,0.0011,0.002,0.0021,0.0008,0.0005,0.0006,0.0009,0.0015,0.0016,0.0006,0.0004,0.0552,0.0748,0.1315,0.1363,0.0519,0.0354,0.0571,0.0773,0.136,0.141,0.0537,0.0366
51.05.03.2002,Tojan,Klungkung,Klungkung,Bali,800,3220,0.0037,0.0025,0.4922,0.5016,0.1463,0.145,0.2764,0.2773,0.0904,0.0646,0.0005,0.0005,0.001,0.001,0.0003,0.0002,0.0004,0.0004,0.0007,0.0007,0.0002,0.0002,0.072,0.0714,0.1361,0.1365,0.0445,0.0318,0.0734,0.0727,0.1386,0.1391,0.0453,0.0324
51.71.04.1004,Tonja,Denpasar Utara,Kota Denpasar,Bali,3988,15330,0.0017,0.0012,0.4924,0.5048,0.1257,0.1543,0.2972,0.2857,0.0883,0.0487,0.0002,0.0003,0.0005,0.0005,0.0001,0.0001,0.0001,0.0002,0.0003,0.0003,0.0001,0.0001,0.0619,0.076,0.1463,0.1407,0.0435,0.024,0.0634,0.0779,0.15,0.1442,0.0446,0.0246
51.07.02.2007,Tri Eka Buana,Sidemen,Karangasem,Bali,802,2693,0.0085,0.0078,0.4898,0.4939,0.1363,0.1738,0.2789,0.2744,0.0691,0.0676,0.0012,0.0015,0.0024,0.0023,0.0006,0.0006,0.0011,0.0014,0.0022,0.0021,0.0005,0.0005,0.0667,0.0851,0.1366,0.1344,0.0338,0.0331,0.0673,0.0858,0.1377,0.1355,0.0341,0.0334
51.07.05.2014,Tri Buana,Abang,Karangasem,Bali,1636,5361,0.0017,0.0011,0.4939,0.5033,0.147,0.1649,0.2809,0.271,0.0769,0.0593,0.0002,0.0003,0.0005,0.0005,0.0001,0.0001,0.0002,0.0002,0.0003,0.0003,0.0001,0.0001,0.0726,0.0814,0.1388,0.1339,0.038,0.0293,0.074,0.083,0.1414,0.1364,0.0387,0.0299
51.02.07.2011,Tua,Marga,Tabanan,Bali,946,2749,0.0018,0.0018,0.4947,0.5016,0.1091,0.1091,0.2674,0.303,0.1106,0.1008,0.0002,0.0002,0.0005,0.0006,0.0002,0.0002,0.0002,0.0002,0.0005,0.0006,0.0002,0.0002,0.054,0.054,0.1323,0.1499,0.0547,0.0499,0.0547,0.0547,0.1341,0.152,0.0555,0.0505
51.03.01.1001,Tuban,Kuta,Badung,Bali,6719,22676,0.0008,0.0004,0.5067,0.4922,0.1395,0.1597,0.3223,0.3055,0.051,0.022,0.0001,0.0001,0.0003,0.0003,0,0,0,0.0001,0.0001,0.0001,0,0,0.0707,0.0809,0.1633,0.1548,0.0258,0.0112,0.0686,0.0786,0.1586,0.1503,0.0251,0.0109
51.01.04.2009,Tukadaya,Melaya,Jembrana,Bali,2435,8077,0.0031,0.0017,0.5008,0.4944,0.1447,0.1639,0.2869,0.2668,0.0847,0.053,0.0004,0.0005,0.0009,0.0008,0.0003,0.0002,0.0003,0.0003,0.0005,0.0005,0.0001,0.0001,0.0725,0.0821,0.1437,0.1336,0.0424,0.0265,0.0716,0.081,0.1418,0.1319,0.0419,0.0262
51.08.06.2003,Tukadmungga,Buleleng,Buleleng,Bali,1628,5159,0.0021,0.0008,0.5094,0.4877,0.1378,0.1597,0.3222,0.2665,0.0723,0.0415,0.0003,0.0003,0.0007,0.0006,0.0002,0.0001,0.0001,0.0001,0.0002,0.0002,0.0001,0,0.0702,0.0814,0.1641,0.1358,0.0368,0.0211,0.0672,0.0779,0.1571,0.13,0.0353,0.0202
51.08.01.2014,Tukadsumaga,Gerokgak,Buleleng,Bali,2435,7353,0.0067,0.0045,0.5001,0.4888,0.1458,0.1618,0.2784,0.2936,0.0722,0.0481,0.001,0.0011,0.0019,0.002,0.0005,0.0003,0.0007,0.0007,0.0012,0.0013,0.0003,0.0002,0.0729,0.0809,0.1392,0.1468,0.0361,0.0241,0.0713,0.0791,0.1361,0.1435,0.0353,0.0235
51.07.08.2007,Tulamben,Kubu,Karangasem,Bali,3548,12569,0,0,0.5151,0.4849,0.1666,0.1887,0.3318,0.2209,0.0505,0.0415,0,0,0,0,0,0,0,0,0,0,0,0,0.0858,0.0972,0.1709,0.1138,0.026,0.0214,0.0808,0.0915,0.1609,0.1071,0.0245,0.0201
51.04.03.2001,Tulikup,Gianyar,Gianyar,Bali,2050,8772,0.0058,0.0062,0.4984,0.4896,0.1145,0.1483,0.2676,0.3051,0.0871,0.0775,0.0007,0.0009,0.0016,0.0018,0.0005,0.0005,0.0007,0.0009,0.0016,0.0019,0.0005,0.0005,0.057,0.0739,0.1334,0.152,0.0434,0.0386,0.056,0.0726,0.131,0.1494,0.0426,0.038
51.03.02.2019,Tumbakbayuh,Mengwi,Badung,Bali,800,3673,0.0095,0.0076,0.4819,0.501,0.1345,0.1231,0.2831,0.2859,0.098,0.0754,0.0013,0.0012,0.0027,0.0027,0.0009,0.0007,0.001,0.0009,0.0022,0.0022,0.0007,0.0006,0.0648,0.0593,0.1364,0.1378,0.0472,0.0363,0.0674,0.0616,0.1418,0.1432,0.0491,0.0378
51.07.04.2005,Tumbu,Karangasem,Karangasem,Bali,1583,4920,0,0,0.5041,0.4959,0.1455,0.1622,0.2831,0.2707,0.0659,0.0726,0,0,0,0,0,0,0,0,0,0,0,0,0.0734,0.0818,0.1427,0.1365,0.0332,0.0366,0.0722,0.0804,0.1404,0.1343,0.0327,0.036
51.02.05.2010,Tunjuk,Tabanan,Tabanan,Bali,1713,5010,0.0038,0.0042,0.4974,0.4946,0.1126,0.1188,0.2629,0.2866,0.1158,0.1034,0.0004,0.0005,0.001,0.0011,0.0004,0.0004,0.0005,0.0005,0.0011,0.0012,0.0005,0.0004,0.056,0.0591,0.1308,0.1426,0.0576,0.0514,0.0557,0.0587,0.13,0.1418,0.0573,0.0511
51.08.08.2005,Tunjung,Kubutambahan,Buleleng,Bali,1516,4699,0.004,0.0023,0.5005,0.4931,0.1575,0.1713,0.3041,0.2443,0.0743,0.0485,0.0006,0.0007,0.0012,0.001,0.0003,0.0002,0.0004,0.0004,0.0007,0.0006,0.0002,0.0001,0.0788,0.0857,0.1522,0.1223,0.0372,0.0243,0.0777,0.0845,0.15,0.1205,0.0366,0.0239
51.05.02.2004,Tusan,Banjarangkan,Klungkung,Bali,1132,4362,0.0048,0.0028,0.4986,0.4938,0.124,0.152,0.2703,0.2987,0.0855,0.0695,0.0006,0.0007,0.0013,0.0014,0.0004,0.0003,0.0003,0.0004,0.0007,0.0008,0.0002,0.0002,0.0618,0.0758,0.1348,0.1489,0.0426,0.0346,0.0612,0.0751,0.1335,0.1475,0.0422,0.0343
51.01.04.2008,Tuwed,Melaya,Jembrana,Bali,1677,5286,0.0032,0.0006,0.5021,0.4941,0.1419,0.1659,0.2932,0.2749,0.0793,0.0448,0.0005,0.0005,0.0009,0.0009,0.0003,0.0001,0.0001,0.0001,0.0002,0.0002,0,0,0.0712,0.0833,0.1472,0.138,0.0398,0.0225,0.0701,0.082,0.1449,0.1358,0.0392,0.0222
51.04.05.1005,Ubud,Ubud,Gianyar,Bali,2647,12022,0.0023,0.0012,0.496,0.5005,0.1177,0.1351,0.2879,0.2852,0.1004,0.0737,0.0003,0.0003,0.0007,0.0007,0.0002,0.0002,0.0001,0.0002,0.0003,0.0003,0.0001,0.0001,0.0584,0.067,0.1428,0.1415,0.0498,0.0366,0.0589,0.0676,0.1441,0.1428,0.0502,0.0369
51.71.04.1007,Ubung,Denpasar Utara,Kota Denpasar,Bali,2913,9758,0.0023,0.0008,0.5053,0.4916,0.1174,0.1692,0.3002,0.3165,0.0661,0.0306,0.0003,0.0004,0.0007,0.0007,0.0001,0.0001,0.0001,0.0001,0.0002,0.0003,0.0001,0,0.0593,0.0855,0.1517,0.1599,0.0334,0.0155,0.0577,0.0832,0.1476,0.1556,0.0325,0.0151
51.71.04.2008,Ubung Kaja,Denpasar Utara,Kota Denpasar,Bali,6375,23181,0.0009,0.0009,0.4984,0.4998,0.1228,0.1612,0.2987,0.3045,0.0777,0.0351,0.0001,0.0001,0.0003,0.0003,0.0001,0,0.0001,0.0001,0.0003,0.0003,0.0001,0,0.0612,0.0803,0.1489,0.1518,0.0387,0.0175,0.0614,0.0806,0.1493,0.1522,0.0389,0.0176
51.07.03.2003,Ulakan,Manggis,Karangasem,Bali,1750,6172,0,0,0.5019,0.4981,0.1387,0.1666,0.2735,0.2609,0.0778,0.0826,0,0,0,0,0,0,0,0,0,0,0,0,0.0696,0.0836,0.1373,0.1309,0.039,0.0415,0.0691,0.083,0.1362,0.1299,0.0387,0.0412
51.08.02.2002,Ularan,Seririt,Buleleng,Bali,869,2645,0.0076,0.0057,0.4854,0.5013,0.1535,0.1679,0.2926,0.2605,0.073,0.0526,0.0012,0.0013,0.0022,0.002,0.0006,0.0004,0.0009,0.001,0.0017,0.0015,0.0004,0.0003,0.0745,0.0815,0.1421,0.1265,0.0354,0.0255,0.077,0.0842,0.1467,0.1306,0.0366,0.0263
51.06.04.2003,Ulian,Kintamani,Bangli,Bali,284,993,0.005,0.004,0.5196,0.4713,0.14,0.145,0.2961,0.2941,0.0715,0.0534,0.0007,0.0007,0.0015,0.0015,0.0004,0.0003,0.0006,0.0006,0.0012,0.0012,0.0003,0.0002,0.0727,0.0754,0.1539,0.1528,0.0372,0.0277,0.066,0.0683,0.1395,0.1386,0.0337,0.0252
51.08.02.2021,Umeanyar,Seririt,Buleleng,Bali,570,1706,0.0018,0.0018,0.5029,0.4936,0.1442,0.153,0.2843,0.2603,0.0996,0.0586,0.0003,0.0003,0.0005,0.0005,0.0002,0.0001,0.0003,0.0003,0.0005,0.0005,0.0002,0.0001,0.0725,0.0769,0.143,0.1309,0.0501,0.0295,0.0712,0.0755,0.1403,0.1285,0.0492,0.0289
51.08.03.2014,Umejero,Busungbiu,Buleleng,Bali,1168,3494,0.004,0.0014,0.4983,0.4963,0.1279,0.1563,0.2988,0.2639,0.0884,0.0647,0.0005,0.0006,0.0012,0.0011,0.0004,0.0003,0.0002,0.0002,0.0004,0.0004,0.0001,0.0001,0.0637,0.0779,0.1489,0.1315,0.0441,0.0322,0.0635,0.0776,0.1483,0.131,0.0439,0.0321
51.06.03.2004,Undisan,Tembuku,Bangli,Bali,1334,4135,0.0089,0.008,0.4929,0.4902,0.1129,0.1519,0.2694,0.2793,0.1004,0.0861,0.001,0.0014,0.0024,0.0025,0.0009,0.0008,0.0009,0.0012,0.0022,0.0022,0.0008,0.0007,0.0557,0.0749,0.1328,0.1377,0.0495,0.0424,0.0554,0.0744,0.1321,0.1369,0.0492,0.0422
51.03.05.2002,Ungasan,Kuta Selatan,Badung,Bali,3976,16228,0.003,0.0018,0.4922,0.5029,0.1267,0.1611,0.2923,0.3058,0.0668,0.0473,0.0004,0.0005,0.0009,0.0009,0.0002,0.0001,0.0002,0.0003,0.0005,0.0006,0.0001,0.0001,0.0624,0.0793,0.1439,0.1505,0.0329,0.0233,0.0637,0.081,0.147,0.1538,0.0336,0.0238
51.08.02.2001,Unggahan,Seririt,Buleleng,Bali,1126,3378,0.0056,0.0038,0.4864,0.5041,0.1359,0.1501,0.2732,0.2706,0.0944,0.0758,0.0008,0.0008,0.0015,0.0015,0.0005,0.0004,0.0005,0.0006,0.0011,0.001,0.0004,0.0003,0.0661,0.073,0.1329,0.1316,0.0459,0.0369,0.0685,0.0757,0.1378,0.1364,0.0476,0.0382
51.02.01.2002,Wanagiri,Selemadeg,Tabanan,Bali,859,2562,0.0055,0.0023,0.4941,0.498,0.1003,0.1171,0.2393,0.3267,0.1089,0.1077,0.0005,0.0006,0.0013,0.0018,0.0006,0.0006,0.0002,0.0003,0.0006,0.0008,0.0003,0.0003,0.0496,0.0579,0.1182,0.1614,0.0538,0.0532,0.05,0.0583,0.1192,0.1627,0.0542,0.0537
51.08.05.2002,Wanagiri,Sukasada,Buleleng,Bali,1145,4377,0.0027,0.0025,0.5047,0.4901,0.1451,0.1825,0.286,0.2602,0.074,0.0521,0.0004,0.0005,0.0008,0.0007,0.0002,0.0001,0.0004,0.0005,0.0007,0.0007,0.0002,0.0001,0.0732,0.0921,0.1444,0.1313,0.0374,0.0263,0.0711,0.0895,0.1402,0.1275,0.0363,0.0255
51.02.01.2008,Wanagiri Kauh,Selemadeg,Tabanan,Bali,694,2052,0.0039,0.0034,0.4932,0.4995,0.0965,0.1218,0.2451,0.3289,0.1194,0.0882,0.0004,0.0005,0.001,0.0013,0.0005,0.0003,0.0003,0.0004,0.0008,0.0011,0.0004,0.0003,0.0476,0.0601,0.1209,0.1622,0.0589,0.0435,0.0482,0.0609,0.1224,0.1643,0.0596,0.0441
51.02.05.2009,Wanasari,Tabanan,Tabanan,Bali,933,2632,0.0049,0.0042,0.4916,0.4992,0.0999,0.1303,0.2481,0.2975,0.1242,0.0999,0.0005,0.0006,0.0012,0.0015,0.0006,0.0005,0.0004,0.0005,0.001,0.0012,0.0005,0.0004,0.0491,0.0641,0.122,0.1463,0.0611,0.0491,0.0499,0.0651,0.1239,0.1485,0.062,0.0499
51.01.04.2006,Warnasari,Melaya,Jembrana,Bali,625,2562,0.0035,0.0012,0.4965,0.4988,0.1319,0.1542,0.2986,0.2549,0.0952,0.0652,0.0005,0.0005,0.001,0.0009,0.0003,0.0002,0.0002,0.0002,0.0003,0.0003,0.0001,0.0001,0.0655,0.0765,0.1482,0.1265,0.0473,0.0324,0.0658,0.0769,0.1489,0.1271,0.0475,0.0325
51.03.02.2013,Werdi Bhuwana,Mengwi,Badung,Bali,1597,5439,0.0081,0.0075,0.4858,0.4986,0.121,0.1489,0.2727,0.3006,0.0927,0.0642,0.001,0.0012,0.0022,0.0024,0.0007,0.0005,0.0009,0.0011,0.0021,0.0023,0.0007,0.0005,0.0588,0.0723,0.1324,0.146,0.045,0.0312,0.0603,0.0743,0.136,0.1499,0.0462,0.032
51.07.02.2010,Wisma Kerta,Sidemen,Karangasem,Bali,1060,3340,0,0,0.5066,0.4934,0.1153,0.1449,0.291,0.259,0.1027,0.0871,0,0,0,0,0,0,0,0,0,0,0,0,0.0584,0.0734,0.1474,0.1312,0.052,0.0441,0.0569,0.0715,0.1436,0.1278,0.0507,0.043
51.02.08.2014,Wongaya Gede,Penebel,Tabanan,Bali,1262,3477,0.006,0.0043,0.482,0.5076,0.0906,0.0955,0.2476,0.2773,0.1516,0.1375,0.0005,0.0006,0.0015,0.0017,0.0009,0.0008,0.0004,0.0004,0.0011,0.0012,0.0007,0.0006,0.0437,0.046,0.1194,0.1336,0.0731,0.0663,0.046,0.0485,0.1257,0.1407,0.0769,0.0698
51.06.03.2003,Yangapi,Tembuku,Bangli,Bali,2875,9958,0.0047,0.0033,0.5088,0.4831,0.1347,0.1627,0.2809,0.2713,0.0766,0.0738,0.0006,0.0008,0.0013,0.0013,0.0004,0.0003,0.0004,0.0005,0.0009,0.0009,0.0003,0.0002,0.0685,0.0828,0.1429,0.1381,0.039,0.0376,0.0651,0.0786,0.1357,0.1311,0.037,0.0357
51.01.02.2009,Yeh Sumbul,Mendoyo,Jembrana,Bali,2544,8059,0.0046,0.0032,0.4998,0.4924,0.1495,0.1598,0.2906,0.2709,0.079,0.0501,0.0007,0.0007,0.0013,0.0012,0.0004,0.0002,0.0005,0.0005,0.0009,0.0009,0.0003,0.0002,0.0747,0.0799,0.1452,0.1354,0.0395,0.0251,0.0736,0.0787,0.1431,0.1334,0.0389,0.0247
51.01.02.2008,Yehembang,Mendoyo,Jembrana,Bali,2634,8721,0,0,0.5018,0.4982,0.117,0.1601,0.2673,0.2909,0.1017,0.0631,0,0,0,0,0,0,0,0,0,0,0,0,0.0587,0.0803,0.1341,0.146,0.051,0.0316,0.0583,0.0798,0.1332,0.1449,0.0507,0.0314
51.01.02.2011,Yehembang Kangin,Mendoyo,Jembrana,Bali,1444,4494,0.0058,0.0024,0.4927,0.4991,0.1104,0.1571,0.269,0.2922,0.1044,0.067,0.0006,0.0009,0.0016,0.0017,0.0006,0.0004,0.0003,0.0004,0.0007,0.0007,0.0003,0.0002,0.0544,0.0774,0.1325,0.1439,0.0514,0.033,0.0551,0.0784,0.1343,0.1458,0.0521,0.0334
51.01.02.2010,Yehembang Kauh,Mendoyo,Jembrana,Bali,1721,5634,0.0043,0.0032,0.4934,0.4991,0.1159,0.1384,0.2678,0.3065,0.0927,0.0786,0.0005,0.0006,0.0011,0.0013,0.0004,0.0003,0.0004,0.0004,0.0009,0.001,0.0003,0.0003,0.0572,0.0683,0.1322,0.1513,0.0457,0.0388,0.0578,0.0691,0.1337,0.153,0.0462,0.0392
51.01.05.2008,Yehkuning,Jembrana,Jembrana,Bali,1184,3462,0.0066,0.0072,0.4832,0.5029,0.1332,0.1334,0.2753,0.2834,0.1072,0.0676,0.0009,0.0009,0.0018,0.0019,0.0007,0.0004,0.001,0.001,0.002,0.002,0.0008,0.0005,0.0643,0.0645,0.133,0.1369,0.0518,0.0327,0.067,0.0671,0.1384,0.1425,0.0539,0.034
51.01.04.1001,Gilimanuk,Melaya,Jembrana,Bali,3018,9724,0.0045,0.0027,0.4959,0.4969,0.1332,0.1709,0.3014,0.284,0.0731,0.0373,0.0006,0.0008,0.0014,0.0013,0.0003,0.0002,0.0004,0.0005,0.0008,0.0008,0.0002,0.0001,0.066,0.0848,0.1495,0.1409,0.0363,0.0185,0.0662,0.0849,0.1498,0.1411,0.0363,0.0185
51.08.01.2003,Sumberkima,Gerokgak,Buleleng,Bali,3085,10187,0.0059,0.0045,0.4923,0.4973,0.1633,0.1818,0.2953,0.2615,0.0655,0.0326,0.001,0.0011,0.0017,0.0015,0.0004,0.0002,0.0007,0.0008,0.0013,0.0012,0.0003,0.0001,0.0804,0.0895,0.1454,0.1287,0.0322,0.016,0.0812,0.0904,0.1468,0.13,0.0326,0.0162
51.08.03.2003,Bongancina,Busungbiu,Buleleng,Bali,431,1325,0.0053,0.0045,0.4898,0.5004,0.1019,0.1336,0.2694,0.2679,0.126,0.1011,0.0005,0.0007,0.0014,0.0014,0.0007,0.0005,0.0005,0.0006,0.0012,0.0012,0.0006,0.0005,0.0499,0.0654,0.132,0.1312,0.0617,0.0495,0.051,0.0668,0.1348,0.1341,0.0631,0.0506
51.02.10.2008,Bantiran,Pupuan,Tabanan,Bali,1522,4602,0.0048,0.0022,0.508,0.485,0.1158,0.1373,0.2781,0.2866,0.1063,0.0758,0.0006,0.0007,0.0013,0.0014,0.0005,0.0004,0.0003,0.0003,0.0006,0.0006,0.0002,0.0002,0.0588,0.0698,0.1413,0.1456,0.054,0.0385,0.0562,0.0666,0.1349,0.139,0.0515,0.0368
51.07.08.2004,Tianyar,Kubu,Karangasem,Bali,4573,15694,0.0014,0.0006,0.5113,0.4867,0.1539,0.1813,0.3038,0.2456,0.0614,0.0541,0.0002,0.0003,0.0004,0.0003,0.0001,0.0001,0.0001,0.0001,0.0002,0.0002,0,0,0.0787,0.0927,0.1553,0.1256,0.0314,0.0277,0.0749,0.0882,0.1479,0.1195,0.0299,0.0263
51.07.02.2001,Tangkup,Sidemen,Karangasem,Bali,1008,3435,0,0,0.513,0.487,0.1383,0.1572,0.299,0.264,0.0792,0.0623,0,0,0,0,0,0,0,0,0,0,0,0,0.0709,0.0806,0.1534,0.1354,0.0406,0.032,0.0673,0.0766,0.1456,0.1286,0.0386,0.0303
51.07.01.2006,Pesaban,Rendang,Karangasem,Bali,833,2798,0,0,0.4982,0.5018,0.119,0.1444,0.2577,0.2974,0.0901,0.0915,0,0,0,0,0,0,0,0,0,0,0,0,0.0593,0.0719,0.1284,0.1481,0.0449,0.0456,0.0597,0.0725,0.1293,0.1492,0.0452,0.0459