,,,,,,Flood - R25,,,,Flood - R250,,,,Flood - RC25,,,,Flood - RC250,,,,Tsunami,,,,Earthquake,,,,
fid,Village ID,Village,District,Regency/City,Province,No Class (%),Low (%),Moderate (%),High (%),No Class (%),Low (%),Moderate (%),High (%),No Class (%),Low (%),Moderate (%),High (%),No Class (%),Low (%),Moderate (%),High (%),No Class (%),Low (%),Moderate (%),High (%),No Damage (%),Slight (%),Moderate (%),Extensive (%),Collapse (%)
1,51.05.02.2008,Aan,Banjarangkan,Klungkung,Bali,91.40,1.85,1.59,5.17,90.72,1.87,1.93,5.47,90.94,1.96,1.67,5.43,90.46,1.93,1.74,5.87,100.00,0.00,0.00,0.00,99.60,0.36,0.02,0.02,0.01
2,51.07.05.2001,Ababi,Abang,Karangasem,Bali,95.90,1.14,0.76,2.20,95.35,1.39,0.85,2.42,95.67,1.22,0.79,2.31,95.16,1.44,0.97,2.42,100.00,0.00,0.00,0.00,99.50,0.41,0.03,0.02,0.04
3,51.07.05.2005,Abang,Abang,Karangasem,Bali,89.37,3.20,2.12,5.30,88.66,3.07,2.65,5.61,89.06,3.09,2.39,5.46,88.00,3.34,2.81,5.86,100.00,0.00,0.00,0.00,99.40,0.50,0.04,0.04,0.02
4,51.06.04.2020,Abangsongan,Kintamani,Bangli,Bali,82.33,12.01,1.77,3.90,81.90,0.80,12.79,4.51,82.21,11.36,2.29,4.15,81.69,0.84,12.57,4.90,100.00,0.00,0.00,0.00,99.57,0.36,0.03,0.02,0.01
5,51.02.06.2014,Abian Tuwung,Kediri,Tabanan,Bali,85.98,3.43,2.56,8.03,83.97,3.68,3.08,9.27,84.86,3.66,2.77,8.71,82.58,3.91,3.43,10.08,100.00,0.00,0.00,0.00,99.53,0.41,0.03,0.02,0.01
6,51.03.02.1014,Abianbase,Mengwi,Badung,Bali,86.82,6.66,3.31,3.20,84.59,7.65,4.00,3.76,86.03,6.99,3.50,3.48,83.66,7.72,4.45,4.17,100.00,0.00,0.00,0.00,99.40,0.50,0.04,0.03,0.03
7,51.04.03.1005,Abianbase,Gianyar,Gianyar,Bali,91.42,5.29,1.56,1.74,89.57,6.08,2.03,2.32,90.66,5.65,1.77,1.92,88.27,6.63,2.57,2.54,100.00,0.00,0.00,0.00,99.42,0.51,0.03,0.03,0.01
8,51.03.03.2008,Abiansemal,Abiansemal,Badung,Bali,90.35,2.63,1.40,5.62,89.28,2.92,1.72,6.09,90.15,2.47,1.65,5.73,88.44,3.19,1.83,6.55,100.00,0.00,0.00,0.00,99.38,0.52,0.03,0.04,0.03
9,51.03.03.2016,Abiansemal Dauh Yeh Cani,Abiansemal,Badung,Bali,91.30,2.91,2.46,3.33,90.40,3.17,2.59,3.84,90.98,3.04,2.56,3.42,89.79,3.55,2.53,4.13,100.00,0.00,0.00,0.00,99.34,0.54,0.05,0.05,0.03
10,51.06.01.2003,Abuan,Susut,Bangli,Bali,92.16,2.16,1.31,4.37,91.57,2.14,1.37,4.92,92.00,2.10,1.33,4.57,91.28,2.16,1.37,5.19,100.00,0.00,0.00,0.00,99.47,0.45,0.03,0.02,0.01
11,51.06.04.2013,Abuan,Kintamani,Bangli,Bali,90.25,1.22,1.13,7.40,89.16,1.41,1.22,8.21,89.69,1.35,1.09,7.88,88.69,1.43,1.26,8.62,100.00,0.00,0.00,0.00,99.64,0.33,0.02,0.01,0.00
12,51.01.05.2007,Air Kuning,Jembrana,Jembrana,Bali,65.90,9.94,11.87,12.29,63.01,6.27,12.89,17.83,64.10,8.19,14.46,13.25,61.87,4.58,8.86,24.70,0.00,0.00,12.82,87.18,99.42,0.50,0.03,0.03,0.02
13,51.05.03.2014,Akah,Klungkung,Klungkung,Bali,88.80,1.94,1.42,7.84,88.03,1.70,1.56,8.71,88.31,1.70,1.56,8.43,87.58,1.70,1.70,9.02,100.00,0.00,0.00,0.00,99.68,0.29,0.01,0.01,0.00
14,51.08.06.2016,Alasangker,Buleleng,Buleleng,Bali,91.03,1.70,2.01,5.26,90.16,1.97,1.89,5.98,90.20,2.04,1.87,5.89,89.32,2.03,2.03,6.62,100.00,0.00,0.00,0.00,99.51,0.40,0.04,0.03,0.02
15,51.08.05.2003,Ambengan,Sukasada,Buleleng,Bali,89.08,1.10,1.04,8.77,88.37,1.19,1.04,9.39,88.66,1.13,1.05,9.16,86.94,1.36,1.13,10.57,100.00,0.00,0.00,0.00,99.56,0.38,0.03,0.02,0.01
16,51.07.07.2008,Amerta Bhuana,Selat,Karangasem,Bali,97.14,0.95,0.57,1.34,96.70,1.05,0.68,1.57,96.96,1.02,0.62,1.40,96.43,1.14,0.69,1.73,100.00,0.00,0.00,0.00,99.56,0.39,0.03,0.02,0.01
17,51.03.03.2005,Angantaka,Abiansemal,Badung,Bali,89.28,3.95,2.35,4.42,87.79,3.99,3.17,5.05,88.77,4.11,2.62,4.50,85.17,5.05,3.01,6.77,100.00,0.00,0.00,0.00,99.44,0.44,0.04,0.04,0.05
18,51.02.03.2009,Angkah,Selemadeg Barat,Tabanan,Bali,88.36,1.57,1.00,9.06,88.21,1.37,1.10,9.32,88.21,1.51,1.11,9.16,87.94,1.44,1.11,9.51,100.00,0.00,0.00,0.00,99.79,0.18,0.01,0.01,0.01
19,51.02.09.2004,Angseri,Baturiti,Tabanan,Bali,93.91,1.31,1.17,3.61,93.18,1.62,1.11,4.09,93.55,1.40,1.21,3.84,92.67,1.78,1.22,4.34,100.00,0.00,0.00,0.00,99.59,0.37,0.02,0.01,0.00
20,51.02.01.2007,Antap,Selemadeg,Tabanan,Bali,89.65,2.98,2.48,4.90,88.75,3.08,2.37,5.80,89.32,3.02,2.33,5.34,88.45,3.02,2.65,5.89,36.51,13.10,3.17,47.22,99.48,0.44,0.04,0.03,0.02
21,51.02.09.2007,Antapan,Baturiti,Tabanan,Bali,93.80,0.74,0.49,4.97,93.27,0.87,0.59,5.27,93.34,0.82,0.58,5.27,92.73,0.97,0.66,5.63,100.00,0.00,0.00,0.00,99.72,0.26,0.01,0.01,0.00
22,51.07.03.2002,Antiga,Manggis,Karangasem,Bali,83.42,4.21,3.48,8.89,81.54,4.70,3.60,10.16,82.66,4.41,3.58,9.34,80.77,4.76,3.73,10.74,85.34,6.81,3.66,4.19,99.72,0.25,0.01,0.01,0.01
23,51.07.03.2010,Antiga Kelod,Manggis,Karangasem,Bali,83.42,5.81,4.54,6.23,79.74,6.18,5.15,8.93,81.21,6.15,4.78,7.86,76.06,6.81,5.46,11.66,61.65,20.30,4.51,13.53,99.45,0.46,0.03,0.03,0.02
24,51.02.03.2004,Antosari,Selemadeg Barat,Tabanan,Bali,88.69,2.04,1.60,7.66,88.07,2.00,1.67,8.26,88.41,1.95,1.74,7.90,87.42,2.07,1.60,8.91,97.58,1.21,0.61,0.61,99.51,0.43,0.03,0.02,0.01
25,51.08.06.2002,Anturan,Buleleng,Buleleng,Bali,76.22,8.11,6.21,9.45,72.26,10.42,6.27,11.05,74.01,9.30,6.33,10.36,69.89,11.29,6.15,12.67,100.00,0.00,0.00,0.00,99.42,0.49,0.04,0.03,0.02
26,51.02.09.2003,Apuan,Baturiti,Tabanan,Bali,91.16,1.53,1.34,5.97,90.14,1.58,1.55,6.73,90.43,1.65,1.39,6.53,89.71,1.39,1.36,7.53,100.00,0.00,0.00,0.00,99.50,0.39,0.04,0.04,0.03
27,51.06.01.2001,Apuan,Susut,Bangli,Bali,90.21,1.94,1.74,6.11,88.56,2.57,1.64,7.23,89.66,2.25,1.70,6.38,87.58,2.72,1.89,7.81,100.00,0.00,0.00,0.00,99.46,0.46,0.03,0.02,0.02
28,51.01.03.2003,Asahduren,Pekutatan,Jembrana,Bali,90.43,0.69,0.84,8.03,90.09,0.70,0.88,8.33,90.37,0.66,0.88,8.10,89.91,0.79,0.84,8.46,100.00,0.00,0.00,0.00,99.76,0.21,0.01,0.01,0.01
29,51.08.06.1022,Astina,Buleleng,Buleleng,Bali,82.21,5.14,3.16,9.49,79.05,5.53,4.74,10.67,80.63,5.93,2.77,10.67,74.70,8.30,4.35,12.65,100.00,0.00,0.00,0.00,99.47,0.43,0.04,0.04,0.03
30,51.06.04.2032,Awan,Kintamani,Bangli,Bali,88.34,1.14,1.48,9.04,87.68,1.13,1.29,9.89,88.05,1.16,1.28,9.52,87.23,1.16,1.29,10.32,100.00,0.00,0.00,0.00,99.66,0.30,0.02,0.02,0.01
31,51.03.03.2012,Ayunan,Abiansemal,Badung,Bali,88.09,2.42,1.59,7.90,87.37,2.47,1.76,8.40,87.83,2.34,1.71,8.11,86.71,2.34,1.92,9.03,100.00,0.00,0.00,0.00,99.51,0.42,0.03,0.02,0.01
32,51.02.08.2011,Babahan,Penebel,Tabanan,Bali,91.64,1.88,1.81,4.67,90.99,1.72,1.97,5.32,91.50,1.75,1.79,4.96,90.64,1.58,2.01,5.78,100.00,0.00,0.00,0.00,99.66,0.31,0.02,0.01,0.01
33,51.03.02.2008,Baha,Mengwi,Badung,Bali,87.34,4.13,3.18,5.35,86.18,4.16,3.23,6.43,87.02,3.97,3.34,5.68,85.78,3.97,3.37,6.89,100.00,0.00,0.00,0.00,99.43,0.47,0.04,0.03,0.03
34,51.02.01.2001,Bajera,Selemadeg,Tabanan,Bali,90.98,1.60,1.65,5.77,90.21,1.33,2.01,6.45,90.66,1.60,1.65,6.09,89.43,1.83,1.69,7.05,100.00,0.00,0.00,0.00,99.42,0.49,0.04,0.03,0.02
35,51.02.01.2010,Bajera Utara,Selemadeg,Tabanan,Bali,88.88,2.35,1.96,6.81,88.04,2.39,2.01,7.56,88.54,2.37,1.99,7.11,87.61,2.44,2.03,7.92,100.00,0.00,0.00,0.00,99.59,0.33,0.02,0.03,0.02
36,51.05.02.2005,Bakas,Banjarangkan,Klungkung,Bali,93.90,0.59,0.51,5.00,93.55,0.47,0.70,5.28,93.75,0.55,0.59,5.12,93.20,0.59,0.63,5.59,100.00,0.00,0.00,0.00,99.44,0.49,0.03,0.03,0.01
37,51.04.03.2009,Bakbakan,Gianyar,Gianyar,Bali,94.03,2.45,1.11,2.41,93.45,2.60,1.30,2.66,93.94,2.33,1.17,2.55,92.83,2.78,1.42,2.97,100.00,0.00,0.00,0.00,99.55,0.37,0.03,0.03,0.02
38,51.08.06.2005,Baktiseraga,Buleleng,Buleleng,Bali,85.22,11.16,2.79,0.83,82.85,12.17,3.69,1.28,83.98,11.84,3.09,1.09,81.76,12.17,4.56,1.51,98.41,1.59,0.00,0.00,99.39,0.51,0.05,0.03,0.02
39,51.01.01.1006,Baler Bale Agung,Negara,Jembrana,Bali,85.31,3.95,3.27,7.47,83.51,4.22,3.44,8.83,84.58,4.02,3.32,8.08,82.33,4.23,3.66,9.79,100.00,0.00,0.00,0.00,99.80,0.18,0.01,0.01,0.00
40,51.01.01.2002,Baluk,Negara,Jembrana,Bali,77.49,11.17,8.72,2.63,76.23,8.62,11.40,3.75,77.02,10.01,10.01,2.95,75.57,7.48,11.93,5.01,87.28,10.09,1.32,1.32,99.57,0.36,0.03,0.03,0.02
41,51.07.08.2001,Ban,Kubu,Karangasem,Bali,94.07,0.89,0.78,4.26,93.35,0.94,0.86,4.85,93.79,0.88,0.80,4.53,92.50,1.07,0.95,5.48,100.00,0.00,0.00,0.00,99.61,0.34,0.02,0.02,0.01
42,51.06.03.2005,Bangbang,Tembuku,Bangli,Bali,88.70,0.84,0.64,9.83,86.58,0.74,0.79,11.89,87.79,0.98,0.57,10.66,85.23,0.94,0.84,13.00,100.00,0.00,0.00,0.00,99.52,0.36,0.04,0.04,0.04
43,51.02.09.2005,Bangli,Baturiti,Tabanan,Bali,94.44,1.03,0.97,3.56,94.02,1.02,1.07,3.89,94.16,1.02,1.08,3.73,93.45,1.17,1.10,4.28,100.00,0.00,0.00,0.00,99.65,0.31,0.02,0.02,0.01
44,51.08.04.2013,Banjar,Banjar,Buleleng,Bali,89.04,2.65,1.70,6.62,87.83,3.13,1.69,7.35,88.49,2.86,1.73,6.92,86.90,3.44,1.82,7.83,100.00,0.00,0.00,0.00,99.70,0.25,0.02,0.02,0.01
45,51.02.06.2015,Banjar Anyar,Kediri,Tabanan,Bali,90.96,2.22,2.03,4.79,89.88,2.44,1.82,5.86,90.41,2.53,1.73,5.33,89.24,2.71,1.76,6.29,100.00,0.00,0.00,0.00,99.47,0.48,0.02,0.02,0.01
46,51.08.06.1027,Banjar Bali,Buleleng,Buleleng,Bali,70.48,10.00,9.05,10.48,63.33,15.24,6.67,14.76,67.14,12.38,6.67,13.81,57.14,20.48,7.14,15.24,100.00,0.00,0.00,0.00,99.33,0.56,0.05,0.04,0.02
47,51.08.06.1023,Banjar Jawa,Buleleng,Buleleng,Bali,79.36,8.80,5.60,6.24,75.04,10.56,5.44,8.96,76.48,9.28,5.92,8.32,73.12,10.56,6.56,9.76,100.00,0.00,0.00,0.00,99.46,0.43,0.04,0.04,0.03
48,51.08.06.1007,Banjar Tegal,Buleleng,Buleleng,Bali,87.94,3.36,2.32,6.38,86.66,4.06,2.20,7.08,87.24,3.83,1.97,6.96,83.76,4.41,3.60,8.24,100.00,0.00,0.00,0.00,99.50,0.43,0.03,0.03,0.01
49,51.08.04.2012,Banjar Tegeha,Banjar,Buleleng,Bali,88.90,2.40,1.77,6.94,87.77,2.02,2.52,7.69,88.52,1.89,2.27,7.31,87.26,1.77,2.52,8.45,100.00,0.00,0.00,0.00,99.65,0.31,0.02,0.01,0.01
50,51.01.01.1008,Banjar Tengah,Negara,Jembrana,Bali,72.34,18.87,8.02,0.78,64.81,21.90,12.12,1.17,69.01,19.65,10.56,0.78,59.53,23.75,13.69,3.03,52.17,47.83,0.00,0.00,99.51,0.40,0.04,0.03,0.02
51,51.05.02.2003,Banjarangkan,Banjarangkan,Klungkung,Bali,93.22,2.51,0.68,3.59,91.63,3.39,1.08,3.91,92.38,3.19,0.68,3.75,91.15,3.59,1.40,3.87,100.00,0.00,0.00,0.00,99.52,0.40,0.03,0.03,0.01
52,51.08.02.2019,Banjarasem,Seririt,Buleleng,Bali,70.98,12.03,7.65,9.35,66.07,14.11,8.29,11.53,68.78,12.51,8.07,10.65,64.97,14.05,8.03,12.95,100.00,0.00,0.00,0.00,99.37,0.55,0.04,0.03,0.02
53,51.06.04.2042,Bantang,Kintamani,Bangli,Bali,92.82,0.51,0.57,6.11,92.36,0.51,0.60,6.53,92.60,0.47,0.60,6.33,91.84,0.71,0.61,6.84,100.00,0.00,0.00,0.00,99.61,0.31,0.03,0.03,0.02
54,51.02.02.2003,Bantas,Selemadeg Timur,Tabanan,Bali,84.84,2.77,2.38,10.01,83.50,3.33,2.32,10.85,84.11,3.16,2.24,10.49,83.02,3.24,2.38,11.36,100.00,0.00,0.00,0.00,99.46,0.46,0.03,0.03,0.02
55,51.06.04.2012,Banua,Kintamani,Bangli,Bali,89.24,0.91,1.37,8.48,87.69,0.82,1.09,10.39,88.42,1.09,0.73,9.75,86.60,1.00,0.64,11.76,100.00,0.00,0.00,0.00,99.56,0.39,0.02,0.02,0.01
56,51.01.01.2003,Banyu Biru,Negara,Jembrana,Bali,76.89,10.13,8.03,4.94,74.86,8.70,9.90,6.54,75.88,9.71,8.82,5.60,73.90,8.19,10.21,7.71,58.11,17.57,6.76,17.57,99.58,0.33,0.04,0.03,0.02
57,51.08.06.1006,Banyuasri,Buleleng,Buleleng,Bali,81.52,7.83,5.65,5.00,79.11,8.52,6.11,6.25,79.85,8.43,5.65,6.07,76.10,9.26,6.81,7.83,91.67,8.33,0.00,0.00,99.38,0.53,0.04,0.03,0.02
58,51.08.04.2004,Banyuatis,Banjar,Buleleng,Bali,87.66,0.92,0.95,10.47,87.44,0.57,0.98,11.01,87.50,0.60,0.98,10.91,87.03,0.73,0.82,11.42,100.00,0.00,0.00,0.00,99.65,0.30,0.02,0.02,0.01
59,51.08.06.1019,Banyuning,Buleleng,Buleleng,Bali,79.41,11.62,5.28,3.69,76.82,11.52,6.71,4.95,77.77,11.71,6.06,4.46,73.37,12.42,7.96,6.25,97.81,2.19,0.00,0.00,99.54,0.39,0.03,0.02,0.01
60,51.08.01.2005,Banyupoh,Gerokgak,Buleleng,Bali,89.32,2.53,1.88,6.26,87.99,2.78,2.10,7.13,88.57,2.68,1.97,6.79,86.96,2.74,2.43,7.87,97.98,2.02,0.00,0.00,99.64,0.32,0.02,0.01,0.01
61,51.08.04.2001,Banyuseri,Banjar,Buleleng,Bali,91.12,0.93,0.80,7.15,90.62,1.03,1.03,7.32,90.79,1.16,0.86,7.18,90.22,1.13,1.03,7.62,100.00,0.00,0.00,0.00,99.71,0.27,0.01,0.01,0.00
62,51.02.07.2016,Baru,Marga,Tabanan,Bali,94.24,1.49,1.01,3.26,93.61,1.80,1.09,3.50,93.90,1.67,1.01,3.42,93.15,1.88,1.25,3.71,100.00,0.00,0.00,0.00,99.55,0.42,0.02,0.01,0.01
63,51.02.07.2004,Batannyuh,Marga,Tabanan,Bali,89.62,2.31,2.61,5.45,87.98,2.61,2.46,6.94,88.54,2.54,2.50,6.42,86.67,3.21,2.39,7.73,100.00,0.00,0.00,0.00,99.50,0.43,0.03,0.03,0.01
64,51.01.05.2004,Batu Agung,Jembrana,Jembrana,Bali,89.01,1.89,1.55,7.55,88.07,1.94,1.70,8.29,88.55,1.90,1.66,7.89,87.33,1.89,1.75,9.02,100.00,0.00,0.00,0.00,99.75,0.23,0.01,0.01,0.00
65,51.02.04.2013,Batuaji,Kerambitan,Tabanan,Bali,90.24,3.56,2.19,4.01,89.31,3.60,2.61,4.47,89.83,3.53,2.44,4.20,88.61,3.83,2.69,4.86,100.00,0.00,0.00,0.00,99.53,0.42,0.03,0.02,0.01
66,51.04.01.2007,Batuan,Sukawati,Gianyar,Bali,86.09,5.65,2.39,5.87,83.96,6.14,2.98,6.91,85.23,5.67,2.71,6.39,82.47,6.71,3.19,7.63,100.00,0.00,0.00,0.00,99.38,0.52,0.04,0.03,0.02
67,51.04.01.2012,Batuan Kaler,Sukawati,Gianyar,Bali,88.10,4.55,2.75,4.61,86.74,4.67,3.38,5.21,87.69,4.58,2.94,4.80,85.64,4.89,3.82,5.65,100.00,0.00,0.00,0.00,99.40,0.48,0.04,0.04,0.04
68,51.04.01.2001,Batubulan,Sukawati,Gianyar,Bali,84.68,6.13,3.81,5.37,82.12,7.15,4.13,6.60,83.79,6.57,3.86,5.78,79.87,7.76,4.65,7.72,48.77,2.96,1.97,46.31,99.47,0.46,0.03,0.02,0.01
69,51.04.01.2009,Batubulan Kangin,Sukawati,Gianyar,Bali,88.15,6.57,3.72,1.56,86.54,6.98,4.13,2.34,87.59,6.66,3.86,1.89,84.78,7.64,4.29,3.29,26.50,16.24,3.42,53.85,99.49,0.41,0.03,0.04,0.03
70,51.06.04.2022,Batudinding,Kintamani,Bangli,Bali,72.74,18.22,1.88,7.16,72.15,1.28,18.78,7.79,72.51,17.99,2.13,7.36,71.67,1.25,18.83,8.24,100.00,0.00,0.00,0.00,99.54,0.41,0.02,0.01,0.01
71,51.06.04.2035,Batukaang,Kintamani,Bangli,Bali,90.22,1.35,1.40,7.03,89.52,1.35,1.64,7.49,89.82,1.27,1.67,7.25,88.69,1.70,1.48,8.14,100.00,0.00,0.00,0.00,99.47,0.48,0.03,0.02,0.01
72,51.05.01.2004,Batukandik,Nusa Penida,Klungkung,Bali,93.46,1.37,1.11,4.06,92.94,1.45,1.13,4.48,93.15,1.43,1.14,4.29,92.43,1.58,1.14,4.86,96.62,2.35,0.29,0.74,99.41,0.43,0.05,0.06,0.06
73,51.05.01.2002,Batumadeg,Nusa Penida,Klungkung,Bali,92.19,1.67,1.16,4.98,91.77,1.53,1.38,5.32,91.96,1.56,1.28,5.21,91.21,1.66,1.36,5.77,95.47,4.53,0.00,0.00,99.49,0.41,0.03,0.03,0.04
74,51.02.10.2003,Batungsel,Pupuan,Tabanan,Bali,92.50,1.25,1.18,5.06,92.17,1.22,1.25,5.36,92.33,1.25,1.23,5.19,91.92,1.21,1.27,5.61,100.00,0.00,0.00,0.00,99.63,0.32,0.02,0.02,0.01
75,51.05.01.2008,Batununggul,Nusa Penida,Klungkung,Bali,95.25,2.41,0.91,1.43,94.50,2.60,1.11,1.78,94.74,2.54,1.04,1.68,93.96,2.55,1.46,2.03,71.57,18.14,4.90,5.39,99.47,0.46,0.03,0.02,0.01
76,51.02.09.2010,Batunya,Baturiti,Tabanan,Bali,88.99,2.46,0.98,7.57,88.22,2.55,0.86,8.37,88.32,2.56,0.89,8.24,87.77,1.31,2.20,8.72,100.00,0.00,0.00,0.00,99.65,0.31,0.02,0.01,0.01
77,51.06.04.2026,Batur Selatan,Kintamani,Bangli,Bali,85.50,2.89,2.35,9.26,83.99,2.76,2.47,10.78,84.78,2.85,2.50,9.87,83.02,2.76,2.36,11.86,100.00,0.00,0.00,0.00,99.58,0.40,0.01,0.01,0.00
78,51.06.04.2027,Batur Tengah,Kintamani,Bangli,Bali,67.47,22.97,3.16,6.41,67.00,1.73,24.19,7.08,67.27,22.25,3.80,6.67,66.71,1.83,23.79,7.67,100.00,0.00,0.00,0.00,99.19,0.70,0.05,0.04,0.02
79,51.06.04.2028,Batur Utara,Kintamani,Bangli,Bali,88.46,1.11,1.28,9.14,87.54,1.01,1.05,10.40,88.05,0.99,1.32,9.65,87.10,0.76,0.92,11.22,100.00,0.00,0.00,0.00,99.61,0.34,0.02,0.02,0.00
80,51.07.08.2008,Baturinggit,Kubu,Karangasem,Bali,94.94,1.48,1.07,2.51,94.00,1.83,1.20,2.97,94.24,1.68,1.16,2.92,92.58,1.72,1.41,4.30,98.51,1.49,0.00,0.00,99.51,0.40,0.03,0.04,0.03
81,51.02.04.2010,Baturiti,Kerambitan,Tabanan,Bali,88.93,2.82,2.00,6.25,88.25,2.85,2.22,6.68,88.72,2.94,1.88,6.46,87.87,2.78,2.33,7.02,100.00,0.00,0.00,0.00,99.49,0.44,0.02,0.02,0.02
82,51.02.09.2006,Baturiti,Baturiti,Tabanan,Bali,90.37,1.40,1.10,7.12,89.65,1.37,1.32,7.66,89.86,1.29,1.28,7.56,89.28,1.28,1.31,8.13,100.00,0.00,0.00,0.00,99.74,0.22,0.02,0.01,0.01
83,51.06.04.2008,Bayung Cerik,Kintamani,Bangli,Bali,88.68,0.82,0.68,9.82,87.97,0.71,0.91,10.41,88.31,0.82,0.79,10.07,87.40,0.88,0.82,10.89,100.00,0.00,0.00,0.00,99.65,0.31,0.02,0.01,0.01
84,51.06.04.2016,Bayung Gede,Kintamani,Bangli,Bali,93.17,1.75,1.27,3.81,92.67,1.79,1.28,4.26,92.99,1.71,1.34,3.96,92.24,1.86,1.44,4.46,100.00,0.00,0.00,0.00,99.58,0.39,0.01,0.01,0.01
85,51.06.02.1003,Bebalang,Bangli,Bangli,Bali,94.27,1.19,0.82,3.72,93.12,1.64,0.84,4.39,94.05,1.17,0.78,4.00,92.69,1.77,0.80,4.74,100.00,0.00,0.00,0.00,99.51,0.41,0.03,0.03,0.02
86,51.07.06.2003,Bebandem,Bebandem,Karangasem,Bali,95.15,1.53,0.88,2.43,94.45,1.63,1.06,2.85,94.99,1.45,1.00,2.56,93.94,1.77,1.24,3.06,100.00,0.00,0.00,0.00,99.55,0.39,0.03,0.02,0.01
87,51.08.07.2004,Bebetin,Sawan,Buleleng,Bali,86.16,2.26,2.11,9.46,85.20,2.48,2.15,10.16,85.55,2.44,2.14,9.87,84.58,2.33,2.29,10.80,100.00,0.00,0.00,0.00,99.67,0.30,0.02,0.01,0.00
88,51.04.02.2007,Bedulu,Blahbatuh,Gianyar,Bali,87.67,3.98,2.07,6.28,85.50,4.97,2.55,6.99,86.49,4.53,2.48,6.50,84.31,5.56,2.64,7.49,100.00,0.00,0.00,0.00,99.48,0.44,0.04,0.03,0.02
89,51.02.06.2003,Belalang,Kediri,Tabanan,Bali,89.63,5.34,2.48,2.55,88.02,6.19,2.84,2.95,89.20,5.58,2.58,2.65,87.26,6.76,2.98,3.00,59.79,7.22,5.15,27.84,99.46,0.44,0.03,0.03,0.04
90,51.06.04.2010,Belancan,Kintamani,Bangli,Bali,91.25,1.11,1.06,6.58,90.57,1.24,1.04,7.14,90.81,1.27,1.06,6.86,90.20,1.25,1.13,7.41,100.00,0.00,0.00,0.00,99.57,0.36,0.03,0.02,0.02
91,51.06.04.2048,Belandingan,Kintamani,Bangli,Bali,96.21,0.37,0.37,3.05,95.82,0.44,0.35,3.38,96.01,0.49,0.29,3.22,95.72,0.39,0.42,3.47,100.00,0.00,0.00,0.00,99.47,0.47,0.03,0.02,0.02
92,51.06.04.2034,Belanga,Kintamani,Bangli,Bali,92.13,0.95,1.36,5.56,91.80,1.28,1.08,5.84,91.91,1.08,1.03,5.98,91.58,1.14,1.08,6.20,100.00,0.00,0.00,0.00,99.72,0.26,0.01,0.01,0.00
93,51.06.04.2036,Belantih,Kintamani,Bangli,Bali,93.21,2.16,1.49,3.14,92.61,2.33,1.63,3.42,92.82,2.30,1.61,3.26,91.95,2.79,1.51,3.75,100.00,0.00,0.00,0.00,99.56,0.39,0.02,0.02,0.01
94,51.02.10.2011,Belatungan,Pupuan,Tabanan,Bali,91.40,0.97,0.79,6.84,91.03,0.92,0.84,7.21,91.25,0.86,0.87,7.02,90.81,0.93,0.86,7.40,100.00,0.00,0.00,0.00,99.67,0.29,0.02,0.02,0.01
95,51.04.02.2004,Belega,Blahbatuh,Gianyar,Bali,88.13,5.48,3.23,3.16,84.65,6.81,4.21,4.32,86.34,6.18,3.76,3.72,83.63,7.48,4.36,4.53,100.00,0.00,0.00,0.00,99.39,0.53,0.03,0.03,0.02
96,51.02.10.2001,Belimbing,Pupuan,Tabanan,Bali,89.33,1.64,1.49,7.54,88.79,1.63,1.49,8.08,89.08,1.61,1.52,7.80,88.47,1.53,1.56,8.44,100.00,0.00,0.00,0.00,99.76,0.19,0.02,0.02,0.01
97,51.01.04.2003,Belimbingsari,Melaya,Jembrana,Bali,89.44,3.09,2.32,5.15,88.22,3.42,2.50,5.87,88.96,3.24,2.36,5.45,87.64,3.52,2.58,6.26,100.00,0.00,0.00,0.00,99.70,0.24,0.02,0.02,0.01
98,51.03.04.2003,Belok/Sidan,Petang,Badung,Bali,89.89,0.68,0.75,8.67,89.41,0.69,0.77,9.13,89.63,0.69,0.74,8.94,88.97,0.62,0.78,9.63,100.00,0.00,0.00,0.00,99.60,0.36,0.02,0.01,0.00
99,51.02.04.2004,Belumbang,Kerambitan,Tabanan,Bali,91.24,1.48,1.20,6.08,90.66,1.30,1.52,6.52,90.91,1.41,1.45,6.23,90.33,1.34,1.27,7.06,61.54,24.62,7.69,6.15,99.51,0.43,0.03,0.02,0.01
100,51.04.03.1008,Beng,Gianyar,Gianyar,Bali,92.50,1.97,1.03,4.49,91.74,2.33,1.08,4.85,92.37,1.97,0.99,4.67,91.61,2.24,1.30,4.85,100.00,0.00,0.00,0.00,99.38,0.52,0.04,0.03,0.02
101,51.08.08.2010,Bengkala,Kubutambahan,Buleleng,Bali,92.04,1.27,0.93,5.76,91.55,1.19,1.13,6.13,91.77,1.28,0.91,6.03,91.12,1.30,1.17,6.40,100.00,0.00,0.00,0.00,99.38,0.52,0.04,0.03,0.01
102,51.02.06.2001,Bengkel,Kediri,Tabanan,Bali,89.12,3.29,2.31,5.28,87.61,4.11,2.12,6.17,88.37,3.76,2.02,5.85,86.41,4.81,2.06,6.73,28.00,18.67,5.33,48.00,99.54,0.38,0.03,0.03,0.02
103,51.08.03.2013,Bengkel,Busungbiu,Buleleng,Bali,88.54,1.05,0.94,9.47,87.91,1.11,1.16,9.82,88.18,1.07,1.11,9.63,87.65,1.18,1.04,10.13,100.00,0.00,0.00,0.00,99.76,0.23,0.01,0.01,0.00
104,51.02.03.2011,Bengkel Sari,Selemadeg Barat,Tabanan,Bali,90.18,2.69,2.22,4.91,89.51,2.59,2.26,5.64,89.93,2.59,2.28,5.20,89.20,2.66,2.25,5.89,66.29,15.43,2.86,15.43,99.56,0.35,0.04,0.03,0.02
105,51.03.05.1004,Benoa,Kuta Selatan,Badung,Bali,88.46,6.16,2.53,2.84,87.04,6.70,2.86,3.40,87.64,6.51,2.73,3.12,85.93,6.83,3.39,3.84,50.15,8.02,2.92,38.92,99.46,0.47,0.03,0.03,0.01
106,51.02.02.2007,Beraban,Selemadeg Timur,Tabanan,Bali,86.59,6.13,2.69,4.59,85.36,6.53,3.15,4.96,85.20,6.64,3.41,4.75,84.03,6.88,3.87,5.23,9.30,12.79,8.14,69.77,99.53,0.42,0.02,0.02,0.01
107,51.02.06.2004,Beraban,Kediri,Tabanan,Bali,90.27,4.45,2.60,2.68,88.67,5.13,2.70,3.50,89.55,4.72,2.72,3.01,87.96,5.29,2.93,3.83,19.90,9.71,4.37,66.02,99.48,0.45,0.03,0.02,0.01
108,51.01.01.2005,Berangbang,Negara,Jembrana,Bali,88.52,1.63,1.75,8.10,87.78,1.69,1.66,8.87,88.10,1.66,1.73,8.52,87.19,1.65,1.74,9.42,100.00,0.00,0.00,0.00,99.50,0.39,0.05,0.04,0.02
109,51.08.06.1012,Beratan,Buleleng,Buleleng,Bali,96.24,2.51,1.25,0.00,93.42,4.08,2.51,0.00,94.98,3.45,1.57,0.00,86.83,5.64,4.08,3.45,100.00,0.00,0.00,0.00,99.48,0.43,0.04,0.03,0.02
110,51.02.01.2004,Berembeng,Selemadeg,Tabanan,Bali,89.21,2.49,1.50,6.81,88.28,2.68,1.56,7.48,88.68,2.53,1.62,7.17,87.77,2.91,1.60,7.72,88.89,4.63,0.93,5.56,99.49,0.44,0.03,0.03,0.01
111,51.02.07.2002,Beringkit Belayu,Marga,Tabanan,Bali,85.99,3.40,2.13,8.48,84.60,3.86,1.96,9.57,85.24,3.63,2.25,8.88,83.68,3.92,2.19,10.21,100.00,0.00,0.00,0.00,99.50,0.42,0.03,0.03,0.02
112,51.07.01.2004,Besakih,Rendang,Karangasem,Bali,96.51,0.60,0.42,2.47,96.16,0.62,0.49,2.72,96.36,0.62,0.46,2.55,95.86,0.59,0.55,3.00,100.00,0.00,0.00,0.00,99.65,0.31,0.02,0.01,0.00
113,51.05.04.2012,Besan,Dawan,Klungkung,Bali,89.73,1.83,1.45,6.99,88.74,2.12,1.59,7.56,89.38,1.88,1.56,7.18,88.12,2.10,1.71,8.07,100.00,0.00,0.00,0.00,99.74,0.22,0.02,0.02,0.01
114,51.08.02.2008,Bestala,Seririt,Buleleng,Bali,78.33,2.06,1.40,18.21,77.50,1.98,1.69,18.83,77.83,2.02,1.73,18.42,76.18,2.10,1.85,19.86,100.00,0.00,0.00,0.00,99.77,0.22,0.01,0.01,0.00
115,51.02.08.2005,Biaung,Penebel,Tabanan,Bali,92.20,2.41,1.80,3.59,90.96,2.57,1.87,4.61,91.61,2.44,1.88,4.07,89.96,2.73,2.09,5.23,100.00,0.00,0.00,0.00,99.58,0.36,0.03,0.02,0.02
116,51.08.08.2009,Bila,Kubutambahan,Buleleng,Bali,90.10,1.38,1.07,7.45,89.31,1.49,1.04,8.16,89.67,1.34,1.17,7.82,88.97,1.30,1.23,8.50,100.00,0.00,0.00,0.00,99.50,0.42,0.04,0.03,0.02
117,51.06.04.2002,Binyan,Kintamani,Bangli,Bali,84.76,0.98,0.77,13.50,83.78,0.98,0.64,14.60,83.99,1.06,0.64,14.30,83.40,0.81,1.02,14.77,100.00,0.00,0.00,0.00,99.66,0.29,0.02,0.01,0.01
118,51.04.03.1007,Bitera,Gianyar,Gianyar,Bali,89.81,3.07,2.17,4.95,88.05,3.66,2.64,5.65,89.16,3.23,2.46,5.15,86.85,4.25,2.58,6.32,100.00,0.00,0.00,0.00,99.43,0.47,0.05,0.04,0.02
119,51.04.02.2005,Blahbatuh,Blahbatuh,Gianyar,Bali,85.83,6.69,2.98,4.50,83.17,7.55,4.12,5.15,84.36,7.25,3.66,4.73,82.01,8.11,4.03,5.85,100.00,0.00,0.00,0.00,99.51,0.41,0.03,0.03,0.02
120,51.03.03.2011,Blahkiuh,Abiansemal,Badung,Bali,91.56,1.72,0.96,5.77,90.90,1.96,1.00,6.14,91.38,1.78,0.87,5.96,90.32,2.31,0.94,6.44,100.00,0.00,0.00,0.00,99.54,0.41,0.02,0.02,0.01
121,51.04.02.2009,Bona,Blahbatuh,Gianyar,Bali,89.02,2.64,2.26,6.08,87.37,3.14,2.33,7.16,88.25,2.91,2.30,6.54,86.34,2.76,2.76,8.15,100.00,0.00,0.00,0.00,99.52,0.42,0.03,0.02,0.01
122,51.08.09.2005,Bondalem,Tejakula,Buleleng,Bali,92.32,3.07,1.64,2.97,90.40,3.81,2.17,3.62,91.50,3.34,1.85,3.31,89.94,3.79,2.55,3.72,94.17,5.83,0.00,0.00,99.41,0.49,0.05,0.04,0.02
123,51.02.05.2003,Bongan,Tabanan,Tabanan,Bali,88.80,3.26,1.96,5.99,87.06,3.81,2.36,6.77,88.19,3.43,2.04,6.34,85.94,4.20,2.68,7.17,94.20,4.35,0.72,0.72,99.45,0.43,0.04,0.04,0.04
124,51.03.03.2009,Bongkasa,Abiansemal,Badung,Bali,90.27,1.55,1.34,6.85,87.89,1.72,1.36,9.03,88.70,1.48,1.27,8.54,86.20,1.82,1.78,10.20,100.00,0.00,0.00,0.00,99.44,0.47,0.04,0.03,0.02
125,51.03.03.2018,Bongkasa Pertiwi,Abiansemal,Badung,Bali,88.95,0.43,0.74,9.88,87.25,0.50,0.74,11.51,87.71,0.85,0.28,11.16,86.29,0.46,0.35,12.89,100.00,0.00,0.00,0.00,99.48,0.47,0.03,0.02,0.01
126,51.08.08.2003,Bontihing,Kubutambahan,Buleleng,Bali,86.89,1.64,1.50,9.97,86.28,1.64,1.40,10.68,86.45,1.59,1.53,10.43,85.51,1.66,1.48,11.35,100.00,0.00,0.00,0.00,99.60,0.37,0.02,0.01,0.00
127,51.06.04.2014,Bonyoh,Kintamani,Bangli,Bali,86.98,1.21,1.19,10.63,84.56,1.26,1.48,12.70,85.92,1.48,1.16,11.44,83.52,1.19,1.19,14.11,100.00,0.00,0.00,0.00,99.59,0.34,0.03,0.02,0.01
128,51.04.07.2009,Bresela,Payangan,Gianyar,Bali,91.94,0.62,0.84,6.61,91.81,0.57,0.53,7.09,91.89,0.57,0.57,6.96,91.59,0.53,0.48,7.40,100.00,0.00,0.00,0.00,99.48,0.45,0.03,0.03,0.02
129,51.02.05.2011,Buahan,Tabanan,Tabanan,Bali,91.73,3.71,1.29,3.28,89.27,4.88,1.91,3.94,90.75,4.29,1.52,3.43,87.36,6.24,1.91,4.49,100.00,0.00,0.00,0.00,99.58,0.38,0.02,0.01,0.01
130,51.04.07.2005,Buahan,Payangan,Gianyar,Bali,90.94,0.79,0.79,7.48,89.84,0.77,0.67,8.71,90.46,0.72,0.68,8.13,89.51,0.63,0.65,9.21,100.00,0.00,0.00,0.00,99.57,0.41,0.01,0.01,0.00
131,51.06.04.2019,Buahan,Kintamani,Bangli,Bali,77.57,9.72,4.85,7.86,77.30,1.75,12.25,8.71,77.43,8.78,5.51,8.28,77.15,1.68,11.90,9.28,100.00,0.00,0.00,0.00,99.65,0.31,0.02,0.01,0.01
132,51.04.07.2008,Buahan Kaja,Payangan,Gianyar,Bali,93.92,0.55,0.52,5.00,93.33,0.71,0.46,5.49,93.69,0.59,0.52,5.19,93.09,0.64,0.63,5.64,100.00,0.00,0.00,0.00,99.67,0.31,0.01,0.01,0.00
133,51.07.06.2007,Bhuana Giri,Bebandem,Karangasem,Bali,96.76,0.54,0.43,2.27,96.41,0.61,0.39,2.58,96.62,0.54,0.43,2.41,96.27,0.57,0.44,2.72,100.00,0.00,0.00,0.00,99.46,0.44,0.05,0.03,0.02
134,51.08.02.2013,Bubunan,Seririt,Buleleng,Bali,85.68,6.12,5.43,2.77,84.35,5.60,6.12,3.93,85.10,5.60,6.12,3.18,83.66,5.60,5.89,4.85,100.00,0.00,0.00,0.00,99.47,0.41,0.04,0.04,0.03
135,51.07.06.2002,Budakeling,Bebandem,Karangasem,Bali,96.60,1.32,0.79,1.29,95.84,1.99,0.82,1.36,96.34,1.54,0.82,1.29,92.63,4.13,1.10,2.14,100.00,0.00,0.00,0.00,99.39,0.52,0.04,0.03,0.02
136,51.01.05.2006,Budeng,Jembrana,Jembrana,Bali,29.55,25.81,28.65,15.99,24.23,18.57,25.47,31.73,26.98,22.65,28.65,21.72,20.48,16.09,17.67,45.76,0.00,12.24,30.61,57.14,99.37,0.53,0.04,0.04,0.03
137,51.03.02.2002,Buduk,Mengwi,Badung,Bali,85.22,4.91,3.81,6.07,83.04,5.59,4.04,7.33,84.40,5.17,3.89,6.54,82.51,5.38,4.28,7.83,100.00,0.00,0.00,0.00,99.43,0.46,0.04,0.04,0.02
138,51.07.04.2001,Bugbug,Karangasem,Karangasem,Bali,84.44,4.35,3.14,8.07,83.24,4.67,3.21,8.88,84.37,4.34,3.08,8.21,82.59,4.74,3.51,9.16,84.87,9.20,4.15,1.78,99.71,0.25,0.01,0.01,0.01
139,51.04.07.2003,Bukian,Payangan,Gianyar,Bali,91.51,1.32,1.06,6.10,90.88,1.47,1.11,6.54,91.24,1.33,1.16,6.26,90.45,1.65,1.15,6.75,100.00,0.00,0.00,0.00,99.65,0.33,0.01,0.01,0.00
140,51.07.04.2011,Bukit,Karangasem,Karangasem,Bali,91.97,0.75,1.03,6.25,91.57,0.94,0.91,6.58,91.80,0.88,0.94,6.38,91.37,0.93,0.86,6.84,100.00,0.00,0.00,0.00,99.52,0.39,0.04,0.03,0.02
141,51.08.08.2012,Bukti,Kubutambahan,Buleleng,Bali,91.65,2.95,2.08,3.32,86.90,3.86,2.90,6.34,89.65,3.46,2.37,4.53,87.76,3.76,2.76,5.73,92.35,7.65,0.00,0.00,99.47,0.46,0.03,0.02,0.01
142,51.08.08.2008,Bulian,Kubutambahan,Buleleng,Bali,93.57,1.46,0.92,4.06,92.82,1.45,1.17,4.56,93.04,1.48,1.07,4.41,92.43,1.55,1.16,4.87,100.00,0.00,0.00,0.00,99.42,0.50,0.04,0.03,0.02
143,51.05.01.2016,Bunga Mekar,Nusa Penida,Klungkung,Bali,93.13,1.48,1.09,4.30,92.75,1.44,1.17,4.63,92.90,1.49,1.11,4.50,92.33,1.47,1.18,5.01,90.79,5.84,2.02,1.35,99.46,0.44,0.04,0.04,0.02
144,51.07.06.2001,Bungaya,Bebandem,Karangasem,Bali,89.34,4.06,2.69,3.92,86.98,5.04,3.62,4.36,89.23,4.14,2.91,3.73,85.55,5.43,4.08,4.93,100.00,0.00,0.00,0.00,99.59,0.37,0.02,0.01,0.00
145,51.07.06.2006,Bungaya Kangin,Bebandem,Karangasem,Bali,95.00,2.37,1.32,1.32,93.03,3.69,1.76,1.52,94.70,2.49,1.46,1.35,91.54,4.13,2.14,2.19,100.00,0.00,0.00,0.00,99.39,0.52,0.04,0.03,0.02
146,51.05.02.2010,Bungbungan,Banjarangkan,Klungkung,Bali,93.63,0.68,0.85,4.85,92.89,1.03,0.73,5.35,93.24,0.94,0.76,5.05,92.39,1.20,0.82,5.58,100.00,0.00,0.00,0.00,99.57,0.37,0.03,0.02,0.01
147,51.08.07.2013,Bungkulan,Sawan,Buleleng,Bali,82.68,11.14,2.86,3.31,77.56,13.72,4.52,4.20,80.47,12.04,3.67,3.82,75.39,14.55,5.23,4.83,96.43,3.57,0.00,0.00,99.40,0.48,0.05,0.04,0.03
148,51.07.05.2003,Bunutan,Abang,Karangasem,Bali,90.26,1.41,1.18,7.16,89.77,1.58,1.18,7.47,90.07,1.46,1.19,7.28,89.36,1.63,1.21,7.80,95.61,4.09,0.31,0.00,99.57,0.38,0.02,0.01,0.01
149,51.06.02.2001,Bunutin,Bangli,Bangli,Bali,73.44,2.86,2.38,21.32,61.49,3.93,3.57,31.00,69.00,3.72,2.89,24.39,53.60,2.89,2.50,41.01,100.00,0.00,0.00,0.00,99.50,0.41,0.04,0.03,0.02
150,51.06.04.2004,Bunutin,Kintamani,Bangli,Bali,84.48,0.57,0.57,14.39,82.80,0.70,0.54,15.96,83.37,0.70,0.65,15.29,81.20,0.36,0.70,17.74,100.00,0.00,0.00,0.00,99.68,0.30,0.01,0.01,0.00
151,51.02.08.2004,Buruan,Penebel,Tabanan,Bali,92.42,3.47,1.12,2.99,91.27,4.05,1.48,3.20,92.00,3.77,1.18,3.05,90.28,4.53,1.90,3.29,100.00,0.00,0.00,0.00,99.49,0.45,0.03,0.02,0.01
152,51.04.02.2006,Buruan,Blahbatuh,Gianyar,Bali,86.68,9.08,2.14,2.10,82.42,11.20,4.09,2.29,84.74,10.04,3.04,2.18,80.65,11.60,5.14,2.61,100.00,0.00,0.00,0.00,99.37,0.53,0.05,0.03,0.02
153,51.08.03.2011,Busungbiu,Busungbiu,Buleleng,Bali,84.69,2.05,1.81,11.46,83.98,1.62,2.00,12.40,84.36,1.72,2.15,11.77,83.57,1.71,1.95,12.78,100.00,0.00,0.00,0.00,99.70,0.25,0.02,0.02,0.01
154,51.02.06.2005,Buwit,Kediri,Tabanan,Bali,87.26,3.43,2.98,6.34,85.18,4.03,3.17,7.62,86.62,3.52,2.88,6.98,84.09,4.10,3.27,8.55,69.44,13.89,8.33,8.33,99.51,0.44,0.02,0.02,0.01
155,51.02.09.2008,Candikuning,Baturiti,Tabanan,Bali,77.75,15.64,2.23,4.39,77.11,14.38,3.57,4.94,77.35,15.21,2.69,4.74,76.61,2.26,15.71,5.42,100.00,0.00,0.00,0.00,99.45,0.46,0.04,0.03,0.03
156,51.01.04.2007,Candikusuma,Melaya,Jembrana,Bali,76.29,7.93,6.48,9.30,73.42,8.11,7.11,11.37,75.06,8.05,6.78,10.11,71.83,7.74,7.48,12.94,70.33,11.00,4.78,13.88,99.58,0.36,0.03,0.02,0.01
157,51.03.06.2005,Canggu,Kuta Utara,Badung,Bali,85.70,6.86,4.37,3.07,83.52,6.94,5.36,4.18,84.77,6.83,4.90,3.49,82.50,6.89,5.61,5.00,22.37,13.82,2.63,61.18,99.43,0.48,0.03,0.03,0.02
158,51.03.04.2001,Carangsari,Petang,Badung,Bali,93.84,1.64,0.55,3.97,92.84,1.96,0.74,4.47,93.45,1.69,0.66,4.21,92.12,2.27,0.67,4.94,100.00,0.00,0.00,0.00,99.44,0.49,0.03,0.03,0.02
159,51.06.04.2037,Catur,Kintamani,Bangli,Bali,92.92,0.91,0.88,5.28,92.32,1.04,1.03,5.62,92.61,1.01,0.88,5.49,91.85,1.09,1.00,6.07,100.00,0.00,0.00,0.00,99.54,0.40,0.02,0.02,0.01
160,51.02.07.2010,Cau Belayu,Marga,Tabanan,Bali,82.06,2.46,2.21,13.28,78.40,2.02,1.70,17.88,79.18,2.29,2.00,16.53,76.49,2.06,1.72,19.73,100.00,0.00,0.00,0.00,99.54,0.39,0.03,0.03,0.01
161,51.04.01.2005,Celuk,Sukawati,Gianyar,Bali,87.55,4.08,2.01,6.35,84.50,5.27,2.48,7.75,86.21,4.96,1.81,7.02,81.35,7.33,2.84,8.47,95.56,4.44,0.00,0.00,99.44,0.47,0.04,0.03,0.02
162,51.08.01.2013,Celukanbawang,Gerokgak,Buleleng,Bali,87.23,8.38,3.33,1.06,77.83,13.17,6.41,2.59,85.34,9.16,3.95,1.55,78.71,12.86,5.99,2.44,87.62,12.38,0.00,0.00,99.41,0.49,0.04,0.04,0.02
163,51.03.02.2017,Cemagi,Mengwi,Badung,Bali,91.29,6.57,1.02,1.12,90.83,6.90,1.10,1.17,90.96,7.03,0.86,1.15,90.36,7.33,1.12,1.19,0.00,16.80,4.80,78.40,99.45,0.48,0.03,0.03,0.01
164,51.06.02.1005,Cempaga,Bangli,Bangli,Bali,90.86,2.01,1.36,5.77,89.50,2.70,1.26,6.53,90.15,2.36,1.36,6.13,88.50,2.99,1.51,6.99,100.00,0.00,0.00,0.00,99.64,0.32,0.02,0.02,0.01
165,51.08.04.2009,Cempaga,Banjar,Buleleng,Bali,93.75,0.88,0.69,4.69,93.40,0.84,0.77,5.00,93.50,0.88,0.69,4.93,93.14,0.93,0.76,5.16,100.00,0.00,0.00,0.00,99.66,0.28,0.02,0.02,0.01
166,51.02.06.2006,Cepaka,Kediri,Tabanan,Bali,79.94,4.87,5.37,9.82,77.78,5.16,4.74,12.32,78.69,5.29,5.24,10.78,76.74,5.41,4.66,13.19,100.00,0.00,0.00,0.00,99.44,0.47,0.04,0.03,0.02
167,51.07.05.2008,Culik,Abang,Karangasem,Bali,72.29,5.67,3.85,18.19,70.19,5.61,4.72,19.48,71.17,5.78,3.87,19.17,68.05,5.28,5.22,21.45,100.00,0.00,0.00,0.00,99.53,0.43,0.02,0.01,0.00
168,51.01.01.2001,Cupel,Negara,Jembrana,Bali,95.77,2.26,0.97,1.00,95.30,2.44,1.18,1.08,95.52,2.47,0.97,1.04,95.34,2.37,1.22,1.08,23.44,39.06,10.94,26.56,99.56,0.36,0.03,0.03,0.02
169,51.02.05.2006,Dajan Peken,Tabanan,Tabanan,Bali,87.83,2.91,1.68,7.58,86.67,2.87,2.04,8.42,87.23,2.83,1.80,8.14,86.03,3.19,1.88,8.90,100.00,0.00,0.00,0.00,99.51,0.40,0.03,0.03,0.02
170,51.02.02.2009,Dalang,Selemadeg Timur,Tabanan,Bali,92.41,1.47,1.15,4.97,92.03,1.43,1.32,5.22,92.28,1.43,1.23,5.06,91.76,1.41,1.45,5.39,100.00,0.00,0.00,0.00,99.73,0.24,0.01,0.01,0.01
171,51.03.06.2006,Dalung,Kuta Utara,Badung,Bali,85.96,5.81,4.11,4.11,83.84,6.24,4.49,5.44,85.46,5.76,4.34,4.45,82.88,6.52,4.66,5.94,100.00,0.00,0.00,0.00,99.55,0.37,0.03,0.03,0.01
172,51.71.02.1010,Dangin Puri,Denpasar Timur,Kota Denpasar,Bali,85.64,11.73,2.45,0.18,83.54,13.31,2.98,0.18,84.94,12.43,2.45,0.18,81.61,14.54,3.68,0.18,0.00,9.09,0.00,90.91,99.43,0.48,0.03,0.03,0.03
173,51.71.04.2003,Dangin Puri Kaja,Denpasar Utara,Kota Denpasar,Bali,90.51,7.24,2.10,0.16,88.40,9.03,2.18,0.39,89.96,7.78,2.10,0.16,87.32,10.04,2.10,0.54,83.33,16.67,0.00,0.00,99.36,0.53,0.04,0.04,0.03
174,51.71.04.2001,Dangin Puri Kangin,Denpasar Utara,Kota Denpasar,Bali,86.80,11.03,1.92,0.25,86.72,11.03,1.92,0.33,86.30,11.36,2.01,0.33,85.55,11.86,2.26,0.33,42.31,30.77,15.38,11.54,99.36,0.53,0.05,0.04,0.02
175,51.71.04.2002,Dangin Puri Kauh,Denpasar Utara,Kota Denpasar,Bali,88.63,8.80,2.36,0.21,83.05,12.45,4.29,0.21,87.77,9.44,2.58,0.21,79.83,15.45,4.29,0.43,0.00,45.45,36.36,18.18,99.41,0.49,0.04,0.03,0.02
176,51.71.02.2001,Dangin Puri Kelod,Denpasar Timur,Kota Denpasar,Bali,75.11,19.28,4.89,0.72,72.05,21.11,5.86,0.98,74.59,19.87,4.69,0.85,70.62,21.89,6.45,1.04,0.00,0.00,0.00,100.00,99.36,0.49,0.06,0.06,0.03
177,51.01.05.2010,Dangin Tukadaya,Jembrana,Jembrana,Bali,75.99,13.18,4.87,5.95,72.49,12.80,7.40,7.32,74.02,13.10,6.24,6.64,69.40,12.22,8.99,9.39,100.00,0.00,0.00,0.00,99.57,0.34,0.03,0.03,0.02
178,51.03.03.2001,Darmasaba,Abiansemal,Badung,Bali,79.17,6.79,4.35,9.68,71.10,7.05,5.57,16.28,74.46,7.09,4.93,13.51,68.56,7.09,5.51,18.83,100.00,0.00,0.00,0.00,99.37,0.52,0.05,0.04,0.02
179,51.07.05.2007,Datah,Abang,Karangasem,Bali,95.33,0.99,0.75,2.93,94.93,1.07,0.88,3.12,95.10,1.08,0.78,3.05,94.62,1.16,0.92,3.30,99.32,0.54,0.14,0.00,99.47,0.46,0.03,0.02,0.01
180,51.02.05.2005,Dauh Peken,Tabanan,Tabanan,Bali,87.37,3.73,2.71,6.20,86.05,3.94,3.30,6.71,86.72,3.97,3.00,6.30,85.17,4.29,3.25,7.30,100.00,0.00,0.00,0.00,99.49,0.46,0.03,0.02,0.01
181,51.71.03.1005,Dauh Puri,Denpasar Barat,Kota Denpasar,Bali,76.44,18.13,4.04,1.39,71.25,22.52,3.93,2.31,74.13,20.32,3.70,1.85,69.63,23.67,4.27,2.42,0.00,0.00,0.00,100.00,99.29,0.58,0.05,0.05,0.04
182,51.71.04.2006,Dauh Puri Kaja,Denpasar Utara,Kota Denpasar,Bali,75.67,9.24,6.24,8.85,72.06,9.62,7.70,10.62,74.67,9.78,6.47,9.08,69.75,11.32,8.16,10.78,37.93,34.48,3.45,24.14,99.43,0.51,0.03,0.02,0.01
183,51.71.03.2006,Dauh Puri Kangin,Denpasar Barat,Kota Denpasar,Bali,70.36,19.04,6.75,3.86,66.99,19.28,7.95,5.78,69.16,19.04,7.47,4.34,66.27,18.80,8.92,6.02,0.00,0.00,0.00,100.00,99.40,0.51,0.04,0.03,0.02
184,51.71.03.2003,Dauh Puri Kauh,Denpasar Barat,Kota Denpasar,Bali,86.00,7.84,1.39,4.76,82.86,10.05,2.27,4.82,85.24,8.37,1.63,4.76,81.58,10.75,2.73,4.94,0.00,0.00,0.00,100.00,99.29,0.59,0.05,0.05,0.03
185,51.71.03.2004,Dauh Puri Kelod,Denpasar Barat,Kota Denpasar,Bali,83.59,12.68,3.68,0.06,80.76,14.94,4.24,0.06,82.63,13.47,3.85,0.06,79.85,15.56,4.53,0.06,0.00,0.00,0.00,100.00,99.42,0.50,0.04,0.03,0.01
186,51.01.05.1005,Dauhwaru,Jembrana,Jembrana,Bali,87.22,5.70,1.42,5.67,85.27,6.72,1.82,6.18,86.18,6.34,1.50,5.98,83.73,7.34,2.15,6.78,90.82,6.12,3.06,0.00,99.58,0.32,0.04,0.04,0.02
187,51.06.04.2031,Daup,Kintamani,Bangli,Bali,97.14,0.28,0.39,2.19,96.96,0.39,0.21,2.44,97.10,0.25,0.39,2.26,96.78,0.50,0.21,2.51,100.00,0.00,0.00,0.00,99.57,0.36,0.03,0.02,0.01
188,51.06.04.2041,Dausa,Kintamani,Bangli,Bali,94.50,0.61,0.56,4.33,94.12,0.62,0.40,4.86,94.31,0.58,0.48,4.64,93.19,0.62,0.61,5.58,100.00,0.00,0.00,0.00,99.54,0.40,0.03,0.02,0.01
189,51.05.04.2011,Dawan Kaler,Dawan,Klungkung,Bali,85.68,3.69,2.67,7.95,84.24,3.62,3.31,8.83,85.12,3.80,2.64,8.44,83.60,3.48,3.69,9.22,100.00,0.00,0.00,0.00,99.66,0.29,0.02,0.02,0.01
190,51.05.04.2009,Dawan Kelod,Dawan,Klungkung,Bali,74.43,17.24,4.43,3.91,70.09,18.69,6.40,4.82,72.61,18.12,4.89,4.37,67.12,18.95,8.02,5.91,44.94,7.87,5.62,41.57,99.38,0.51,0.04,0.04,0.02
191,51.02.05.2004,Delod Peken,Tabanan,Tabanan,Bali,88.90,2.06,1.57,7.47,87.85,2.62,1.33,8.19,88.42,2.22,1.49,7.87,87.17,2.58,1.69,8.56,100.00,0.00,0.00,0.00,99.59,0.37,0.02,0.02,0.01
192,51.01.02.2005,Delodberawah,Mendoyo,Jembrana,Bali,67.13,21.51,6.58,4.77,61.92,24.16,7.70,6.22,64.52,23.07,6.84,5.57,58.97,23.02,10.71,7.31,0.00,19.78,24.18,56.04,99.22,0.67,0.06,0.04,0.02
193,51.06.01.2002,Demulih,Susut,Bangli,Bali,87.08,1.50,1.42,10.01,85.60,1.70,1.46,11.25,86.48,1.66,1.40,10.47,84.78,1.54,1.62,12.07,100.00,0.00,0.00,0.00,99.44,0.47,0.04,0.03,0.02
194,51.02.05.2007,Denbantas,Tabanan,Tabanan,Bali,90.30,2.28,1.95,5.46,89.47,2.54,1.84,6.14,89.93,2.41,1.95,5.70,88.73,2.74,1.84,6.69,100.00,0.00,0.00,0.00,99.48,0.45,0.03,0.03,0.01
195,51.08.04.2014,Dencarik,Banjar,Buleleng,Bali,77.43,12.75,5.35,4.47,72.72,14.93,7.02,5.33,75.29,13.91,5.84,4.95,71.10,15.44,7.64,5.82,97.12,2.88,0.00,0.00,99.70,0.25,0.02,0.02,0.01
196,51.08.08.2006,Depeha,Kubutambahan,Buleleng,Bali,96.65,0.87,0.59,1.89,95.66,0.87,0.90,2.56,96.35,0.92,0.75,1.98,95.41,1.08,0.87,2.63,100.00,0.00,0.00,0.00,99.55,0.38,0.03,0.03,0.01
197,51.07.07.2003,Duda,Selat,Karangasem,Bali,91.55,2.07,1.66,4.72,90.39,2.57,1.68,5.37,91.03,2.31,1.72,4.94,90.13,2.49,1.73,5.65,100.00,0.00,0.00,0.00,99.67,0.29,0.02,0.01,0.01
198,51.07.07.2006,Duda Timur,Selat,Karangasem,Bali,91.05,1.23,1.16,6.56,90.37,1.47,1.21,6.95,90.86,1.28,1.10,6.76,90.17,1.47,1.23,7.14,100.00,0.00,0.00,0.00,99.74,0.22,0.02,0.01,0.01
199,51.07.07.2005,Duda Utara,Selat,Karangasem,Bali,91.19,2.97,1.79,4.06,89.96,3.26,2.18,4.59,90.76,3.01,1.96,4.27,89.29,3.48,2.38,4.84,100.00,0.00,0.00,0.00,99.52,0.42,0.03,0.02,0.01
200,51.07.08.2002,Dukuh,Kubu,Karangasem,Bali,97.78,0.52,0.42,1.28,97.40,0.60,0.49,1.51,97.62,0.59,0.42,1.36,97.08,0.62,0.54,1.75,100.00,0.00,0.00,0.00,99.58,0.38,0.02,0.01,0.00
201,51.01.04.2004,Ekasari,Melaya,Jembrana,Bali,85.98,3.31,2.66,8.06,84.57,3.53,2.80,9.10,85.32,3.45,2.63,8.60,83.55,3.67,2.99,9.79,100.00,0.00,0.00,0.00,99.63,0.30,0.03,0.03,0.02
202,51.02.02.2002,Gadungan,Selemadeg Timur,Tabanan,Bali,89.32,2.56,2.35,5.78,88.41,2.72,2.44,6.43,88.90,2.57,2.43,6.11,87.90,2.84,2.34,6.92,100.00,0.00,0.00,0.00,99.50,0.42,0.03,0.03,0.02
203,51.02.02.2010,Gadungsari,Selemadeg Timur,Tabanan,Bali,90.03,1.41,1.52,7.03,89.50,1.25,1.52,7.73,89.70,1.50,1.50,7.31,88.95,1.63,1.36,8.06,100.00,0.00,0.00,0.00,99.58,0.36,0.02,0.02,0.02
204,51.08.07.2002,Galungan,Sawan,Buleleng,Bali,93.59,1.04,0.96,4.41,92.95,1.09,1.08,4.88,93.15,1.05,1.04,4.76,92.40,1.09,0.97,5.54,100.00,0.00,0.00,0.00,99.67,0.30,0.02,0.01,0.00
205,51.07.03.2001,Gegelang,Manggis,Karangasem,Bali,87.76,2.07,2.09,8.08,86.73,2.06,2.08,9.13,87.41,2.06,2.01,8.52,86.37,2.02,2.17,9.45,100.00,0.00,0.00,0.00,99.49,0.43,0.03,0.02,0.01
206,51.05.03.2003,Gelgel,Klungkung,Klungkung,Bali,89.89,6.17,2.90,1.05,88.24,6.21,4.08,1.47,89.20,6.28,3.32,1.20,87.53,5.88,4.79,1.80,25.00,20.37,6.48,48.15,99.46,0.47,0.03,0.02,0.01
207,51.02.07.2015,Geluntung,Marga,Tabanan,Bali,92.64,1.83,1.56,3.96,92.15,1.45,2.32,4.08,92.38,1.75,1.71,4.15,91.73,1.45,2.32,4.50,100.00,0.00,0.00,0.00,99.49,0.44,0.03,0.02,0.01
208,51.08.01.2009,Gerokgak,Gerokgak,Buleleng,Bali,91.06,2.97,1.73,4.24,89.57,3.29,2.19,4.94,90.41,3.10,1.92,4.56,88.90,3.49,2.24,5.36,99.28,0.72,0.00,0.00,99.70,0.26,0.02,0.01,0.00
209,51.08.04.2005,Gesing,Banjar,Buleleng,Bali,93.97,0.63,0.70,4.69,93.49,0.74,0.76,5.02,93.61,0.68,0.76,4.95,93.24,0.84,0.75,5.17,100.00,0.00,0.00,0.00,99.73,0.25,0.01,0.01,0.00
210,51.05.02.2006,Getakan,Banjarangkan,Klungkung,Bali,93.32,1.41,1.17,4.10,92.43,1.67,1.23,4.67,93.03,1.57,1.25,4.15,91.39,2.35,1.30,4.96,100.00,0.00,0.00,0.00,99.48,0.42,0.04,0.04,0.02
211,51.03.04.2005,Getasan,Petang,Badung,Bali,95.10,0.52,0.29,4.09,94.18,0.78,0.43,4.61,94.59,0.60,0.52,4.29,93.72,0.72,0.46,5.10,100.00,0.00,0.00,0.00,99.45,0.46,0.05,0.03,0.01
212,51.04.03.1006,Gianyar,Gianyar,Gianyar,Bali,89.18,5.94,2.34,2.54,87.14,6.51,3.40,2.95,88.57,6.10,2.62,2.70,85.87,6.88,3.85,3.40,100.00,0.00,0.00,0.00,99.48,0.47,0.03,0.02,0.01
213,51.08.07.2014,Giri Emas,Sawan,Buleleng,Bali,79.98,12.90,3.47,3.65,78.30,13.61,3.73,4.36,79.27,13.12,3.47,4.14,76.58,13.65,4.77,5.00,98.36,1.64,0.00,0.00,99.42,0.49,0.04,0.03,0.02
214,51.08.05.2004,Gitgit,Sukasada,Buleleng,Bali,93.97,0.73,0.60,4.70,93.45,0.73,0.65,5.17,93.84,0.52,0.70,4.93,93.35,0.65,0.57,5.43,100.00,0.00,0.00,0.00,99.69,0.29,0.01,0.01,0.00
215,51.08.04.2007,Gobleg,Banjar,Buleleng,Bali,92.72,1.73,1.00,4.55,92.21,1.41,1.55,4.83,92.41,1.74,1.11,4.75,91.73,1.62,1.48,5.17,100.00,0.00,0.00,0.00,99.62,0.34,0.02,0.01,0.01
216,51.02.05.2002,Gubug,Tabanan,Tabanan,Bali,87.03,3.36,2.87,6.74,85.61,3.72,3.12,7.56,86.40,3.57,2.80,7.22,84.81,3.91,3.02,8.26,100.00,0.00,0.00,0.00,99.49,0.44,0.03,0.02,0.01
217,51.03.02.2012,Gulingan,Mengwi,Badung,Bali,85.10,3.64,3.88,7.38,84.17,3.76,3.86,8.21,84.76,3.67,3.89,7.67,83.53,3.89,3.79,8.79,100.00,0.00,0.00,0.00,99.43,0.46,0.04,0.04,0.03
218,51.01.03.2006,Gumbrih,Pekutatan,Jembrana,Bali,88.91,2.00,2.08,7.01,88.11,2.03,2.16,7.70,88.48,1.98,2.09,7.45,87.54,2.09,2.18,8.19,84.43,6.01,1.64,7.92,99.75,0.21,0.02,0.02,0.01
219,51.05.04.2005,Gunaksa,Dawan,Klungkung,Bali,87.68,7.24,1.91,3.17,86.16,8.21,2.11,3.51,87.16,7.60,1.96,3.29,84.90,8.93,2.47,3.70,49.75,3.98,1.00,45.27,99.46,0.48,0.03,0.03,0.01
220,51.02.02.2001,Gunung Salak,Selemadeg Timur,Tabanan,Bali,90.97,2.14,1.63,5.27,90.35,2.14,1.78,5.74,90.68,2.12,1.71,5.48,89.79,2.16,1.91,6.14,100.00,0.00,0.00,0.00,99.52,0.42,0.03,0.02,0.01
221,51.06.04.2033,Gunungbau,Kintamani,Bangli,Bali,89.45,0.84,0.84,8.87,88.92,0.96,0.84,9.29,89.04,0.90,1.02,9.05,88.74,0.54,0.84,9.89,100.00,0.00,0.00,0.00,99.67,0.28,0.02,0.02,0.01
222,51.08.02.2006,Gunungsari,Seririt,Buleleng,Bali,82.90,1.65,1.02,14.43,81.91,1.65,1.35,15.09,82.63,1.53,1.23,14.61,81.82,1.38,1.38,15.42,100.00,0.00,0.00,0.00,99.65,0.31,0.02,0.01,0.01
223,51.04.01.2003,Guwang,Sukawati,Gianyar,Bali,80.06,12.08,4.77,3.08,74.14,14.32,6.95,4.59,77.43,13.44,5.53,3.60,70.73,15.53,8.19,5.56,0.00,17.11,5.26,77.63,99.36,0.53,0.05,0.04,0.02
224,51.03.03.2004,Jagapati,Abiansemal,Badung,Bali,77.49,5.96,5.32,11.23,68.37,5.52,5.42,20.69,75.52,6.11,5.62,12.76,44.98,8.18,7.39,39.46,100.00,0.00,0.00,0.00,99.42,0.49,0.04,0.03,0.02
225,51.08.07.2009,Jagaraga,Sawan,Buleleng,Bali,93.32,0.74,0.79,5.16,92.83,0.87,0.74,5.56,92.98,0.83,0.76,5.43,92.30,1.06,0.76,5.88,100.00,0.00,0.00,0.00,99.43,0.47,0.04,0.03,0.02
226,51.02.08.2013,Jatiluwih,Penebel,Tabanan,Bali,92.88,0.87,0.81,5.44,92.45,0.85,0.77,5.94,92.63,0.77,0.85,5.75,92.17,0.91,0.73,6.19,100.00,0.00,0.00,0.00,99.79,0.19,0.01,0.01,0.00
227,51.02.08.2002,Jegu,Penebel,Tabanan,Bali,86.97,2.58,1.80,8.65,86.35,2.31,1.78,9.56,86.69,2.53,1.73,9.04,85.85,2.26,1.87,10.02,100.00,0.00,0.00,0.00,99.55,0.39,0.02,0.02,0.01
228,51.06.03.2001,Jehem,Tembuku,Bangli,Bali,93.30,0.84,0.71,5.15,92.83,0.93,0.70,5.55,93.12,0.83,0.75,5.30,92.41,1.02,0.79,5.78,100.00,0.00,0.00,0.00,99.58,0.35,0.03,0.02,0.01
229,51.02.10.2010,Jelijih Punggung,Pupuan,Tabanan,Bali,89.23,1.00,1.07,8.70,88.71,1.22,1.05,9.03,89.04,1.08,1.07,8.80,88.47,1.24,1.04,9.25,100.00,0.00,0.00,0.00,99.68,0.27,0.03,0.02,0.01
230,51.03.05.1006,Jimbaran,Kuta Selatan,Badung,Bali,85.06,8.14,3.81,3.00,83.09,8.39,5.02,3.50,83.76,8.33,4.61,3.29,81.19,8.55,5.98,4.27,50.08,7.30,1.53,41.09,99.51,0.42,0.03,0.02,0.01
231,51.08.06.2018,Jinangdalem,Buleleng,Buleleng,Bali,86.43,4.75,3.25,5.57,84.36,5.00,3.64,7.00,85.15,5.18,3.25,6.43,82.83,5.00,4.18,8.00,100.00,0.00,0.00,0.00,99.47,0.46,0.03,0.02,0.02
232,51.08.02.2010,Joanyar,Seririt,Buleleng,Bali,92.41,2.70,2.57,2.31,91.98,2.74,2.40,2.87,92.03,2.70,2.44,2.83,91.73,2.83,2.36,3.09,100.00,0.00,0.00,0.00,99.45,0.43,0.04,0.03,0.05
233,51.08.09.2003,Julah,Tejakula,Buleleng,Bali,92.16,2.19,1.66,3.99,91.15,2.19,1.97,4.68,91.68,2.18,1.85,4.28,90.35,2.22,2.05,5.38,94.87,5.13,0.00,0.00,99.53,0.37,0.04,0.04,0.02
234,51.05.03.2005,Jumpai,Klungkung,Klungkung,Bali,83.12,12.74,2.45,1.69,81.60,12.08,4.46,1.85,82.31,12.96,2.94,1.80,80.78,12.08,5.12,2.01,0.00,0.00,2.50,97.50,99.40,0.52,0.04,0.03,0.01
235,51.07.06.2005,Jungutan,Bebandem,Karangasem,Bali,95.20,0.83,0.64,3.33,94.70,0.93,0.72,3.65,95.05,0.87,0.64,3.43,94.50,0.99,0.73,3.78,100.00,0.00,0.00,0.00,99.59,0.33,0.03,0.02,0.03
236,51.05.01.2013,Jungutbatu,Nusa Penida,Klungkung,Bali,85.39,7.88,4.19,2.53,83.52,8.33,4.93,3.22,84.32,8.14,4.64,2.90,82.38,8.28,5.45,3.88,9.68,15.48,6.45,68.39,99.44,0.46,0.04,0.04,0.03
237,51.02.06.2007,Kaba-kaba,Kediri,Tabanan,Bali,90.93,4.49,2.15,2.44,89.71,5.07,2.42,2.80,90.41,4.78,2.21,2.61,89.03,5.42,2.57,2.98,100.00,0.00,0.00,0.00,99.51,0.41,0.04,0.03,0.02
238,51.01.01.2004,Kaliakah,Negara,Jembrana,Bali,79.67,12.19,5.10,3.04,77.51,12.24,5.74,4.50,78.56,12.30,5.46,3.68,76.44,11.58,6.47,5.52,97.52,2.48,0.00,0.00,99.64,0.30,0.03,0.02,0.01
239,51.08.02.2009,Kalianget,Seririt,Buleleng,Bali,67.14,18.64,7.92,6.29,63.20,17.93,11.31,7.56,64.99,18.22,10.01,6.78,60.07,17.50,13.49,8.93,100.00,0.00,0.00,0.00,99.49,0.43,0.03,0.03,0.02
240,51.08.04.2017,Kaliasem,Banjar,Buleleng,Bali,82.74,8.31,5.31,3.64,80.38,8.60,6.64,4.38,81.74,8.29,6.01,3.96,78.72,8.49,7.30,5.50,95.78,4.22,0.00,0.00,99.54,0.40,0.03,0.02,0.01
241,51.08.06.2001,Kalibukbuk,Buleleng,Buleleng,Bali,82.47,9.16,4.68,3.69,79.90,10.56,5.20,4.35,81.13,9.85,5.09,3.94,78.80,9.93,6.26,5.01,98.80,1.20,0.00,0.00,99.50,0.42,0.04,0.03,0.02
242,51.08.02.2020,Kalisada,Seririt,Buleleng,Bali,68.66,22.41,7.38,1.56,58.94,26.88,11.88,2.31,64.25,24.13,9.56,2.06,56.63,24.63,15.19,3.56,88.89,11.11,0.00,0.00,99.47,0.45,0.04,0.03,0.02
243,51.08.06.1024,Kaliuntu,Buleleng,Buleleng,Bali,75.28,20.70,3.76,0.25,70.77,23.59,5.27,0.38,72.65,22.58,4.39,0.38,66.12,26.47,6.90,0.50,100.00,0.00,0.00,0.00,99.53,0.38,0.04,0.04,0.02
244,51.05.03.2007,Kamasan,Klungkung,Klungkung,Bali,92.09,5.72,1.87,0.31,90.74,6.35,2.39,0.52,91.16,6.45,1.98,0.42,89.91,6.56,2.39,1.14,100.00,0.00,0.00,0.00,99.40,0.51,0.04,0.03,0.02
245,51.08.06.1025,Kampung Anyar,Buleleng,Buleleng,Bali,75.51,22.04,2.45,0.00,72.24,21.63,6.12,0.00,70.61,21.63,7.76,0.00,67.35,20.00,12.65,0.00,100.00,0.00,0.00,0.00,99.47,0.42,0.04,0.04,0.04
246,51.08.06.1029,Kampung Baru,Buleleng,Buleleng,Bali,85.07,10.72,4.06,0.14,81.88,11.01,6.67,0.43,81.30,10.87,7.10,0.72,69.57,15.65,11.01,3.77,100.00,0.00,0.00,0.00,99.20,0.69,0.05,0.04,0.03
247,51.08.06.1026,Kampung Bugis,Buleleng,Buleleng,Bali,75.25,20.71,3.54,0.51,72.73,22.22,4.55,0.51,57.58,31.82,7.07,3.54,61.11,29.80,5.56,3.54,100.00,0.00,0.00,0.00,99.47,0.42,0.04,0.04,0.04
248,51.05.03.2004,Kampung Gelgel,Klungkung,Klungkung,Bali,86.44,6.78,5.08,1.69,85.59,6.78,5.93,1.69,86.44,6.78,5.08,1.69,84.75,6.78,5.93,2.54,100.00,0.00,0.00,0.00,99.51,0.43,0.03,0.02,0.01
249,51.08.06.1021,Kampung Kajanan,Buleleng,Buleleng,Bali,63.76,13.30,15.14,7.80,60.09,11.93,16.06,11.93,57.34,15.14,16.06,11.47,53.67,14.22,14.22,17.89,100.00,0.00,0.00,0.00,99.33,0.56,0.05,0.04,0.02
250,51.05.04.2007,Kampung Kusamba,Dawan,Klungkung,Bali,96.27,3.73,0.00,0.00,95.52,4.48,0.00,0.00,96.27,3.73,0.00,0.00,95.52,2.99,1.49,0.00,0.00,0.00,0.00,100.00,99.45,0.44,0.04,0.04,0.03
251,51.08.06.1010,Kampung Singaraja,Buleleng,Buleleng,Bali,96.77,0.00,3.23,0.00,93.55,3.23,3.23,0.00,96.77,0.00,3.23,0.00,90.32,6.45,0.00,3.23,100.00,0.00,0.00,0.00,99.44,0.46,0.04,0.04,0.02
252,51.05.01.2011,Kampung Toyapakeh,Nusa Penida,Klungkung,Bali,93.53,2.88,1.66,1.92,93.71,2.71,1.22,2.36,93.88,2.62,1.31,2.19,92.31,2.88,1.84,2.97,30.77,19.23,3.85,46.15,99.35,0.56,0.04,0.03,0.01
253,51.03.02.1004,Kapal,Mengwi,Badung,Bali,86.10,4.85,3.63,5.42,84.53,5.28,3.80,6.39,85.72,4.98,3.48,5.83,83.81,5.50,3.93,6.76,100.00,0.00,0.00,0.00,99.56,0.36,0.03,0.02,0.03
254,51.07.04.1004,Karangasem,Karangasem,Karangasem,Bali,88.74,4.58,2.82,3.86,86.68,5.58,3.05,4.69,87.00,5.84,2.99,4.17,85.47,6.16,3.33,5.05,95.73,2.37,1.90,0.00,99.34,0.55,0.05,0.04,0.03
255,51.02.10.2013,Karyasari,Pupuan,Tabanan,Bali,91.26,1.27,1.22,6.25,90.78,1.27,1.13,6.82,90.94,1.39,1.15,6.52,90.53,1.17,1.18,7.12,100.00,0.00,0.00,0.00,99.74,0.24,0.01,0.01,0.00
256,51.06.04.2011,Katung,Kintamani,Bangli,Bali,87.18,0.84,1.17,10.82,86.09,1.11,0.94,11.85,86.63,0.81,1.09,11.47,85.13,1.57,1.09,12.21,100.00,0.00,0.00,0.00,99.65,0.33,0.01,0.01,0.00
257,51.06.02.1004,Kawan,Bangli,Bangli,Bali,87.93,2.82,1.61,7.64,87.20,2.72,1.75,8.33,87.77,2.60,1.68,7.95,86.59,2.82,1.85,8.75,100.00,0.00,0.00,0.00,99.45,0.46,0.04,0.03,0.03
258,51.08.05.2015,Kayuputih,Sukasada,Buleleng,Bali,91.41,1.41,1.02,6.16,90.72,1.27,1.32,6.69,91.13,1.30,1.14,6.43,90.46,1.34,1.29,6.91,100.00,0.00,0.00,0.00,99.71,0.25,0.02,0.01,0.00
259,51.06.02.2007,Kayubihi,Bangli,Bangli,Bali,88.65,0.94,0.74,9.66,87.99,0.85,0.83,10.33,88.32,0.78,0.87,10.03,87.58,0.82,0.87,10.74,100.00,0.00,0.00,0.00,99.64,0.31,0.02,0.02,0.02
260,51.08.04.2003,Kayuputih,Banjar,Buleleng,Bali,90.86,1.68,1.62,5.84,90.30,1.54,1.64,6.51,90.50,1.56,1.68,6.25,89.85,1.70,1.44,7.00,100.00,0.00,0.00,0.00,99.54,0.39,0.03,0.02,0.01
261,51.02.10.2004,Kebon Padangan,Pupuan,Tabanan,Bali,88.01,1.49,1.36,9.14,87.38,1.53,1.41,9.67,87.71,1.53,1.37,9.39,87.06,1.53,1.41,9.99,100.00,0.00,0.00,0.00,99.70,0.27,0.02,0.01,0.00
262,51.04.05.2004,Kedewatan,Ubud,Gianyar,Bali,88.67,1.90,1.02,8.41,87.71,1.88,1.18,9.22,88.09,1.87,1.26,8.78,87.44,1.72,1.01,9.83,100.00,0.00,0.00,0.00,99.59,0.32,0.02,0.03,0.04
263,51.02.06.2013,Kediri,Kediri,Tabanan,Bali,88.68,4.51,2.43,4.38,87.86,4.78,2.28,5.09,88.28,4.62,2.37,4.73,87.27,4.55,2.32,5.86,100.00,0.00,0.00,0.00,99.48,0.44,0.03,0.03,0.02
264,51.08.03.2009,Kedis,Busungbiu,Buleleng,Bali,87.28,1.26,1.39,10.07,86.35,1.30,1.36,10.99,86.71,1.39,1.40,10.51,85.93,1.44,1.31,11.32,100.00,0.00,0.00,0.00,99.68,0.29,0.01,0.01,0.01
265,51.04.06.2004,Kedisan,Tegallalang,Gianyar,Bali,91.57,0.98,1.08,6.37,91.08,0.86,1.02,7.04,91.36,1.07,0.92,6.65,90.88,0.77,1.03,7.31,100.00,0.00,0.00,0.00,99.67,0.30,0.01,0.01,0.01
266,51.06.04.2018,Kedisan,Kintamani,Bangli,Bali,68.52,18.96,6.52,5.99,67.85,2.75,22.18,7.22,68.44,17.81,7.37,6.38,67.59,2.92,21.31,8.18,100.00,0.00,0.00,0.00,99.71,0.26,0.01,0.01,0.00
267,51.03.01.1003,Kedonganan,Kuta,Badung,Bali,90.43,6.93,1.95,0.70,88.91,7.28,2.84,0.97,89.26,7.47,2.37,0.89,87.51,8.25,3.04,1.21,0.00,0.00,1.75,98.25,99.37,0.52,0.05,0.04,0.02
268,51.03.02.2010,Kekeran,Mengwi,Badung,Bali,82.00,5.76,4.09,8.15,80.06,5.95,4.54,9.45,81.01,6.21,4.23,8.55,79.09,6.21,4.60,10.09,100.00,0.00,0.00,0.00,99.45,0.50,0.02,0.02,0.01
269,51.08.03.2010,Kekeran,Busungbiu,Buleleng,Bali,93.36,1.05,0.54,5.05,92.97,1.30,0.32,5.41,93.11,1.23,0.47,5.19,92.82,1.33,0.29,5.55,100.00,0.00,0.00,0.00,99.66,0.28,0.02,0.02,0.01
270,51.02.04.2002,Kelating,Kerambitan,Tabanan,Bali,88.36,4.14,2.71,4.78,86.51,4.38,3.49,5.62,87.53,4.19,3.17,5.11,86.21,4.73,3.52,5.54,1.16,18.60,6.98,73.26,99.51,0.42,0.03,0.03,0.01
271,51.04.06.2001,Keliki,Tegallalang,Gianyar,Bali,87.83,1.43,1.09,9.65,87.02,1.49,1.15,10.34,87.55,1.35,1.19,9.91,86.26,1.63,1.29,10.82,100.00,0.00,0.00,0.00,99.38,0.55,0.03,0.02,0.01
272,51.04.07.2002,Kelusa,Payangan,Gianyar,Bali,90.97,1.69,1.22,6.12,90.13,1.66,1.33,6.88,90.64,1.69,1.21,6.47,89.62,1.56,1.44,7.39,100.00,0.00,0.00,0.00,99.54,0.42,0.02,0.01,0.00
273,51.04.01.2008,Kemenuh,Sukawati,Gianyar,Bali,89.82,2.76,1.32,6.09,88.01,3.42,1.58,7.00,89.08,3.04,1.41,6.47,86.68,4.01,1.85,7.45,100.00,0.00,0.00,0.00,99.54,0.38,0.03,0.03,0.02
274,51.04.06.2003,Kenderan,Tegallalang,Gianyar,Bali,92.69,0.80,0.92,5.59,92.03,0.88,0.86,6.24,92.45,0.84,0.91,5.79,91.67,0.88,0.91,6.54,100.00,0.00,0.00,0.00,99.69,0.28,0.01,0.01,0.00
275,51.08.06.1008,Kendran,Buleleng,Buleleng,Bali,86.93,5.03,4.77,3.27,85.18,5.53,5.28,4.02,85.43,5.78,5.03,3.77,82.66,5.53,5.53,6.28,100.00,0.00,0.00,0.00,99.50,0.43,0.03,0.03,0.01
276,51.04.02.2003,Keramas,Blahbatuh,Gianyar,Bali,88.12,5.15,3.25,3.48,86.20,5.77,3.86,4.17,87.47,5.21,3.52,3.79,85.22,5.92,4.31,4.54,59.82,10.71,2.68,26.79,99.54,0.39,0.02,0.02,0.01
277,51.02.04.2006,Kerambitan,Kerambitan,Tabanan,Bali,89.07,2.33,2.11,6.49,88.27,2.51,1.88,7.35,88.72,2.33,2.39,6.55,87.81,2.51,1.99,7.69,100.00,0.00,0.00,0.00,99.54,0.34,0.04,0.04,0.03
278,51.03.06.1002,Kerobokan,Kuta Utara,Badung,Bali,84.88,6.28,4.21,4.63,82.41,6.96,4.69,5.94,84.04,6.56,4.21,5.19,81.63,7.30,4.89,6.18,0.00,7.69,11.97,80.34,99.54,0.40,0.02,0.02,0.02
279,51.08.07.2011,Kerobokan,Sawan,Buleleng,Bali,80.67,10.33,4.88,4.12,77.60,9.70,7.26,5.44,78.58,10.19,6.18,5.06,75.85,8.62,8.79,6.73,100.00,0.00,0.00,0.00,99.38,0.50,0.04,0.04,0.03
280,51.03.06.1003,Kerobokan Kaja,Kuta Utara,Badung,Bali,83.25,7.37,5.62,3.76,79.38,8.02,6.38,6.22,82.18,7.66,5.64,4.52,78.23,8.18,6.61,6.98,50.56,33.71,5.62,10.11,99.51,0.41,0.03,0.03,0.01
281,51.03.06.1001,Kerobokan Kelod,Kuta Utara,Badung,Bali,85.01,7.61,4.30,3.08,82.97,8.24,4.97,3.83,84.49,7.86,4.40,3.25,82.31,8.26,5.17,4.26,0.00,0.00,0.00,100.00,99.45,0.44,0.04,0.04,0.03
282,51.04.07.2006,Kerta,Payangan,Gianyar,Bali,91.44,0.74,0.76,7.06,91.02,0.75,0.72,7.51,91.22,0.77,0.72,7.28,90.73,0.88,0.72,7.67,100.00,0.00,0.00,0.00,99.69,0.29,0.01,0.01,0.00
283,51.07.02.2008,Kertha Buana,Sidemen,Karangasem,Bali,53.94,1.78,1.94,42.34,41.06,2.25,1.40,55.29,48.43,1.74,1.43,48.39,34.16,1.98,1.74,62.12,100.00,0.00,0.00,0.00,99.61,0.34,0.02,0.02,0.01
284,51.07.05.2010,Kertha Mandala,Abang,Karangasem,Bali,84.27,3.07,2.81,9.84,83.05,3.24,2.98,10.73,83.71,3.04,2.97,10.28,82.52,3.07,2.98,11.43,100.00,0.00,0.00,0.00,99.46,0.46,0.03,0.03,0.02
285,51.71.02.1003,Kesiman,Denpasar Timur,Kota Denpasar,Bali,83.08,13.76,2.86,0.30,80.74,15.06,3.81,0.38,82.40,14.32,2.95,0.32,80.21,15.30,4.11,0.38,9.09,7.79,9.09,74.03,99.38,0.49,0.05,0.05,0.03
286,51.71.02.2005,Kesiman Kertalangu,Denpasar Timur,Kota Denpasar,Bali,86.93,7.85,2.63,2.60,84.43,9.20,3.40,2.98,86.28,8.20,2.80,2.72,83.08,9.86,3.91,3.15,0.00,2.10,4.20,93.71,99.26,0.61,0.05,0.05,0.04
287,51.71.02.2004,Kesiman Petilan,Denpasar Timur,Kota Denpasar,Bali,85.91,6.35,4.00,3.73,85.29,6.14,4.25,4.33,85.72,6.25,4.08,3.95,85.02,6.19,4.43,4.35,6.98,9.30,4.65,79.07,99.41,0.51,0.04,0.03,0.01
288,51.07.05.2013,Kesimpar,Abang,Karangasem,Bali,92.42,2.74,1.69,3.15,91.78,2.74,2.21,3.26,92.31,2.45,1.98,3.26,91.14,3.03,2.33,3.50,100.00,0.00,0.00,0.00,99.58,0.37,0.02,0.02,0.01
289,51.02.04.2014,Kesiut,Kerambitan,Tabanan,Bali,91.83,1.69,1.65,4.84,91.31,1.65,1.87,5.17,91.57,1.61,1.80,5.02,90.98,1.80,1.87,5.35,100.00,0.00,0.00,0.00,99.53,0.43,0.02,0.02,0.01
290,51.04.01.2002,Ketewel,Sukawati,Gianyar,Bali,82.00,11.40,4.69,1.92,78.22,12.44,6.56,2.77,80.42,11.80,5.54,2.25,75.66,13.31,7.22,3.80,0.00,0.00,0.00,100.00,99.42,0.50,0.03,0.03,0.03
291,51.06.04.2029,Kintamani,Kintamani,Bangli,Bali,94.04,0.88,0.69,4.39,93.69,0.84,0.73,4.75,93.87,0.87,0.73,4.53,93.35,0.92,0.71,5.02,100.00,0.00,0.00,0.00,99.67,0.30,0.01,0.01,0.00
292,51.05.01.2003,Klumpu,Nusa Penida,Klungkung,Bali,93.30,1.57,1.41,3.71,92.62,1.77,1.44,4.17,92.90,1.74,1.45,3.91,92.00,1.99,1.48,4.53,100.00,0.00,0.00,0.00,99.35,0.53,0.05,0.04,0.02
293,51.06.02.1006,Kubu,Bangli,Bangli,Bali,92.99,1.19,0.89,4.93,92.38,1.17,0.99,5.46,92.81,1.02,0.99,5.18,91.84,1.27,1.12,5.77,100.00,0.00,0.00,0.00,99.47,0.44,0.03,0.03,0.02
294,51.07.08.2003,Kubu,Kubu,Karangasem,Bali,96.02,0.91,0.83,2.23,95.71,0.87,0.88,2.54,95.73,0.98,0.88,2.40,95.09,1.06,0.90,2.96,100.00,0.00,0.00,0.00,99.29,0.61,0.04,0.04,0.03
295,51.08.08.2011,Kubutambahan,Kubutambahan,Buleleng,Bali,87.66,6.92,2.28,3.14,83.98,8.07,3.62,4.33,86.35,7.59,2.59,3.47,83.24,8.60,3.94,4.22,95.28,4.72,0.00,0.00,99.39,0.51,0.04,0.04,0.03
296,51.02.04.2009,Kukuh,Kerambitan,Tabanan,Bali,82.36,4.45,2.61,10.57,80.84,4.45,3.00,11.71,81.66,4.56,2.65,11.12,80.10,4.14,3.59,12.17,100.00,0.00,0.00,0.00,99.49,0.40,0.04,0.04,0.03
297,51.02.07.2001,Kukuh,Marga,Tabanan,Bali,90.73,2.95,1.44,4.89,89.99,3.52,1.51,4.98,90.45,3.26,1.46,4.84,89.46,3.74,1.63,5.17,100.00,0.00,0.00,0.00,99.40,0.49,0.05,0.04,0.03
298,51.05.04.2006,Kusamba,Dawan,Klungkung,Bali,75.30,19.19,4.40,1.11,71.25,20.74,6.42,1.59,73.59,19.98,5.15,1.27,68.52,22.01,6.98,2.50,0.00,0.00,0.00,100.00,99.44,0.44,0.04,0.04,0.03
299,51.03.01.1002,Kuta,Kuta,Badung,Bali,81.32,11.97,4.64,2.06,78.93,12.97,5.46,2.64,80.29,12.49,4.95,2.27,77.47,13.20,6.14,3.19,0.00,0.00,0.00,100.00,99.28,0.58,0.06,0.05,0.03
300,51.05.01.2009,Kutampi,Nusa Penida,Klungkung,Bali,92.89,1.00,0.89,5.22,92.48,1.07,0.84,5.60,92.65,1.08,0.85,5.42,91.97,1.12,0.90,6.01,100.00,0.00,0.00,0.00,99.43,0.47,0.04,0.04,0.03
301,51.05.01.2015,Kutampi Kaler,Nusa Penida,Klungkung,Bali,92.97,1.51,1.03,4.48,92.40,1.49,1.08,5.02,92.63,1.49,1.06,4.82,92.10,1.42,1.17,5.31,87.77,3.72,5.32,3.19,99.40,0.51,0.04,0.03,0.02
302,51.03.05.2003,Kutuh,Kuta Selatan,Badung,Bali,91.17,3.12,2.19,3.53,90.43,3.22,2.29,4.06,90.66,3.18,2.29,3.87,89.62,3.35,2.42,4.61,92.16,7.06,0.78,0.00,99.53,0.41,0.02,0.02,0.01
303,51.06.04.2044,Kutuh,Kintamani,Bangli,Bali,94.70,0.35,0.24,4.71,94.38,0.36,0.33,4.92,94.57,0.30,0.32,4.81,94.23,0.32,0.35,5.11,100.00,0.00,0.00,0.00,99.54,0.39,0.03,0.02,0.01
304,51.02.07.2006,Kuwum,Marga,Tabanan,Bali,91.62,3.52,1.25,3.61,90.65,3.77,1.50,4.08,91.21,3.71,1.34,3.74,89.75,4.08,1.87,4.30,100.00,0.00,0.00,0.00,99.57,0.37,0.02,0.02,0.01
305,51.03.02.2020,Kuwun,Mengwi,Badung,Bali,95.43,2.13,0.93,1.51,94.58,2.56,1.03,1.83,94.95,2.41,0.95,1.68,94.22,2.46,1.13,2.18,100.00,0.00,0.00,0.00,99.40,0.50,0.04,0.04,0.03
306,51.07.05.2011,Laba Sari,Abang,Karangasem,Bali,93.42,2.07,1.59,2.92,92.61,2.40,1.75,3.24,92.75,2.46,1.69,3.09,91.58,2.48,2.23,3.70,95.37,3.70,0.00,0.93,99.22,0.66,0.06,0.04,0.02
307,51.07.02.2009,Lokasari,Sidemen,Karangasem,Bali,88.55,2.33,1.49,7.64,84.22,2.20,1.92,11.66,86.78,2.49,1.77,8.97,80.55,3.02,2.25,14.17,100.00,0.00,0.00,0.00,99.66,0.30,0.02,0.01,0.01
308,51.02.03.2003,Lalanglinggah,Selemadeg Barat,Tabanan,Bali,89.13,1.98,1.57,7.32,88.47,1.92,1.58,8.03,88.74,2.03,1.59,7.65,88.00,1.78,1.71,8.51,74.14,7.98,2.09,15.78,99.78,0.20,0.01,0.01,0.00
309,51.06.02.2009,Landih,Bangli,Bangli,Bali,92.75,1.18,1.12,4.96,92.09,1.16,1.19,5.56,92.48,1.12,1.17,5.22,91.59,1.16,1.19,6.06,100.00,0.00,0.00,0.00,99.58,0.37,0.02,0.01,0.01
310,51.06.04.2005,Langgahan,Kintamani,Bangli,Bali,87.76,0.75,0.73,10.76,86.11,0.98,0.64,12.27,86.97,0.73,0.56,11.74,85.10,0.81,0.70,13.39,100.00,0.00,0.00,0.00,99.71,0.27,0.01,0.01,0.00
311,51.04.03.2004,Lebih,Gianyar,Gianyar,Bali,89.81,4.64,2.52,3.02,87.33,5.77,3.42,3.48,89.02,4.98,2.79,3.22,86.40,5.87,3.78,3.95,53.62,13.04,1.45,31.88,99.42,0.49,0.03,0.03,0.03
312,51.03.01.1004,Legian,Kuta,Badung,Bali,63.91,12.45,12.04,11.60,58.75,10.53,11.17,19.55,62.43,12.04,11.60,13.93,55.67,9.17,10.82,24.34,0.00,0.00,0.00,100.00,99.36,0.55,0.04,0.03,0.02
313,51.01.01.1013,Lelateng,Negara,Jembrana,Bali,52.85,16.48,21.30,9.37,49.50,11.55,17.05,21.89,51.41,13.91,20.46,14.22,47.67,9.29,13.18,29.86,4.42,44.75,33.15,17.68,99.35,0.53,0.05,0.04,0.03
314,51.06.04.2006,Lembean,Kintamani,Bangli,Bali,93.96,0.58,0.61,4.85,93.71,0.74,0.63,4.92,93.75,0.67,0.61,4.97,93.39,0.70,0.65,5.26,100.00,0.00,0.00,0.00,99.68,0.27,0.02,0.02,0.01
315,51.05.01.2012,Lembongan,Nusa Penida,Klungkung,Bali,94.30,1.70,1.07,2.94,93.64,1.97,1.09,3.30,93.99,1.83,1.07,3.12,93.24,1.94,1.32,3.50,32.53,25.90,10.84,30.72,99.42,0.47,0.04,0.04,0.03
316,51.08.07.2001,Lemukih,Sawan,Buleleng,Bali,95.36,0.65,0.42,3.56,94.61,0.73,0.57,4.09,94.88,0.68,0.56,3.88,94.21,0.72,0.68,4.39,100.00,0.00,0.00,0.00,99.67,0.29,0.02,0.01,0.00
317,51.08.09.2007,Les,Tejakula,Buleleng,Bali,94.47,0.89,0.65,3.99,92.74,1.26,0.83,5.17,94.16,0.83,0.55,4.46,92.81,1.29,0.64,5.27,91.71,8.29,0.00,0.00,99.59,0.36,0.02,0.02,0.01
318,51.08.06.1011,Liligundi,Buleleng,Buleleng,Bali,84.80,3.96,4.85,6.39,82.60,3.96,4.63,8.81,83.70,3.74,4.19,8.37,79.30,5.29,3.52,11.89,100.00,0.00,0.00,0.00,99.49,0.42,0.04,0.03,0.02
319,51.04.05.2001,Lodtunduh,Ubud,Gianyar,Bali,90.55,3.84,1.40,4.21,88.84,4.53,1.77,4.87,89.78,4.18,1.61,4.42,87.74,5.13,1.85,5.28,100.00,0.00,0.00,0.00,99.39,0.49,0.04,0.04,0.03
320,51.08.02.2017,Lokapaksa,Seririt,Buleleng,Bali,85.19,4.73,1.99,8.09,83.61,5.03,2.69,8.67,84.43,4.82,2.32,8.43,82.54,5.19,3.11,9.16,98.30,1.70,0.00,0.00,99.69,0.25,0.02,0.02,0.01
321,51.01.01.1014,Loloan Barat,Negara,Jembrana,Bali,85.16,3.85,1.10,9.89,80.49,7.69,1.65,10.16,82.69,6.32,0.82,10.16,77.75,9.62,2.47,10.16,11.11,88.89,0.00,0.00,99.35,0.54,0.04,0.04,0.03
322,51.01.05.1003,Loloan Timur,Jembrana,Jembrana,Bali,47.33,23.87,24.13,4.66,40.95,18.76,22.29,18.01,44.41,21.77,24.72,9.10,36.44,16.20,17.91,29.45,0.00,50.70,29.58,19.72,99.40,0.49,0.04,0.04,0.03
323,51.03.02.1016,Lukluk,Mengwi,Badung,Bali,80.38,7.64,5.84,6.14,78.28,8.05,6.40,7.27,79.54,7.72,6.23,6.51,77.53,8.00,6.77,7.70,100.00,0.00,0.00,0.00,99.44,0.44,0.05,0.05,0.03
324,51.02.03.2005,Lumbung,Selemadeg Barat,Tabanan,Bali,93.03,1.23,0.92,4.82,92.59,1.41,0.94,5.06,92.86,1.27,0.92,4.95,92.23,1.53,1.00,5.24,99.47,0.53,0.00,0.00,99.61,0.32,0.02,0.02,0.02
325,51.02.03.2006,Lumbung Kauh,Selemadeg Barat,Tabanan,Bali,88.95,0.78,0.76,9.51,88.57,0.78,0.77,9.88,88.74,0.78,0.78,9.70,88.39,0.78,0.74,10.09,100.00,0.00,0.00,0.00,99.71,0.24,0.02,0.02,0.01
326,51.02.09.2002,Luwus,Baturiti,Tabanan,Bali,92.67,2.58,1.37,3.38,92.00,2.83,1.41,3.76,92.40,2.74,1.38,3.49,91.03,3.01,1.61,4.35,100.00,0.00,0.00,0.00,99.45,0.39,0.05,0.06,0.05
327,51.07.06.2008,Macang,Bebandem,Karangasem,Bali,89.92,1.70,1.49,6.89,89.00,1.74,1.87,7.39,89.50,1.83,1.58,7.10,88.55,1.91,1.91,7.63,100.00,0.00,0.00,0.00,99.69,0.27,0.02,0.01,0.01
328,51.08.09.2004,Madenan,Tejakula,Buleleng,Bali,94.33,0.51,0.44,4.72,94.10,0.51,0.47,4.93,94.19,0.54,0.46,4.81,93.92,0.48,0.48,5.12,100.00,0.00,0.00,0.00,99.49,0.43,0.04,0.03,0.02
329,51.03.03.2007,Mambal,Abiansemal,Badung,Bali,84.28,3.42,2.68,9.62,82.53,3.44,2.93,11.09,83.57,3.44,2.39,10.60,81.18,3.15,2.90,12.77,100.00,0.00,0.00,0.00,99.35,0.52,0.05,0.05,0.03
330,51.02.02.2004,Mambang,Selemadeg Timur,Tabanan,Bali,89.92,2.51,1.71,5.86,89.04,2.80,2.00,6.16,89.50,2.65,1.93,5.92,88.57,2.83,2.10,6.50,100.00,0.00,0.00,0.00,99.52,0.42,0.03,0.02,0.01
331,51.05.03.2015,Manduang,Klungkung,Klungkung,Bali,85.77,3.30,3.11,7.82,83.45,3.84,3.37,9.34,84.82,3.40,3.26,8.51,82.40,4.31,2.97,10.32,100.00,0.00,0.00,0.00,99.51,0.40,0.03,0.03,0.02
332,51.07.03.2004,Manggis,Manggis,Karangasem,Bali,86.93,3.93,2.86,6.28,85.42,4.20,3.16,7.21,86.47,4.09,2.88,6.56,84.96,4.33,3.19,7.52,86.94,6.12,2.86,4.08,99.70,0.27,0.02,0.01,0.00
333,51.01.03.2007,Manggissari,Pekutatan,Jembrana,Bali,89.37,0.73,0.63,9.26,89.11,0.70,0.73,9.46,89.26,0.69,0.69,9.36,88.75,0.78,0.73,9.74,100.00,0.00,0.00,0.00,99.58,0.35,0.02,0.02,0.02
334,51.06.04.2009,Mangguh,Kintamani,Bangli,Bali,88.82,1.06,0.80,9.31,87.84,0.66,0.91,10.59,88.20,1.02,0.84,9.93,87.33,0.80,0.77,11.10,100.00,0.00,0.00,0.00,99.66,0.30,0.02,0.01,0.01
335,51.06.04.2007,Manikliyu,Kintamani,Bangli,Bali,91.93,1.28,0.87,5.91,91.42,1.16,1.10,6.32,91.66,1.16,1.00,6.19,90.95,1.16,0.98,6.91,100.00,0.00,0.00,0.00,99.60,0.36,0.02,0.01,0.01
336,51.02.01.2009,Manikyang,Selemadeg,Tabanan,Bali,92.80,1.46,1.75,3.99,91.80,2.15,1.38,4.67,92.20,1.84,1.66,4.30,90.71,2.09,1.63,5.56,100.00,0.00,0.00,0.00,99.46,0.48,0.03,0.02,0.01
337,51.01.04.2010,Manistutu,Melaya,Jembrana,Bali,87.90,2.69,2.34,7.07,86.91,2.81,2.49,7.79,87.42,2.72,2.42,7.44,86.23,2.84,2.44,8.48,100.00,0.00,0.00,0.00,99.63,0.30,0.02,0.02,0.03
338,51.04.04.2004,Manukaya,Tampaksiring,Gianyar,Bali,93.36,1.06,0.71,4.87,92.88,0.94,0.79,5.39,93.15,1.01,0.77,5.07,92.63,0.87,0.90,5.60,100.00,0.00,0.00,0.00,99.61,0.36,0.01,0.01,0.00
339,51.02.07.2008,Marga,Marga,Tabanan,Bali,93.07,2.10,1.14,3.70,92.23,2.29,1.10,4.38,92.53,2.44,1.14,3.89,91.20,3.16,1.07,4.57,100.00,0.00,0.00,0.00,99.44,0.48,0.04,0.03,0.02
340,51.02.07.2013,Marga Dajan Puri,Marga,Tabanan,Bali,92.43,1.28,0.75,5.54,91.90,1.71,0.32,6.08,92.22,1.39,0.64,5.76,91.58,1.49,0.75,6.18,100.00,0.00,0.00,0.00,99.50,0.42,0.03,0.03,0.02
341,51.02.07.2014,Marga Dauh Puri,Marga,Tabanan,Bali,89.20,2.59,2.36,5.85,88.35,2.71,2.25,6.70,89.16,2.56,2.13,6.16,86.99,3.37,2.36,7.28,100.00,0.00,0.00,0.00,99.34,0.57,0.04,0.03,0.02
342,51.04.05.2002,Mas,Ubud,Gianyar,Bali,89.20,4.49,2.13,4.18,87.72,5.21,2.42,4.65,88.49,4.89,2.22,4.40,87.47,5.44,2.36,4.73,100.00,0.00,0.00,0.00,99.45,0.43,0.05,0.04,0.03
343,51.08.02.2005,Mayong,Seririt,Buleleng,Bali,90.64,0.81,0.90,7.65,90.06,0.96,0.88,8.10,90.30,1.01,0.79,7.90,89.81,1.03,0.62,8.55,100.00,0.00,0.00,0.00,99.66,0.30,0.02,0.01,0.01
344,51.04.02.2008,Medahan,Blahbatuh,Gianyar,Bali,89.72,5.14,2.19,2.96,88.38,5.93,2.52,3.16,89.34,5.37,2.25,3.04,87.16,6.64,2.66,3.54,34.21,13.16,5.26,47.37,99.41,0.49,0.04,0.04,0.02
345,51.01.03.2001,Medewi,Pekutatan,Jembrana,Bali,89.33,1.56,1.53,7.57,88.70,1.66,1.50,8.14,88.98,1.66,1.53,7.84,88.34,1.63,1.51,8.52,98.58,0.88,0.18,0.35,99.74,0.23,0.02,0.01,0.01
346,51.02.02.2005,Megati,Selemadeg Timur,Tabanan,Bali,90.15,2.66,2.15,5.04,89.48,2.71,2.20,5.61,89.86,2.68,2.11,5.34,88.94,2.91,2.28,5.87,100.00,0.00,0.00,0.00,99.42,0.45,0.05,0.04,0.03
347,51.03.03.2015,Mekar Bhuwana,Abiansemal,Badung,Bali,89.65,4.29,2.37,3.68,88.59,4.41,2.93,4.07,89.15,4.24,2.79,3.82,88.20,4.41,3.10,4.29,100.00,0.00,0.00,0.00,99.39,0.52,0.03,0.03,0.03
348,51.02.09.2009,Mekarsari,Baturiti,Tabanan,Bali,93.02,1.40,1.14,4.45,92.47,1.46,1.12,4.94,92.73,1.28,1.25,4.74,92.09,1.59,1.03,5.30,100.00,0.00,0.00,0.00,99.57,0.37,0.03,0.02,0.01
349,51.01.04.2002,Melaya,Melaya,Jembrana,Bali,86.30,3.80,2.98,6.92,84.35,4.09,3.27,8.29,85.68,3.83,3.09,7.41,83.13,4.25,3.51,9.11,84.42,9.08,3.03,3.48,99.59,0.33,0.03,0.03,0.02
350,51.02.04.2011,Meliling,Kerambitan,Tabanan,Bali,89.41,2.53,1.39,6.67,88.60,2.72,1.65,7.03,89.05,2.69,1.39,6.87,88.40,2.46,1.91,7.22,100.00,0.00,0.00,0.00,99.51,0.43,0.03,0.02,0.02
351,51.04.07.2001,Melinggih,Payangan,Gianyar,Bali,90.92,2.28,0.97,5.83,90.06,2.45,1.05,6.44,90.50,2.39,0.99,6.12,89.21,2.64,1.54,6.61,100.00,0.00,0.00,0.00,99.46,0.48,0.02,0.02,0.01
352,51.04.07.2007,Melinggih Kelod,Payangan,Gianyar,Bali,92.50,1.29,1.07,5.13,91.36,1.49,1.40,5.75,91.99,1.49,1.07,5.44,90.79,1.56,1.29,6.36,100.00,0.00,0.00,0.00,99.26,0.62,0.06,0.04,0.02
353,51.07.01.2003,Menanga,Rendang,Karangasem,Bali,86.99,1.28,1.02,10.72,85.94,1.43,1.10,11.53,86.58,1.28,1.11,11.03,85.20,1.51,1.25,12.04,100.00,0.00,0.00,0.00,99.58,0.38,0.02,0.01,0.01
354,51.01.02.2003,Mendoyo Dangin Tukad,Mendoyo,Jembrana,Bali,66.57,30.12,0.88,2.43,61.22,34.92,1.31,2.55,64.53,31.99,0.96,2.53,57.02,36.15,3.97,2.85,29.67,27.47,16.48,26.37,99.39,0.51,0.04,0.04,0.03
355,51.01.02.2001,Mendoyo Dauh Tukad,Mendoyo,Jembrana,Bali,82.51,7.12,3.50,6.87,81.29,5.45,4.51,8.74,81.74,6.29,4.19,7.79,79.96,5.30,4.48,10.26,100.00,0.00,0.00,0.00,99.54,0.40,0.03,0.02,0.01
356,51.06.04.2001,Mengani,Kintamani,Bangli,Bali,86.50,0.79,0.65,12.06,85.17,0.65,0.70,13.48,85.68,0.70,0.63,12.99,84.13,0.51,0.80,14.55,100.00,0.00,0.00,0.00,99.70,0.28,0.01,0.00,0.00
357,51.08.08.2013,Mengening,Kubutambahan,Buleleng,Bali,93.23,0.65,0.58,5.54,91.97,0.65,0.64,6.74,92.46,0.64,0.64,6.26,91.51,0.78,0.67,7.04,100.00,0.00,0.00,0.00,99.66,0.31,0.02,0.01,0.01
358,51.02.08.2009,Mengesta,Penebel,Tabanan,Bali,90.24,1.53,1.48,6.75,89.49,1.75,1.34,7.42,89.90,1.65,1.45,7.00,89.11,1.95,1.37,7.56,100.00,0.00,0.00,0.00,99.70,0.24,0.03,0.02,0.01
359,51.03.02.2009,Mengwi,Mengwi,Badung,Bali,84.48,3.83,4.86,6.83,83.20,3.91,4.36,8.52,83.66,3.95,4.57,7.82,82.83,3.91,4.36,8.89,100.00,0.00,0.00,0.00,99.41,0.50,0.04,0.03,0.02
360,51.03.02.2003,Mengwitani,Mengwi,Badung,Bali,86.74,6.59,3.51,3.16,85.48,6.22,4.65,3.65,86.12,6.53,3.99,3.36,84.87,6.49,4.81,3.83,100.00,0.00,0.00,0.00,99.41,0.50,0.03,0.03,0.03
361,51.08.07.2007,Menyali,Sawan,Buleleng,Bali,91.10,1.66,1.42,5.82,90.70,1.64,1.64,6.01,90.86,1.68,1.53,5.93,90.07,1.66,1.51,6.76,100.00,0.00,0.00,0.00,99.64,0.31,0.02,0.02,0.01
362,51.07.07.2001,Muncan,Selat,Karangasem,Bali,92.51,1.15,1.04,5.30,91.79,1.36,1.06,5.79,92.23,1.19,1.06,5.52,91.25,1.41,1.19,6.15,100.00,0.00,0.00,0.00,99.57,0.39,0.02,0.01,0.01
363,51.02.03.2001,Mundeh,Selemadeg Barat,Tabanan,Bali,88.72,1.03,1.00,9.25,88.39,0.97,0.94,9.70,88.52,1.02,1.00,9.46,88.32,0.95,0.90,9.84,100.00,0.00,0.00,0.00,99.73,0.22,0.02,0.02,0.02
364,51.02.03.2002,Mundeh Kangin,Selemadeg Barat,Tabanan,Bali,89.45,1.01,0.76,8.77,89.11,0.96,0.85,9.07,89.28,1.02,0.75,8.95,88.89,0.91,0.90,9.30,100.00,0.00,0.00,0.00,99.81,0.16,0.01,0.01,0.00
365,51.02.03.2008,Mundeh Kauh,Selemadeg Barat,Tabanan,Bali,91.82,0.82,0.76,6.60,91.57,0.87,0.76,6.79,91.71,0.81,0.81,6.67,91.39,0.91,0.79,6.91,100.00,0.00,0.00,0.00,99.72,0.25,0.01,0.01,0.01
366,51.08.04.2006,Munduk,Banjar,Buleleng,Bali,87.83,4.26,1.51,6.41,87.54,0.80,4.67,6.99,87.67,4.10,1.40,6.83,87.22,0.88,4.46,7.44,100.00,0.00,0.00,0.00,99.69,0.27,0.02,0.01,0.01
367,51.08.02.2007,Munduk Bestala,Seririt,Buleleng,Bali,84.46,1.77,1.44,12.33,83.54,2.17,1.25,13.03,84.06,1.80,1.55,12.59,82.73,2.10,1.55,13.62,100.00,0.00,0.00,0.00,99.67,0.30,0.02,0.01,0.00
368,51.02.10.2005,Munduk Temu,Pupuan,Tabanan,Bali,87.76,1.73,1.64,8.88,87.18,1.67,1.68,9.46,87.48,1.67,1.70,9.15,86.60,1.73,1.62,10.05,100.00,0.00,0.00,0.00,99.73,0.25,0.01,0.01,0.00
369,51.03.02.2001,Munggu,Mengwi,Badung,Bali,87.60,6.73,3.57,2.10,86.37,7.27,3.65,2.72,87.04,6.96,3.52,2.49,85.93,7.16,4.01,2.90,38.64,17.61,6.82,36.93,99.43,0.48,0.04,0.03,0.02
370,51.08.01.2007,Musi,Gerokgak,Buleleng,Bali,92.24,2.80,1.56,3.40,89.58,3.98,2.50,3.93,91.31,3.27,1.82,3.60,89.61,3.97,2.37,4.05,99.29,0.71,0.00,0.00,99.80,0.18,0.01,0.00,0.00
371,51.08.06.2014,Nagasepaha,Buleleng,Buleleng,Bali,89.27,1.82,1.52,7.39,88.66,1.42,1.82,8.10,88.87,1.32,1.72,8.10,86.64,2.94,1.62,8.81,100.00,0.00,0.00,0.00,99.56,0.39,0.02,0.02,0.01
372,51.07.05.2012,Nawa Kerti,Abang,Karangasem,Bali,97.14,0.38,0.35,2.13,96.83,0.38,0.38,2.41,96.97,0.35,0.44,2.24,96.32,0.54,0.38,2.76,100.00,0.00,0.00,0.00,99.50,0.42,0.04,0.03,0.02
373,51.05.02.2001,Negari,Banjarangkan,Klungkung,Bali,88.27,3.62,3.79,4.33,86.69,3.74,3.95,5.62,87.81,3.16,4.08,4.95,85.57,4.20,3.95,6.28,35.85,18.87,3.77,41.51,99.47,0.46,0.02,0.02,0.02
374,51.07.03.2007,Ngis,Manggis,Karangasem,Bali,87.40,1.98,1.87,8.76,86.28,2.30,2.06,9.36,86.78,2.30,1.89,9.03,85.97,2.16,2.08,9.79,100.00,0.00,0.00,0.00,99.59,0.35,0.03,0.02,0.01
375,51.07.01.2001,Nongan,Rendang,Karangasem,Bali,90.74,0.78,0.74,7.74,89.85,0.80,0.62,8.73,90.31,0.78,0.61,8.31,89.45,0.71,0.66,9.19,100.00,0.00,0.00,0.00,99.69,0.27,0.02,0.02,0.01
376,51.01.04.2005,Nusasari,Melaya,Jembrana,Bali,83.62,6.13,4.00,6.25,81.80,5.95,4.44,7.81,82.98,5.90,4.17,6.94,80.36,5.84,4.80,9.00,93.81,4.29,0.95,0.95,99.68,0.28,0.02,0.02,0.01
377,51.05.02.2009,Nyalian,Banjarangkan,Klungkung,Bali,92.67,1.10,0.74,5.50,92.29,0.95,0.92,5.84,92.54,1.01,0.81,5.64,92.15,1.17,0.77,5.91,100.00,0.00,0.00,0.00,99.54,0.37,0.03,0.03,0.03
378,51.02.06.2008,Nyambu,Kediri,Tabanan,Bali,89.97,2.74,2.03,5.25,88.65,3.17,2.18,5.99,89.39,2.82,2.18,5.61,88.15,3.12,2.34,6.40,100.00,0.00,0.00,0.00,99.56,0.37,0.03,0.03,0.01
379,51.05.02.2012,Nyanglan,Banjarangkan,Klungkung,Bali,96.67,0.43,0.52,2.38,96.15,0.39,0.52,2.94,96.45,0.30,0.69,2.56,96.02,0.48,0.48,3.03,100.00,0.00,0.00,0.00,99.67,0.29,0.02,0.01,0.01
380,51.02.06.2011,Nyitdah,Kediri,Tabanan,Bali,90.34,4.69,2.08,2.90,87.72,5.91,2.84,3.52,89.51,4.80,2.39,3.30,85.39,7.33,2.84,4.43,100.00,0.00,0.00,0.00,99.48,0.45,0.03,0.03,0.02
381,51.07.03.2005,Nyuh Tebel,Manggis,Karangasem,Bali,76.03,4.81,5.32,13.84,74.49,4.81,5.38,15.33,75.00,4.41,5.43,15.16,72.20,5.38,5.26,17.16,85.00,5.00,2.50,7.50,99.40,0.50,0.04,0.03,0.03
382,51.08.09.2002,Pacung,Tejakula,Buleleng,Bali,97.57,0.90,0.43,1.10,95.44,1.66,0.85,2.05,97.12,1.13,0.48,1.27,96.16,1.56,0.76,1.52,91.91,8.09,0.00,0.00,99.47,0.45,0.03,0.03,0.01
383,51.07.04.1003,Padang Kerta,Karangasem,Karangasem,Bali,93.27,2.45,1.50,2.78,92.36,2.83,1.72,3.09,92.99,2.58,1.57,2.86,91.63,3.20,1.93,3.24,100.00,0.00,0.00,0.00,99.48,0.46,0.03,0.02,0.01
384,51.71.03.2011,Padangsambian Kaja,Denpasar Barat,Kota Denpasar,Bali,89.53,5.39,2.87,2.20,88.19,5.67,3.04,3.10,88.98,5.58,2.85,2.60,87.75,5.33,3.57,3.35,98.77,1.23,0.00,0.00,99.27,0.59,0.06,0.05,0.03
385,51.02.10.2009,Padangan,Pupuan,Tabanan,Bali,91.50,1.51,1.19,5.80,91.14,1.40,1.23,6.23,91.26,1.50,1.17,6.07,90.45,1.38,1.25,6.92,100.00,0.00,0.00,0.00,99.70,0.24,0.03,0.02,0.01
386,51.07.03.2009,Padangbai,Manggis,Karangasem,Bali,91.67,3.39,1.87,3.07,91.27,3.30,1.92,3.52,91.40,3.52,1.74,3.34,90.96,3.39,2.05,3.61,39.62,18.87,13.21,28.30,99.38,0.51,0.05,0.04,0.02
387,51.08.05.2008,Padangbulia,Sukasada,Buleleng,Bali,92.85,1.15,1.01,4.98,91.84,1.48,1.07,5.61,92.03,1.51,1.04,5.42,91.21,1.67,1.10,6.02,100.00,0.00,0.00,0.00,99.46,0.45,0.04,0.03,0.02
388,51.71.03.1010,Padangsambian,Denpasar Barat,Kota Denpasar,Bali,81.24,9.53,6.19,3.04,78.65,9.84,7.46,4.05,80.46,9.63,6.64,3.27,77.85,9.79,7.56,4.80,18.18,18.18,11.11,52.53,99.44,0.48,0.03,0.03,0.02
389,51.71.03.2001,Padangsambian Kelod,Denpasar Barat,Kota Denpasar,Bali,79.46,9.60,8.57,2.37,76.50,9.84,8.95,4.71,78.66,9.58,8.68,3.08,75.33,10.20,8.95,5.51,0.00,0.00,0.00,100.00,99.44,0.49,0.03,0.03,0.01
390,51.02.10.2012,Pajahan,Pupuan,Tabanan,Bali,87.10,1.35,1.29,10.26,86.65,1.30,1.27,10.78,86.80,1.39,1.25,10.56,86.21,1.37,1.27,11.15,100.00,0.00,0.00,0.00,99.74,0.22,0.02,0.01,0.01
391,51.08.06.1009,Paket Agung,Buleleng,Buleleng,Bali,89.60,3.08,1.70,5.63,89.38,2.02,1.27,7.32,88.85,2.65,2.02,6.48,86.62,2.12,2.23,9.02,100.00,0.00,0.00,0.00,99.56,0.37,0.03,0.03,0.01
392,51.08.08.2002,Pakisan,Kubutambahan,Buleleng,Bali,92.03,1.38,0.82,5.77,91.52,1.30,1.04,6.14,91.68,1.38,0.94,6.00,90.92,1.54,1.11,6.42,100.00,0.00,0.00,0.00,99.57,0.35,0.03,0.03,0.02
393,51.05.04.2001,Paksebali,Dawan,Klungkung,Bali,90.52,2.25,1.73,5.49,89.85,2.07,1.91,6.17,90.31,2.22,1.79,5.68,89.32,2.19,2.01,6.48,100.00,0.00,0.00,0.00,99.65,0.31,0.02,0.01,0.01
394,51.08.05.2001,Pancasari,Sukasada,Buleleng,Bali,75.85,15.12,2.98,6.05,75.08,2.43,15.51,6.99,75.40,14.53,3.52,6.56,74.42,2.28,15.37,7.94,100.00,0.00,0.00,0.00,99.63,0.31,0.02,0.02,0.01
395,51.02.06.2009,Pandak Bandung,Kediri,Tabanan,Bali,78.10,11.83,2.52,7.55,72.16,15.44,3.47,8.93,75.06,13.63,3.18,8.12,68.69,17.24,4.09,9.98,100.00,0.00,0.00,0.00,99.46,0.45,0.03,0.03,0.02
396,51.02.06.2010,Pandak Gede,Kediri,Tabanan,Bali,91.10,3.43,1.80,3.68,89.94,3.62,2.18,4.26,90.71,3.23,2.16,3.90,88.91,4.20,2.05,4.84,98.78,1.22,0.00,0.00,99.50,0.42,0.03,0.03,0.02
397,51.02.04.2007,Pangkung Karung,Kerambitan,Tabanan,Bali,89.96,2.20,2.08,5.76,88.70,2.74,2.17,6.39,89.51,2.38,2.11,6.00,88.28,2.65,2.38,6.69,100.00,0.00,0.00,0.00,99.49,0.42,0.04,0.03,0.02
398,51.02.06.2002,Pangkung Tibah,Kediri,Tabanan,Bali,84.31,5.49,3.99,6.22,82.60,5.14,4.76,7.50,83.51,5.31,4.58,6.60,82.50,5.35,4.69,7.47,6.06,7.58,6.06,80.30,99.49,0.41,0.04,0.03,0.02
399,51.08.02.2018,Pangkungparuk,Seririt,Buleleng,Bali,89.82,1.14,1.21,7.82,89.31,1.11,1.19,8.39,89.54,1.09,1.21,8.16,88.98,1.12,1.11,8.78,100.00,0.00,0.00,0.00,99.57,0.36,0.03,0.02,0.02
400,51.03.04.2006,Pangsan,Petang,Badung,Bali,92.16,1.43,0.87,5.54,91.17,1.43,0.95,6.46,91.45,1.60,0.81,6.14,90.16,1.84,1.17,6.83,100.00,0.00,0.00,0.00,99.68,0.30,0.01,0.01,0.00
401,51.01.03.2005,Pangyangan,Pekutatan,Jembrana,Bali,81.58,4.36,2.92,11.14,79.29,4.62,3.43,12.65,79.82,4.81,3.23,12.13,78.31,4.83,3.62,13.24,58.41,7.01,3.27,31.31,99.67,0.30,0.02,0.01,0.01
402,51.71.01.1004,Panjer,Denpasar Selatan,Kota Denpasar,Bali,71.54,21.02,6.64,0.81,67.38,23.07,8.27,1.28,70.13,21.82,7.08,0.97,65.60,23.76,9.08,1.55,0.00,0.00,0.00,100.00,99.31,0.54,0.05,0.05,0.04
403,51.08.05.2011,Panji,Sukasada,Buleleng,Bali,95.85,1.62,0.87,1.66,94.93,1.85,1.10,2.12,95.41,1.69,1.03,1.87,94.27,2.05,1.32,2.36,100.00,0.00,0.00,0.00,99.34,0.57,0.04,0.03,0.02
404,51.08.05.2012,Panji Anom,Sukasada,Buleleng,Bali,89.19,2.06,2.17,6.58,87.99,2.21,2.34,7.46,88.66,2.00,2.27,7.07,87.27,2.21,2.30,8.22,100.00,0.00,0.00,0.00,99.67,0.30,0.02,0.01,0.00
405,51.07.03.2011,Pesedahan,Manggis,Karangasem,Bali,68.87,11.61,8.83,10.69,64.69,11.61,9.06,14.63,68.29,11.38,8.48,11.85,63.30,11.61,9.87,15.21,100.00,0.00,0.00,0.00,99.60,0.35,0.02,0.02,0.01
406,51.08.01.2010,Patas,Gerokgak,Buleleng,Bali,89.97,3.75,1.96,4.31,87.82,4.54,2.56,5.09,88.89,4.17,2.23,4.71,87.16,4.76,2.71,5.38,96.24,3.76,0.00,0.00,99.73,0.25,0.01,0.01,0.00
407,51.08.02.2014,Patemon,Seririt,Buleleng,Bali,75.89,8.59,5.21,10.31,71.03,8.91,6.86,13.20,73.28,9.12,5.70,11.90,67.19,9.19,8.17,15.45,100.00,0.00,0.00,0.00,99.49,0.42,0.03,0.03,0.02
408,51.02.07.2012,Payangan,Marga,Tabanan,Bali,93.81,1.76,1.03,3.39,92.32,2.51,1.18,3.99,92.90,2.10,1.20,3.81,91.62,2.68,1.41,4.29,100.00,0.00,0.00,0.00,99.51,0.38,0.04,0.04,0.03
409,51.03.05.2001,Pecatu,Kuta Selatan,Badung,Bali,92.21,2.45,1.81,3.53,91.55,2.51,1.86,4.08,91.65,2.53,1.83,3.99,90.80,2.72,1.98,4.51,86.53,8.93,1.90,2.64,99.47,0.44,0.03,0.04,0.02
410,51.05.01.2010,Ped,Nusa Penida,Klungkung,Bali,91.34,1.90,1.49,5.27,90.67,1.95,1.75,5.63,90.92,1.87,1.68,5.53,89.90,2.06,1.85,6.19,79.23,5.80,3.14,11.84,99.51,0.40,0.03,0.03,0.03
411,51.08.04.2008,Pedawa,Banjar,Buleleng,Bali,92.31,0.77,0.71,6.21,91.94,0.78,0.78,6.50,92.04,0.81,0.75,6.41,91.69,0.85,0.75,6.72,100.00,0.00,0.00,0.00,99.67,0.29,0.02,0.01,0.00
412,51.71.01.1002,Pedungan,Denpasar Selatan,Kota Denpasar,Bali,78.19,14.98,5.66,1.17,75.61,16.28,6.26,1.84,77.55,15.28,5.83,1.33,74.47,16.66,6.68,2.19,1.55,4.64,2.06,91.75,99.34,0.56,0.04,0.03,0.03
413,51.08.05.2007,Pegadungan,Sukasada,Buleleng,Bali,93.03,1.45,1.19,4.33,92.05,1.65,1.34,4.95,92.37,1.57,1.36,4.71,90.91,1.77,1.54,5.78,100.00,0.00,0.00,0.00,99.65,0.31,0.02,0.02,0.01
414,51.08.05.2005,Pegayaman,Sukasada,Buleleng,Bali,96.13,0.57,0.59,2.71,95.49,0.67,0.68,3.16,95.79,0.65,0.69,2.87,95.15,0.76,0.55,3.54,100.00,0.00,0.00,0.00,99.60,0.35,0.03,0.02,0.01
415,51.71.04.1009,Peguyangan,Denpasar Utara,Kota Denpasar,Bali,84.14,7.15,4.50,4.20,82.34,7.75,4.94,4.97,83.57,7.34,4.72,4.37,81.44,8.00,5.16,5.41,100.00,0.00,0.00,0.00,99.39,0.50,0.04,0.04,0.02
416,51.71.04.2010,Peguyangan Kaja,Denpasar Utara,Kota Denpasar,Bali,84.99,3.90,3.32,7.79,83.72,3.90,2.99,9.40,84.52,3.76,2.79,8.93,83.33,3.98,3.04,9.65,100.00,0.00,0.00,0.00,99.42,0.48,0.04,0.04,0.02
417,51.71.04.2011,Peguyangan Kangin,Denpasar Utara,Kota Denpasar,Bali,88.52,5.23,2.62,3.63,87.29,5.64,3.04,4.03,88.11,5.47,2.69,3.73,86.86,5.71,3.26,4.17,100.00,0.00,0.00,0.00,99.35,0.54,0.05,0.04,0.02
418,51.08.01.2002,Pejarakan,Gerokgak,Buleleng,Bali,84.57,9.77,3.32,2.34,82.95,10.35,3.77,2.93,83.86,10.03,3.55,2.57,81.98,10.51,4.23,3.29,89.81,9.81,0.38,0.00,99.61,0.30,0.03,0.03,0.02
419,51.02.06.2012,Pejaten,Kediri,Tabanan,Bali,87.16,3.54,2.65,6.65,85.62,3.58,2.98,7.82,86.51,3.35,2.93,7.21,84.41,3.72,3.21,8.66,100.00,0.00,0.00,0.00,99.51,0.42,0.03,0.03,0.01
420,51.04.04.2001,Pejeng,Tampaksiring,Gianyar,Bali,92.72,4.46,1.70,1.11,91.15,5.34,2.16,1.34,91.97,4.85,2.00,1.18,90.36,5.87,2.10,1.67,100.00,0.00,0.00,0.00,99.42,0.48,0.04,0.04,0.02
421,51.04.04.2006,Pejeng Kaja,Tampaksiring,Gianyar,Bali,92.71,2.71,1.50,3.08,91.99,3.12,1.58,3.31,92.26,3.03,1.52,3.18,91.39,3.36,1.71,3.55,100.00,0.00,0.00,0.00,99.42,0.48,0.03,0.03,0.03
422,51.04.04.2007,Pejeng Kangin,Tampaksiring,Gianyar,Bali,93.34,1.42,0.76,4.49,92.60,1.96,0.78,4.66,93.10,1.61,0.76,4.53,92.09,2.20,0.81,4.90,100.00,0.00,0.00,0.00,99.45,0.49,0.03,0.02,0.01
423,51.04.04.2005,Pejeng Kawan,Tampaksiring,Gianyar,Bali,94.93,1.81,0.55,2.71,94.03,2.36,0.67,2.95,94.46,2.12,0.59,2.83,93.63,2.56,0.59,3.22,100.00,0.00,0.00,0.00,99.39,0.49,0.05,0.04,0.02
424,51.04.04.2008,Pejeng Kelod,Tampaksiring,Gianyar,Bali,88.99,1.44,1.49,8.09,87.77,1.81,1.44,8.99,88.62,1.60,1.33,8.46,86.86,2.23,0.96,9.95,100.00,0.00,0.00,0.00,99.53,0.40,0.03,0.02,0.02
425,51.05.01.2014,Pejukutan,Nusa Penida,Klungkung,Bali,93.29,1.11,0.88,4.73,92.86,1.19,0.95,5.00,92.98,1.19,0.90,4.94,92.31,1.12,1.11,5.46,91.63,4.90,1.84,1.63,99.55,0.39,0.02,0.02,0.01
426,51.02.07.2003,Peken Belayu,Marga,Tabanan,Bali,83.74,4.14,4.22,7.90,82.02,4.30,4.07,9.62,83.27,3.83,4.14,8.76,80.53,4.53,4.22,10.71,100.00,0.00,0.00,0.00,99.52,0.42,0.03,0.02,0.01
427,51.01.03.2004,Pekutatan,Pekutatan,Jembrana,Bali,88.32,2.53,1.94,7.22,87.42,2.59,2.12,7.87,87.93,2.51,2.07,7.49,86.78,2.86,2.11,8.24,83.29,8.64,3.06,5.01,99.53,0.35,0.04,0.04,0.04
428,51.03.04.2004,Pelaga,Petang,Badung,Bali,91.99,0.70,0.71,6.59,91.55,0.70,0.76,6.99,91.69,0.74,0.77,6.80,91.19,0.68,0.78,7.35,100.00,0.00,0.00,0.00,99.60,0.35,0.02,0.02,0.01
429,51.08.03.2012,Pelapuan,Busungbiu,Buleleng,Bali,88.82,1.70,1.35,8.12,88.45,1.59,1.47,8.49,88.64,1.54,1.42,8.40,88.05,1.52,1.54,8.89,100.00,0.00,0.00,0.00,99.67,0.29,0.02,0.01,0.01
430,51.04.05.2006,Peliatan,Ubud,Gianyar,Bali,92.31,3.73,1.22,2.74,91.09,3.98,1.86,3.06,91.86,3.81,1.46,2.87,90.45,4.20,1.99,3.36,100.00,0.00,0.00,0.00,99.40,0.51,0.03,0.03,0.03
431,51.08.06.2004,Pemaron,Buleleng,Buleleng,Bali,79.49,13.28,5.08,2.15,77.51,12.02,7.06,3.41,77.87,12.92,6.34,2.87,75.84,12.20,7.66,4.31,78.95,21.05,0.00,0.00,99.45,0.49,0.03,0.02,0.01
432,51.71.03.1007,Pemecutan,Denpasar Barat,Kota Denpasar,Bali,70.93,21.22,6.71,1.14,64.03,24.57,9.37,2.03,69.09,21.98,7.73,1.20,61.30,25.46,10.96,2.28,0.00,0.00,0.00,100.00,99.28,0.61,0.05,0.04,0.02
433,51.71.04.2005,Pemecutan Kaja,Denpasar Utara,Kota Denpasar,Bali,84.81,7.85,4.31,3.03,82.72,8.45,5.09,3.74,84.38,7.66,4.79,3.17,81.51,9.15,5.20,4.14,17.24,37.93,11.49,33.33,99.43,0.49,0.04,0.03,0.01
434,51.71.03.2002,Pemecutan Kelod,Denpasar Barat,Kota Denpasar,Bali,60.54,19.41,13.35,6.71,54.99,18.85,14.01,12.16,59.17,18.86,13.74,8.23,53.06,18.70,14.37,13.88,0.00,0.00,0.00,100.00,99.30,0.62,0.03,0.03,0.01
435,51.71.01.2008,Pemogan,Denpasar Selatan,Kota Denpasar,Bali,66.57,17.51,9.58,6.35,62.82,18.41,10.00,8.77,65.20,17.92,9.72,7.17,61.22,18.72,10.51,9.55,0.00,0.00,0.00,100.00,99.24,0.64,0.05,0.04,0.03
436,51.07.01.2005,Pempatan,Rendang,Karangasem,Bali,91.83,1.22,1.06,5.89,91.09,1.28,1.16,6.48,91.52,1.26,1.11,6.11,90.69,1.24,1.18,6.89,100.00,0.00,0.00,0.00,99.56,0.37,0.03,0.02,0.01
437,51.08.01.2004,Pemuteran,Gerokgak,Buleleng,Bali,89.99,4.95,1.80,3.27,87.49,6.24,2.30,3.97,89.02,5.40,2.00,3.57,87.15,6.25,2.50,4.10,92.55,7.10,0.35,0.00,99.74,0.23,0.01,0.01,0.01
438,51.02.04.2003,Penarukan,Kerambitan,Tabanan,Bali,90.76,4.08,2.70,2.47,89.91,4.08,2.54,3.47,90.22,4.24,2.77,2.77,89.29,4.24,2.39,4.08,82.76,17.24,0.00,0.00,99.39,0.49,0.05,0.04,0.03
439,51.08.06.1020,Penarukan,Buleleng,Buleleng,Bali,84.71,9.98,3.68,1.63,82.22,11.04,4.52,2.22,83.28,10.68,4.14,1.89,79.76,11.08,6.12,3.04,99.06,0.94,0.00,0.00,99.45,0.49,0.03,0.02,0.01
440,51.03.02.2006,Penarungan,Mengwi,Badung,Bali,89.44,4.52,2.82,3.23,88.41,4.84,3.10,3.66,88.91,4.77,3.01,3.31,88.11,4.77,2.90,4.21,100.00,0.00,0.00,0.00,99.44,0.47,0.04,0.03,0.02
441,51.02.08.2007,Penatahan,Penebel,Tabanan,Bali,87.31,2.55,2.26,7.87,86.24,2.53,2.26,8.96,86.88,2.52,2.34,8.27,85.52,2.53,2.37,9.58,100.00,0.00,0.00,0.00,99.53,0.42,0.02,0.02,0.01
442,51.71.02.1014,Penatih,Denpasar Timur,Kota Denpasar,Bali,87.52,7.69,2.83,1.96,85.42,8.33,3.45,2.81,87.02,7.76,3.02,2.19,83.32,8.73,3.40,4.55,90.82,7.14,2.04,0.00,99.28,0.61,0.05,0.04,0.02
443,51.71.02.2015,Penatih Dangin Puri,Denpasar Timur,Kota Denpasar,Bali,81.99,9.49,3.45,5.08,79.64,10.46,4.25,5.66,81.52,9.57,3.70,5.21,79.01,10.40,4.66,5.93,53.49,23.26,11.63,11.63,99.56,0.37,0.02,0.02,0.03
444,51.01.05.1001,Pendem,Jembrana,Jembrana,Bali,89.65,2.36,1.78,6.21,88.37,2.60,2.07,6.96,89.10,2.47,1.91,6.53,87.76,2.54,2.22,7.48,100.00,0.00,0.00,0.00,99.68,0.30,0.01,0.01,0.01
445,51.02.08.2010,Penebel,Penebel,Tabanan,Bali,89.85,2.64,1.37,6.15,89.05,2.81,1.50,6.64,89.47,2.58,1.50,6.44,88.48,2.77,1.82,6.93,100.00,0.00,0.00,0.00,99.56,0.37,0.03,0.03,0.02
446,51.01.01.2011,Pengambengan,Negara,Jembrana,Bali,78.55,7.85,8.84,4.77,77.56,6.35,6.75,9.35,78.21,6.57,8.32,6.91,76.94,6.18,5.58,11.31,0.56,3.37,27.53,68.54,99.63,0.29,0.03,0.03,0.02
447,51.08.02.2016,Pengastulan,Seririt,Buleleng,Bali,83.74,4.60,6.46,5.19,76.10,8.23,6.66,9.01,81.98,5.29,5.58,7.15,76.49,8.62,5.58,9.30,100.00,0.00,0.00,0.00,99.44,0.47,0.04,0.03,0.02
448,51.06.04.2038,Pengejaran,Kintamani,Bangli,Bali,90.86,0.73,0.77,7.64,89.85,0.95,0.79,8.41,90.40,0.93,0.61,8.06,89.41,0.75,0.95,8.89,100.00,0.00,0.00,0.00,99.65,0.29,0.03,0.02,0.01
449,51.06.01.2009,Pengiangan,Susut,Bangli,Bali,90.07,0.76,0.81,8.35,89.61,0.76,0.69,8.93,89.96,0.69,0.65,8.70,89.01,0.97,0.79,9.23,100.00,0.00,0.00,0.00,99.69,0.28,0.02,0.01,0.00
450,51.08.06.2028,Penglatan,Buleleng,Buleleng,Bali,88.93,2.67,1.92,6.48,87.90,2.85,2.06,7.19,88.33,2.95,1.78,6.94,86.80,3.38,2.10,7.72,100.00,0.00,0.00,0.00,99.38,0.52,0.05,0.04,0.02
451,51.06.01.2006,Penglumbaran,Susut,Bangli,Bali,93.74,0.73,0.70,4.83,93.05,0.87,0.74,5.34,93.49,0.83,0.59,5.09,92.55,0.87,0.72,5.86,100.00,0.00,0.00,0.00,99.58,0.37,0.02,0.01,0.01
452,51.06.02.2008,Pengotan,Bangli,Bangli,Bali,91.76,1.05,0.91,6.28,91.29,1.11,0.89,6.70,91.60,1.02,0.93,6.44,90.90,1.22,1.00,6.88,100.00,0.00,0.00,0.00,99.63,0.34,0.02,0.01,0.01
453,51.01.03.2008,Pengragoan,Pekutatan,Jembrana,Bali,90.77,1.39,1.42,6.42,90.24,1.56,1.39,6.82,90.63,1.48,1.36,6.54,89.90,1.48,1.50,7.13,88.91,3.75,1.56,5.78,99.77,0.22,0.01,0.00,0.00
454,51.08.01.2011,Pengulon,Gerokgak,Buleleng,Bali,90.39,3.30,2.11,4.21,88.02,3.99,2.66,5.33,89.46,3.51,2.33,4.69,87.61,4.08,2.67,5.64,96.55,3.45,0.00,0.00,99.78,0.21,0.01,0.01,0.00
455,51.06.03.2006,Peninjoan,Tembuku,Bangli,Bali,93.86,1.09,0.76,4.29,93.20,1.26,0.79,4.75,93.67,1.14,0.81,4.39,92.78,1.43,0.78,5.02,100.00,0.00,0.00,0.00,99.53,0.41,0.03,0.02,0.01
456,51.08.09.2008,Penuktukan,Tejakula,Buleleng,Bali,96.36,1.25,0.65,1.75,95.01,1.52,1.08,2.39,96.04,1.22,0.89,1.85,95.25,1.49,1.06,2.19,96.30,3.70,0.00,0.00,99.52,0.41,0.03,0.02,0.01
457,51.08.01.2006,Penyabangan,Gerokgak,Buleleng,Bali,91.90,2.57,1.45,4.07,89.41,3.80,2.05,4.74,91.36,2.72,1.58,4.34,89.27,3.73,2.01,4.98,95.23,4.77,0.00,0.00,99.63,0.29,0.02,0.03,0.03
458,51.01.02.2007,Penyaringan,Mendoyo,Jembrana,Bali,85.34,4.23,2.32,8.11,84.15,4.42,2.41,9.02,84.73,4.28,2.37,8.62,83.24,4.46,2.60,9.70,88.43,4.29,2.68,4.60,99.71,0.23,0.02,0.02,0.02
459,51.01.05.2002,Perancak,Jembrana,Jembrana,Bali,72.62,9.80,9.51,8.07,70.15,8.12,8.36,13.38,71.45,8.45,9.66,10.44,68.97,6.63,8.05,16.34,0.00,0.00,18.27,81.73,99.41,0.50,0.04,0.03,0.02
460,51.02.09.2001,Perean,Baturiti,Tabanan,Bali,92.93,1.23,1.00,4.84,91.84,1.71,1.09,5.37,92.52,1.43,1.00,5.05,91.41,1.61,1.23,5.75,100.00,0.00,0.00,0.00,99.31,0.59,0.04,0.03,0.02
461,51.02.09.2012,Perean Kangin,Baturiti,Tabanan,Bali,91.74,1.63,1.55,5.08,90.73,1.85,1.55,5.87,91.32,1.61,1.61,5.46,89.87,2.02,1.57,6.54,100.00,0.00,0.00,0.00,99.44,0.47,0.04,0.03,0.02
462,51.02.09.2011,Perean Tengah,Baturiti,Tabanan,Bali,88.96,3.95,2.36,4.73,87.88,4.00,2.90,5.22,88.40,3.90,2.78,4.92,87.49,4.05,3.05,5.41,100.00,0.00,0.00,0.00,99.54,0.40,0.02,0.02,0.02
463,51.03.02.2018,Pererenan,Mengwi,Badung,Bali,84.96,7.52,4.18,3.34,81.15,8.40,5.26,5.19,82.70,7.86,5.09,4.35,79.53,8.57,5.94,5.97,0.00,0.00,0.00,100.00,99.48,0.42,0.03,0.03,0.03
464,51.01.02.2004,Pergung,Mendoyo,Jembrana,Bali,86.28,2.56,2.27,8.89,85.45,2.20,2.47,9.89,85.82,2.41,2.34,9.43,84.85,2.08,2.48,10.60,95.37,1.25,0.18,3.21,99.85,0.14,0.01,0.00,0.00
465,51.04.02.2002,Pering,Blahbatuh,Gianyar,Bali,86.67,7.46,3.43,2.44,83.61,8.72,4.46,3.21,85.29,8.06,3.94,2.71,81.95,9.59,4.83,3.63,73.10,13.45,2.92,10.53,99.44,0.47,0.04,0.03,0.02
466,51.07.07.2007,Peringsari,Selat,Karangasem,Bali,93.84,1.53,1.28,3.34,93.03,1.77,1.42,3.78,93.48,1.56,1.32,3.64,92.58,1.93,1.31,4.18,100.00,0.00,0.00,0.00,99.61,0.33,0.03,0.02,0.01
467,51.07.04.2009,Pertima,Karangasem,Karangasem,Bali,83.71,6.54,3.51,6.24,81.67,7.30,4.30,6.74,81.07,7.69,4.06,7.19,78.67,8.45,4.95,7.93,92.86,3.25,2.60,1.30,99.47,0.44,0.03,0.03,0.02
468,51.02.08.2017,Pesagi,Penebel,Tabanan,Bali,91.34,1.84,1.51,5.30,90.54,1.97,1.50,5.99,91.03,1.86,1.53,5.59,89.97,2.01,1.63,6.39,100.00,0.00,0.00,0.00,99.47,0.43,0.04,0.03,0.02
469,51.05.04.2008,Pesinggahan,Dawan,Klungkung,Bali,81.96,4.85,5.93,7.26,80.68,4.10,5.47,9.75,81.54,4.70,5.84,7.92,79.84,3.73,5.10,11.32,54.76,13.49,5.56,26.19,99.50,0.43,0.03,0.03,0.01
470,51.04.03.2012,Petak,Gianyar,Gianyar,Bali,93.29,3.25,1.69,1.77,92.24,3.49,1.99,2.28,92.94,3.38,1.64,2.04,91.73,3.33,2.31,2.63,100.00,0.00,0.00,0.00,99.41,0.49,0.05,0.04,0.02
471,51.04.03.2014,Petak Kaja,Gianyar,Gianyar,Bali,96.57,0.67,0.60,2.17,96.10,0.67,0.77,2.47,96.30,0.73,0.60,2.37,95.50,0.67,0.80,3.03,100.00,0.00,0.00,0.00,99.46,0.41,0.03,0.04,0.06
472,51.08.06.2015,Petandakan,Buleleng,Buleleng,Bali,90.60,1.09,1.19,7.12,90.13,1.09,1.30,7.48,90.23,1.09,1.35,7.32,89.56,1.04,1.14,8.26,100.00,0.00,0.00,0.00,99.44,0.48,0.03,0.03,0.02
473,51.03.04.2002,Petang,Petang,Badung,Bali,91.57,1.00,0.77,6.66,91.03,1.00,0.75,7.21,91.20,1.04,0.84,6.92,90.36,1.24,0.87,7.54,100.00,0.00,0.00,0.00,99.72,0.22,0.03,0.03,0.01
474,51.02.07.2009,Petiga,Marga,Tabanan,Bali,92.22,1.26,1.39,5.12,91.56,1.24,1.18,6.02,91.75,1.24,1.37,5.65,90.91,1.39,1.29,6.41,100.00,0.00,0.00,0.00,99.45,0.49,0.03,0.02,0.01
475,51.04.05.2007,Petulu,Ubud,Gianyar,Bali,93.41,1.88,0.93,3.79,92.28,2.53,1.18,4.01,93.10,2.01,0.90,3.99,91.68,2.71,1.33,4.29,100.00,0.00,0.00,0.00,99.50,0.38,0.05,0.05,0.03
476,51.07.05.2006,Pidpid,Abang,Karangasem,Bali,95.89,0.84,0.53,2.74,95.15,1.21,0.84,2.80,95.31,1.08,0.86,2.76,94.39,1.27,1.04,3.31,100.00,0.00,0.00,0.00,99.59,0.38,0.02,0.01,0.00
477,51.05.04.2010,Pikat,Dawan,Klungkung,Bali,80.79,3.45,4.99,10.77,79.40,3.52,4.77,12.31,80.04,3.61,4.84,11.52,79.00,3.39,4.76,12.85,80.00,13.10,1.38,5.52,99.65,0.32,0.01,0.01,0.00
478,51.06.04.2047,Pinggan,Kintamani,Bangli,Bali,94.52,0.74,0.57,4.16,94.00,0.81,0.58,4.61,94.30,0.78,0.56,4.36,93.62,0.88,0.61,4.88,100.00,0.00,0.00,0.00,99.59,0.36,0.03,0.02,0.01
479,51.02.08.2006,Pitra,Penebel,Tabanan,Bali,86.22,3.44,2.61,7.73,84.85,3.91,2.66,8.58,85.56,3.56,2.73,8.16,83.57,4.15,2.82,9.46,100.00,0.00,0.00,0.00,99.49,0.45,0.03,0.02,0.01
480,51.08.06.2017,Poh Bergong,Buleleng,Buleleng,Bali,91.57,2.27,1.30,4.86,90.63,2.45,1.44,5.48,90.99,2.38,1.33,5.30,89.27,2.85,1.33,6.56,100.00,0.00,0.00,0.00,99.44,0.47,0.04,0.03,0.02
481,51.01.02.2002,Pohsanten,Mendoyo,Jembrana,Bali,87.28,2.01,1.95,8.76,86.46,2.10,1.76,9.68,86.90,2.05,1.81,9.23,85.81,2.15,1.78,10.27,100.00,0.00,0.00,0.00,99.58,0.35,0.03,0.02,0.02
482,51.08.03.2004,Pucaksari,Busungbiu,Buleleng,Bali,89.06,1.74,1.66,7.55,88.64,1.73,1.63,8.00,88.83,1.72,1.66,7.79,88.31,1.77,1.55,8.37,100.00,0.00,0.00,0.00,99.61,0.33,0.03,0.02,0.01
483,51.04.07.2004,Puhu,Payangan,Gianyar,Bali,90.23,1.09,0.66,8.02,89.86,1.07,0.72,8.35,90.07,1.07,0.65,8.21,89.52,1.17,0.76,8.54,100.00,0.00,0.00,0.00,99.50,0.44,0.03,0.02,0.01
484,51.02.10.2006,Pujungan,Pupuan,Tabanan,Bali,92.25,1.10,0.85,5.80,91.88,1.10,0.93,6.10,92.06,1.09,0.90,5.96,91.38,1.14,0.96,6.53,100.00,0.00,0.00,0.00,99.77,0.22,0.01,0.01,0.00
485,51.01.03.2002,Pulukan,Pekutatan,Jembrana,Bali,88.73,1.20,1.12,8.95,88.31,1.08,1.25,9.37,88.50,1.09,1.23,9.18,88.01,1.04,1.29,9.67,98.02,0.99,0.14,0.85,99.49,0.43,0.03,0.03,0.02
486,51.03.03.2014,Punggul,Abiansemal,Badung,Bali,91.36,1.39,1.64,5.61,90.66,1.56,1.64,6.14,90.99,1.47,1.60,5.94,90.29,1.60,1.60,6.51,100.00,0.00,0.00,0.00,99.36,0.54,0.04,0.03,0.02
487,51.02.10.2007,Pupuan,Pupuan,Tabanan,Bali,89.09,1.45,0.97,8.49,88.38,1.43,1.29,8.90,88.85,1.34,1.10,8.71,87.61,1.60,1.40,9.39,100.00,0.00,0.00,0.00,99.77,0.21,0.01,0.01,0.00
488,51.04.06.2005,Pupuan,Tegallalang,Gianyar,Bali,91.88,0.81,0.61,6.69,91.58,0.72,0.75,6.95,91.75,0.73,0.67,6.85,91.39,0.73,0.70,7.19,100.00,0.00,0.00,0.00,99.57,0.37,0.03,0.02,0.01
489,51.02.01.2003,Pupuan Sawah,Selemadeg,Tabanan,Bali,88.76,1.82,1.41,8.02,88.03,2.07,1.54,8.36,88.37,1.98,1.36,8.29,87.41,2.18,1.79,8.61,100.00,0.00,0.00,0.00,99.59,0.32,0.03,0.03,0.03
490,51.07.05.2009,Purwa Kerthi,Abang,Karangasem,Bali,83.46,5.73,2.13,8.69,81.64,6.22,2.99,9.15,82.43,6.15,2.54,8.88,80.41,6.53,3.58,9.49,95.00,3.85,0.77,0.38,99.47,0.45,0.03,0.03,0.01
491,51.08.02.2004,Rangdu,Seririt,Buleleng,Bali,89.27,0.98,1.20,8.55,88.76,0.75,0.92,9.58,88.93,0.98,0.80,9.29,88.30,0.80,0.92,9.98,100.00,0.00,0.00,0.00,99.63,0.32,0.02,0.02,0.02
492,51.02.08.2001,Rejasa,Penebel,Tabanan,Bali,86.94,2.64,1.95,8.47,85.43,2.72,2.15,9.70,86.32,2.67,2.27,8.74,84.49,2.69,2.27,10.54,100.00,0.00,0.00,0.00,99.43,0.46,0.04,0.04,0.04
493,51.07.01.2002,Rendang,Rendang,Karangasem,Bali,85.83,1.99,1.92,10.26,84.77,2.10,1.77,11.36,85.42,1.99,1.84,10.75,84.13,2.12,1.83,11.92,100.00,0.00,0.00,0.00,99.52,0.42,0.03,0.02,0.01
494,51.71.01.1005,Renon,Denpasar Selatan,Kota Denpasar,Bali,80.54,15.97,3.12,0.37,77.85,16.88,4.75,0.52,79.80,16.17,3.66,0.37,76.91,17.42,5.06,0.60,0.00,0.00,0.00,100.00,99.20,0.65,0.06,0.05,0.03
495,51.02.08.2003,Riang Gede,Penebel,Tabanan,Bali,89.99,2.13,1.66,6.22,89.51,2.00,1.84,6.64,89.74,2.20,1.59,6.46,89.18,2.13,1.82,6.87,100.00,0.00,0.00,0.00,99.48,0.44,0.03,0.03,0.02
496,51.08.02.2003,Ringdikit,Seririt,Buleleng,Bali,85.19,1.64,1.08,12.10,84.58,1.30,1.47,12.66,84.80,1.34,1.47,12.39,83.97,1.42,1.27,13.34,100.00,0.00,0.00,0.00,99.59,0.36,0.02,0.02,0.01
497,51.04.02.2001,Saba,Blahbatuh,Gianyar,Bali,89.51,3.68,1.78,5.03,88.30,4.14,1.98,5.57,89.05,3.83,1.92,5.20,87.49,4.48,2.11,5.93,65.45,7.27,6.67,20.61,99.34,0.54,0.05,0.04,0.03
498,51.03.02.1015,Sading,Mengwi,Badung,Bali,85.66,4.42,2.39,7.53,81.36,6.60,3.46,8.57,83.78,5.73,2.75,7.74,79.78,6.84,4.00,9.38,100.00,0.00,0.00,0.00,99.47,0.45,0.03,0.03,0.02
499,51.02.10.2014,Sai,Pupuan,Tabanan,Bali,89.02,1.21,1.00,8.77,88.46,1.31,1.07,9.16,88.72,1.31,1.03,8.95,88.04,1.38,1.24,9.35,100.00,0.00,0.00,0.00,99.75,0.23,0.01,0.01,0.00
500,51.05.01.2001,Sakti,Nusa Penida,Klungkung,Bali,92.17,1.21,1.10,5.53,91.65,1.29,1.04,6.02,91.82,1.22,1.11,5.85,91.11,1.24,1.02,6.64,94.58,2.53,1.26,1.62,99.36,0.52,0.04,0.04,0.04
501,51.08.05.2010,Sambangan,Sukasada,Buleleng,Bali,89.72,1.11,1.30,7.87,88.13,1.49,1.34,9.03,88.57,1.48,1.35,8.60,82.31,2.26,1.84,13.60,100.00,0.00,0.00,0.00,99.63,0.33,0.02,0.02,0.01
502,51.08.09.2009,Sambirenteng,Tejakula,Buleleng,Bali,96.81,0.91,0.77,1.52,94.37,1.80,1.29,2.54,96.12,1.25,0.79,1.85,95.60,1.36,0.96,2.09,98.51,1.49,0.00,0.00,99.61,0.33,0.03,0.02,0.01
503,51.05.04.2003,Sampalan Kelod,Dawan,Klungkung,Bali,72.52,10.74,7.10,9.65,68.79,10.10,8.64,12.47,70.52,10.92,7.37,11.19,67.70,9.01,9.28,14.01,62.50,4.17,4.17,29.17,99.46,0.46,0.03,0.03,0.02
504,51.05.04.2002,Sampalan Tengah,Dawan,Klungkung,Bali,97.49,1.67,0.63,0.21,96.65,1.88,1.05,0.42,97.28,1.88,0.42,0.42,96.44,1.67,1.46,0.42,100.00,0.00,0.00,0.00,99.52,0.43,0.03,0.02,0.01
505,51.04.03.1003,Samplangan,Gianyar,Gianyar,Bali,90.66,2.08,1.31,5.95,89.83,2.28,1.53,6.37,90.39,2.11,1.45,6.05,89.35,2.47,1.55,6.63,100.00,0.00,0.00,0.00,99.50,0.43,0.03,0.02,0.01
506,51.02.04.2008,Samsam,Kerambitan,Tabanan,Bali,84.27,2.37,1.91,11.45,83.45,2.24,2.06,12.25,83.94,2.42,1.73,11.91,83.16,2.17,2.01,12.66,100.00,0.00,0.00,0.00,99.47,0.46,0.04,0.03,0.01
507,51.02.10.2002,Sanda,Pupuan,Tabanan,Bali,92.55,1.22,0.69,5.53,92.11,1.10,0.94,5.85,92.28,1.20,0.82,5.70,91.90,1.02,1.06,6.02,100.00,0.00,0.00,0.00,99.80,0.18,0.01,0.01,0.00
508,51.04.04.2002,Sanding,Tampaksiring,Gianyar,Bali,92.36,3.29,1.65,2.70,91.93,3.13,1.90,3.04,92.19,3.25,1.65,2.91,91.64,3.17,1.94,3.25,100.00,0.00,0.00,0.00,99.51,0.40,0.04,0.04,0.02
509,51.03.03.2013,Sangeh,Abiansemal,Badung,Bali,93.06,1.75,1.55,3.64,91.96,2.30,1.53,4.21,92.53,1.95,1.51,4.01,91.36,2.57,1.55,4.52,100.00,0.00,0.00,0.00,99.37,0.54,0.03,0.04,0.03
510,51.08.01.2008,Sanggalangit,Gerokgak,Buleleng,Bali,84.71,8.29,4.02,2.98,80.98,9.52,5.68,3.82,82.99,9.08,4.55,3.38,79.89,10.02,5.82,4.27,96.27,3.73,0.00,0.00,99.51,0.39,0.03,0.03,0.03
511,51.07.02.2004,Sangkan Gunung,Sidemen,Karangasem,Bali,88.08,1.84,1.60,8.47,87.20,1.81,1.72,9.28,87.75,1.80,1.68,8.77,86.66,1.83,1.80,9.71,100.00,0.00,0.00,0.00,99.67,0.30,0.02,0.01,0.01
512,51.01.05.1009,Sangkaragung,Jembrana,Jembrana,Bali,40.87,39.10,16.62,3.40,35.12,32.24,22.38,10.27,37.88,35.78,21.04,5.31,32.04,25.10,23.08,19.77,15.93,18.58,30.09,35.40,99.40,0.49,0.04,0.04,0.03
513,51.02.08.2018,Sangketan,Penebel,Tabanan,Bali,91.41,0.95,1.00,6.63,90.78,1.09,0.93,7.20,91.06,1.01,0.95,6.98,90.64,1.06,0.90,7.40,100.00,0.00,0.00,0.00,99.77,0.21,0.01,0.01,0.00
514,51.08.07.2012,Sangsit,Sawan,Buleleng,Bali,81.79,9.97,3.93,4.31,78.76,11.00,5.03,5.22,80.25,10.28,4.48,4.98,76.26,11.69,6.10,5.95,97.32,2.68,0.00,0.00,99.34,0.56,0.04,0.04,0.02
515,51.71.01.1006,Sanur,Denpasar Selatan,Kota Denpasar,Bali,86.61,10.56,2.49,0.34,84.85,11.73,2.85,0.57,86.04,10.90,2.65,0.42,83.96,12.14,3.17,0.73,0.00,0.00,0.00,100.00,99.22,0.59,0.07,0.07,0.05
516,51.71.01.2009,Sanur Kaja,Denpasar Selatan,Kota Denpasar,Bali,84.30,13.40,2.16,0.15,83.05,13.69,3.11,0.15,84.00,13.47,2.38,0.15,82.61,13.65,3.59,0.15,0.00,0.00,0.00,100.00,99.39,0.53,0.04,0.03,0.01
517,51.71.01.2010,Sanur Kauh,Denpasar Selatan,Kota Denpasar,Bali,66.53,16.43,12.02,5.02,63.39,16.32,11.67,8.63,65.53,16.20,11.61,6.66,62.18,16.58,11.00,10.25,0.00,0.00,0.00,100.00,99.15,0.70,0.06,0.05,0.04
518,51.02.01.2006,Serampingan,Selemadeg,Tabanan,Bali,86.67,2.43,1.96,8.94,85.40,2.87,1.85,9.88,86.17,2.54,1.99,9.30,85.29,2.51,2.18,10.02,100.00,0.00,0.00,0.00,99.50,0.44,0.03,0.02,0.01
519,51.08.06.2013,Sarimekar,Buleleng,Buleleng,Bali,90.28,2.18,1.34,6.20,89.37,2.14,1.74,6.75,89.74,2.25,1.45,6.57,88.94,1.74,1.92,7.40,100.00,0.00,0.00,0.00,99.46,0.44,0.04,0.04,0.02
520,51.05.03.2001,Satra,Klungkung,Klungkung,Bali,87.35,4.76,2.79,5.11,85.14,5.40,3.13,6.33,86.83,4.70,2.96,5.51,83.63,6.15,3.31,6.91,39.47,7.89,2.63,50.00,99.49,0.44,0.03,0.02,0.02
521,51.06.04.2040,Satra,Kintamani,Bangli,Bali,92.33,0.80,0.72,6.15,91.60,0.82,0.83,6.74,91.87,0.94,0.66,6.54,91.06,0.82,0.77,7.34,100.00,0.00,0.00,0.00,99.70,0.27,0.01,0.01,0.00
522,51.08.07.2006,Sawan,Sawan,Buleleng,Bali,95.65,1.13,0.71,2.51,95.35,1.00,0.88,2.76,95.40,1.09,0.84,2.68,94.98,1.17,0.96,2.89,100.00,0.00,0.00,0.00,99.53,0.40,0.03,0.02,0.01
523,51.04.05.2008,Sayan,Ubud,Gianyar,Bali,88.94,2.46,1.31,7.29,86.36,2.57,1.81,9.26,87.22,2.44,1.58,8.76,85.34,3.07,1.69,9.90,100.00,0.00,0.00,0.00,99.43,0.49,0.03,0.03,0.02
524,51.04.06.2006,Sebatu,Tegallalang,Gianyar,Bali,87.75,1.03,1.12,10.11,87.27,0.99,1.04,10.70,87.55,0.99,1.09,10.37,86.89,0.96,1.09,11.06,100.00,0.00,0.00,0.00,99.52,0.39,0.04,0.03,0.02
525,51.07.07.2004,Sebudi,Selat,Karangasem,Bali,95.77,0.48,0.45,3.30,95.35,0.56,0.47,3.62,95.59,0.52,0.45,3.44,95.19,0.55,0.49,3.76,100.00,0.00,0.00,0.00,99.63,0.35,0.01,0.01,0.00
526,51.02.05.2012,Sesandan,Tabanan,Tabanan,Bali,91.38,3.21,2.17,3.25,90.88,3.38,2.17,3.58,91.29,3.17,2.17,3.38,90.67,3.25,2.25,3.83,100.00,0.00,0.00,0.00,99.48,0.45,0.03,0.02,0.02
527,51.03.03.2006,Sedang,Abiansemal,Badung,Bali,90.59,3.94,2.39,3.08,89.61,4.30,2.60,3.49,90.18,4.11,2.51,3.20,89.11,4.49,2.70,3.70,100.00,0.00,0.00,0.00,99.31,0.57,0.05,0.04,0.03
528,51.06.04.2015,Sekaan,Kintamani,Bangli,Bali,91.08,1.71,1.14,6.07,90.37,1.61,1.14,6.88,90.89,1.45,1.26,6.40,89.75,1.71,1.42,7.12,100.00,0.00,0.00,0.00,99.69,0.27,0.02,0.01,0.01
529,51.06.04.2017,Sekardadi,Kintamani,Bangli,Bali,93.03,1.09,1.38,4.50,92.56,1.06,1.43,4.95,92.84,1.06,1.42,4.68,92.27,1.14,1.29,5.31,100.00,0.00,0.00,0.00,99.57,0.34,0.04,0.04,0.02
530,51.05.01.2005,Sekartaji,Nusa Penida,Klungkung,Bali,92.48,1.84,1.04,4.64,91.93,1.92,1.11,5.04,92.21,1.86,1.12,4.81,91.47,1.89,1.22,5.42,96.43,3.32,0.00,0.26,99.50,0.41,0.04,0.03,0.02
531,51.08.07.2003,Sekumpul,Sawan,Buleleng,Bali,90.29,1.82,1.45,6.43,89.96,1.45,1.75,6.84,90.07,1.56,1.67,6.69,89.59,1.34,1.52,7.55,100.00,0.00,0.00,0.00,99.60,0.35,0.02,0.02,0.01
532,51.02.03.2010,Selabih,Selemadeg Barat,Tabanan,Bali,87.65,1.50,1.24,9.61,87.01,1.59,1.23,10.17,87.34,1.50,1.27,9.89,86.20,1.57,1.54,10.69,83.08,6.67,3.08,7.18,99.78,0.17,0.02,0.02,0.02
533,51.02.07.2007,Selanbawak,Marga,Tabanan,Bali,94.59,1.35,0.61,3.46,93.67,1.80,0.76,3.76,94.43,1.35,0.61,3.61,93.09,2.11,0.67,4.13,100.00,0.00,0.00,0.00,99.50,0.43,0.03,0.03,0.01
534,51.03.03.2017,Selat,Abiansemal,Badung,Bali,93.51,3.17,1.14,2.18,92.47,3.65,1.47,2.41,92.99,3.41,1.28,2.32,92.09,3.46,1.94,2.51,100.00,0.00,0.00,0.00,99.29,0.60,0.05,0.04,0.02
535,51.05.03.2016,Selat,Klungkung,Klungkung,Bali,89.22,2.32,2.12,6.34,88.35,2.54,2.08,7.03,88.93,2.30,2.08,6.68,87.65,2.72,2.28,7.34,100.00,0.00,0.00,0.00,99.65,0.32,0.01,0.01,0.01
536,51.06.01.2008,Selat,Susut,Bangli,Bali,90.48,0.97,0.73,7.82,88.04,1.00,0.73,10.22,89.61,0.73,0.80,8.85,87.04,1.30,0.80,10.86,100.00,0.00,0.00,0.00,99.57,0.39,0.02,0.01,0.00
537,51.07.07.2002,Selat,Selat,Karangasem,Bali,93.12,1.38,1.03,4.47,92.69,1.55,1.00,4.76,92.98,1.38,1.03,4.62,92.57,1.46,0.89,5.07,100.00,0.00,0.00,0.00,99.51,0.39,0.04,0.03,0.03
538,51.08.05.2014,Selat,Sukasada,Buleleng,Bali,92.64,0.99,0.94,5.42,91.98,1.03,0.95,6.03,92.35,1.09,0.91,5.66,91.70,1.05,0.93,6.31,100.00,0.00,0.00,0.00,99.65,0.31,0.02,0.01,0.01
539,51.02.01.2005,Selemadeg,Selemadeg,Tabanan,Bali,88.20,2.52,2.02,7.26,87.23,2.73,2.15,7.88,87.74,2.66,2.02,7.59,86.86,2.81,2.12,8.21,100.00,0.00,0.00,0.00,99.55,0.35,0.03,0.04,0.04
540,51.05.03.2018,Selisihan,Klungkung,Klungkung,Bali,91.42,2.74,1.63,4.21,90.26,3.26,1.63,4.84,90.89,2.89,1.74,4.47,90.21,3.05,1.53,5.21,100.00,0.00,0.00,0.00,99.72,0.26,0.01,0.01,0.00
541,51.06.04.2039,Selulung,Kintamani,Bangli,Bali,90.34,1.22,0.79,7.64,89.88,1.12,0.90,8.10,90.05,1.15,0.90,7.89,89.39,1.18,0.97,8.46,100.00,0.00,0.00,0.00,99.67,0.26,0.02,0.02,0.02
542,51.07.03.2008,Selumbung,Manggis,Karangasem,Bali,91.61,1.69,1.36,5.35,90.87,1.86,1.50,5.77,91.41,1.73,1.38,5.49,90.69,1.91,1.34,6.05,100.00,0.00,0.00,0.00,99.69,0.28,0.01,0.01,0.01
543,51.05.03.1008,Semarapura Kaja,Klungkung,Klungkung,Bali,89.89,1.55,0.83,7.73,88.11,1.31,1.43,9.16,88.47,1.55,1.19,8.80,87.87,1.43,1.19,9.51,100.00,0.00,0.00,0.00,99.50,0.45,0.02,0.02,0.01
544,51.05.03.1011,Semarapura Kangin,Klungkung,Klungkung,Bali,91.08,3.60,2.26,3.06,90.28,3.99,2.26,3.46,90.81,3.60,2.13,3.46,89.75,3.99,2.66,3.60,100.00,0.00,0.00,0.00,99.51,0.41,0.03,0.03,0.02
545,51.05.03.1009,Semarapura Kauh,Klungkung,Klungkung,Bali,89.75,2.51,2.18,5.56,88.00,2.62,2.40,6.98,89.53,1.74,2.40,6.32,87.35,2.84,1.64,8.18,100.00,0.00,0.00,0.00,99.47,0.44,0.04,0.03,0.02
546,51.05.03.1013,Semarapura Kelod,Klungkung,Klungkung,Bali,87.66,6.76,2.75,2.83,83.33,9.51,3.46,3.69,85.53,8.18,3.38,2.91,80.74,10.69,4.32,4.25,100.00,0.00,0.00,0.00,99.50,0.44,0.02,0.02,0.01
547,51.05.03.1012,Semarapura Kelod Kangin,Klungkung,Klungkung,Bali,94.60,3.04,2.06,0.29,92.93,4.42,1.86,0.79,94.01,3.43,2.06,0.49,91.76,5.40,1.86,0.98,100.00,0.00,0.00,0.00,99.50,0.42,0.04,0.03,0.02
548,51.05.03.1010,Semarapura Tengah,Klungkung,Klungkung,Bali,98.12,1.21,0.67,0.00,97.98,1.21,0.67,0.13,97.98,1.21,0.81,0.00,97.31,1.61,0.94,0.13,100.00,0.00,0.00,0.00,99.51,0.42,0.03,0.03,0.02
549,51.08.09.2001,Sembiran,Tejakula,Buleleng,Bali,95.47,0.97,0.73,2.83,94.91,1.08,0.80,3.21,95.14,1.05,0.74,3.07,94.59,1.02,0.91,3.47,98.77,1.23,0.00,0.00,99.61,0.32,0.03,0.03,0.01
550,51.03.02.2007,Sembung,Mengwi,Badung,Bali,89.44,5.90,2.83,1.82,88.06,6.58,3.47,1.89,89.06,6.11,3.21,1.63,87.24,6.83,3.78,2.15,100.00,0.00,0.00,0.00,99.45,0.47,0.03,0.03,0.02
551,51.02.04.2012,Sembung Gede,Kerambitan,Tabanan,Bali,87.15,4.10,2.38,6.37,86.00,4.55,2.58,6.88,86.67,4.23,2.42,6.68,85.32,4.46,2.95,7.28,100.00,0.00,0.00,0.00,99.54,0.40,0.02,0.02,0.02
552,51.03.01.1005,Seminyak,Kuta,Badung,Bali,82.38,9.29,5.22,3.11,78.44,10.59,5.63,5.35,81.19,9.98,5.35,3.49,75.10,11.63,6.01,7.26,0.00,0.00,0.00,100.00,99.36,0.52,0.05,0.04,0.03
553,51.03.02.1005,Sempidi,Mengwi,Badung,Bali,81.52,5.11,3.69,9.68,78.78,5.41,4.33,11.47,80.68,5.04,3.96,10.32,78.17,5.65,4.20,11.98,100.00,0.00,0.00,0.00,99.46,0.47,0.03,0.02,0.01
554,51.02.08.2012,Senganan,Penebel,Tabanan,Bali,93.67,1.09,1.06,4.17,93.31,1.15,1.08,4.46,93.46,1.11,1.05,4.38,92.89,1.24,1.07,4.80,100.00,0.00,0.00,0.00,99.67,0.29,0.01,0.01,0.02
555,51.07.03.2012,Sengkidu,Manggis,Karangasem,Bali,89.52,2.10,2.10,6.27,87.98,1.90,2.62,7.50,88.57,2.30,2.26,6.87,87.10,2.10,2.62,8.17,68.97,10.34,5.17,15.52,99.49,0.44,0.03,0.03,0.01
556,51.08.03.2001,Sepang,Busungbiu,Buleleng,Bali,89.50,1.21,1.15,8.14,88.98,1.24,1.16,8.62,89.17,1.22,1.14,8.47,88.80,1.25,1.06,8.89,100.00,0.00,0.00,0.00,99.53,0.42,0.02,0.02,0.01
557,51.08.03.2015,Sepang Kelod,Busungbiu,Buleleng,Bali,89.10,1.00,1.05,8.85,88.25,1.02,1.04,9.68,88.68,1.00,1.06,9.26,87.77,1.10,0.99,10.14,100.00,0.00,0.00,0.00,99.59,0.35,0.02,0.02,0.02
558,51.06.04.2030,Serai,Kintamani,Bangli,Bali,93.00,0.95,0.88,5.16,92.74,1.01,1.04,5.21,92.91,1.02,0.88,5.18,92.38,1.08,1.06,5.48,100.00,0.00,0.00,0.00,99.71,0.23,0.02,0.02,0.02
559,51.71.01.1001,Serangan,Denpasar Selatan,Kota Denpasar,Bali,73.76,25.88,0.33,0.03,73.53,26.12,0.32,0.03,73.58,25.85,0.54,0.03,73.30,25.93,0.72,0.05,0.00,1.94,7.10,90.97,99.37,0.54,0.03,0.04,0.03
560,51.07.04.2006,Seraya,Karangasem,Karangasem,Bali,93.68,0.94,0.74,4.64,93.33,0.87,0.87,4.92,93.45,0.91,0.83,4.81,92.82,1.03,0.87,5.28,96.50,3.50,0.00,0.00,99.67,0.29,0.02,0.01,0.00
561,51.07.04.2007,Seraya Barat,Karangasem,Karangasem,Bali,89.66,1.51,1.45,7.38,88.88,1.79,1.27,8.06,89.39,1.62,1.52,7.47,88.45,1.80,1.31,8.44,95.77,2.82,1.41,0.00,99.62,0.34,0.02,0.01,0.01
562,51.07.04.2008,Seraya Timur,Karangasem,Karangasem,Bali,92.27,0.90,0.67,6.16,91.92,0.91,0.79,6.38,92.07,0.85,0.81,6.27,91.71,0.92,0.76,6.61,94.12,5.88,0.00,0.00,99.51,0.42,0.03,0.03,0.01
563,51.08.02.1015,Seririt,Seririt,Buleleng,Bali,79.70,11.92,3.10,5.28,71.63,17.19,5.15,6.02,75.42,14.59,4.28,5.71,67.10,20.36,5.83,6.70,100.00,0.00,0.00,0.00,99.44,0.47,0.04,0.03,0.02
564,51.04.03.2013,Serongga,Gianyar,Gianyar,Bali,92.81,3.86,1.03,2.31,91.22,4.49,1.87,2.42,92.29,4.13,1.23,2.34,90.10,5.13,2.15,2.62,87.50,7.14,3.57,1.79,99.46,0.45,0.04,0.03,0.02
565,51.71.01.1003,Sesetan,Denpasar Selatan,Kota Denpasar,Bali,77.50,16.85,4.89,0.76,74.38,18.63,5.90,1.09,76.44,17.39,5.36,0.81,72.74,19.51,6.51,1.24,0.00,0.00,0.00,100.00,99.35,0.50,0.05,0.05,0.04
566,51.06.04.2046,Siakin,Kintamani,Bangli,Bali,94.76,0.35,0.40,4.49,94.39,0.34,0.35,4.92,94.58,0.34,0.37,4.71,94.09,0.41,0.34,5.16,100.00,0.00,0.00,0.00,99.53,0.40,0.03,0.02,0.01
567,51.04.03.2010,Siangan,Gianyar,Gianyar,Bali,93.57,1.30,1.05,4.08,92.78,1.49,1.03,4.70,93.35,1.36,1.03,4.26,92.31,1.78,1.03,4.87,100.00,0.00,0.00,0.00,99.44,0.47,0.04,0.03,0.02
568,51.03.03.2003,Sibanggede,Abiansemal,Badung,Bali,85.05,4.04,3.24,7.67,82.36,4.57,3.46,9.61,83.87,4.21,3.40,8.52,80.66,4.63,3.80,10.91,100.00,0.00,0.00,0.00,99.43,0.46,0.04,0.04,0.03
569,51.03.03.2002,Sibangkaja,Abiansemal,Badung,Bali,86.34,4.63,2.50,6.53,85.05,4.68,2.47,7.80,85.59,4.91,2.57,6.92,84.08,4.91,2.39,8.62,100.00,0.00,0.00,0.00,99.38,0.49,0.05,0.04,0.04
570,51.07.06.2004,Sibetan,Bebandem,Karangasem,Bali,87.76,2.68,2.35,7.21,86.36,2.52,2.57,8.56,87.54,2.66,2.36,7.44,85.93,2.58,2.58,8.91,100.00,0.00,0.00,0.00,99.60,0.34,0.02,0.02,0.01
571,51.71.01.2007,Sidakarya,Denpasar Selatan,Kota Denpasar,Bali,73.75,17.81,7.62,0.82,68.95,19.58,9.63,1.85,71.59,18.86,8.29,1.26,67.33,19.70,10.45,2.52,0.00,0.00,0.00,100.00,99.30,0.60,0.04,0.03,0.03
572,51.04.03.2002,Sidan,Gianyar,Gianyar,Bali,92.38,1.88,1.07,4.67,91.83,1.80,1.40,4.97,92.16,1.88,1.07,4.90,91.50,2.06,1.29,5.15,100.00,0.00,0.00,0.00,99.49,0.42,0.03,0.03,0.02
573,51.07.02.2003,Sidemen,Sidemen,Karangasem,Bali,89.68,2.62,1.89,5.82,88.52,2.56,2.20,6.71,89.23,2.77,1.91,6.09,87.75,2.53,2.43,7.30,100.00,0.00,0.00,0.00,99.69,0.27,0.02,0.02,0.01
574,51.08.04.2010,Sidetapa,Banjar,Buleleng,Bali,91.78,0.78,0.64,6.80,90.79,0.82,0.69,7.70,91.60,0.77,0.66,6.96,90.44,0.83,0.65,8.07,100.00,0.00,0.00,0.00,99.62,0.33,0.03,0.02,0.01
575,51.08.05.2006,Silangjana,Sukasada,Buleleng,Bali,94.59,1.02,0.80,3.59,94.07,1.06,1.01,3.87,94.37,1.00,0.89,3.75,93.69,1.10,0.92,4.29,100.00,0.00,0.00,0.00,99.61,0.33,0.02,0.02,0.01
576,51.08.07.2010,Sinabun,Sawan,Buleleng,Bali,92.40,1.89,1.60,4.11,91.50,1.95,1.92,4.63,91.80,1.92,1.89,4.38,90.61,2.27,1.87,5.25,100.00,0.00,0.00,0.00,99.45,0.43,0.04,0.05,0.03
577,51.07.02.2006,Sinduwati,Sidemen,Karangasem,Bali,84.35,2.33,1.91,11.42,82.86,2.40,2.33,12.41,83.46,2.50,2.15,11.89,81.87,2.67,2.53,12.93,100.00,0.00,0.00,0.00,99.62,0.34,0.02,0.01,0.01
578,51.04.05.2003,Singakerta,Ubud,Gianyar,Bali,87.21,3.81,1.97,7.01,84.59,5.08,2.24,8.09,86.32,4.10,2.10,7.49,82.38,6.35,2.62,8.66,100.00,0.00,0.00,0.00,99.54,0.37,0.03,0.03,0.03
579,51.04.01.2006,Singapadu,Sukawati,Gianyar,Bali,86.90,7.13,3.10,2.86,84.96,8.03,3.67,3.34,86.12,7.55,3.25,3.07,82.36,9.28,4.15,4.21,100.00,0.00,0.00,0.00,99.41,0.50,0.04,0.03,0.02
580,51.04.01.2011,Singapadu Kaler,Sukawati,Gianyar,Bali,87.93,4.11,2.17,5.79,83.55,6.30,2.26,7.89,86.71,4.38,1.90,7.01,77.87,9.02,3.82,9.29,100.00,0.00,0.00,0.00,99.43,0.45,0.05,0.04,0.03
581,51.04.01.2010,Singapadu Tengah,Sukawati,Gianyar,Bali,88.12,5.22,2.81,3.85,86.18,5.70,3.07,5.04,87.46,5.22,2.84,4.48,82.54,6.78,3.85,6.84,100.00,0.00,0.00,0.00,99.32,0.58,0.05,0.04,0.02
582,51.03.02.2011,Sobangan,Mengwi,Badung,Bali,91.81,3.24,1.63,3.32,90.36,3.87,2.13,3.63,91.10,3.55,1.84,3.50,89.81,4.03,2.29,3.87,100.00,0.00,0.00,0.00,99.35,0.56,0.04,0.03,0.02
583,51.06.04.2024,Songan A,Kintamani,Bangli,Bali,81.47,4.56,3.58,10.40,79.83,3.06,5.13,11.98,80.62,4.05,4.23,11.11,78.76,3.12,4.94,13.19,100.00,0.00,0.00,0.00,99.67,0.31,0.01,0.01,0.00
584,51.06.04.2025,Songan B,Kintamani,Bangli,Bali,78.34,13.26,2.43,5.97,77.72,1.21,14.28,6.78,77.99,12.90,2.62,6.49,77.47,1.21,13.95,7.37,100.00,0.00,0.00,0.00,99.65,0.32,0.01,0.01,0.00
585,51.05.01.2007,Suana,Nusa Penida,Klungkung,Bali,93.37,1.05,1.10,4.49,92.64,1.21,1.15,5.00,92.90,1.13,1.11,4.86,91.62,1.34,1.26,5.77,85.50,8.16,1.21,5.14,99.37,0.54,0.04,0.03,0.02
586,51.07.04.1002,Subagan,Karangasem,Karangasem,Bali,89.31,5.22,3.09,2.38,87.05,6.09,3.73,3.13,87.59,5.78,3.39,3.23,84.78,6.96,4.14,4.12,95.48,1.81,2.71,0.00,99.48,0.45,0.03,0.03,0.02
587,51.02.05.2008,Subamia,Tabanan,Tabanan,Bali,86.83,1.66,1.99,9.52,86.07,1.56,2.03,10.35,86.40,1.59,2.28,9.73,84.95,2.46,1.74,10.85,100.00,0.00,0.00,0.00,99.49,0.38,0.04,0.04,0.05
588,51.06.04.2045,Subaya,Kintamani,Bangli,Bali,90.43,0.49,0.48,8.60,89.80,0.61,0.36,9.23,90.22,0.48,0.40,8.90,89.52,0.55,0.44,9.49,100.00,0.00,0.00,0.00,99.48,0.43,0.04,0.04,0.02
589,51.08.03.2007,Subuk,Busungbiu,Buleleng,Bali,86.64,1.77,1.49,10.10,85.87,1.57,1.92,10.65,86.27,1.72,1.72,10.30,85.32,1.92,1.67,11.09,100.00,0.00,0.00,0.00,99.68,0.27,0.02,0.02,0.01
590,51.08.07.2005,Sudaji,Sawan,Buleleng,Bali,90.04,1.53,1.35,7.08,89.39,1.46,1.50,7.66,89.67,1.47,1.35,7.51,88.73,1.39,1.60,8.28,100.00,0.00,0.00,0.00,99.57,0.37,0.02,0.02,0.01
591,51.02.05.2001,Sudimara,Tabanan,Tabanan,Bali,82.98,7.55,3.91,5.56,81.01,7.81,4.47,6.71,81.89,7.96,4.04,6.10,79.81,7.91,5.03,7.25,43.72,16.94,3.28,36.07,99.31,0.51,0.06,0.06,0.06
592,51.07.08.2009,Sukadana,Kubu,Karangasem,Bali,95.64,2.25,1.06,1.05,94.69,2.59,1.30,1.42,93.19,2.65,2.00,2.16,91.70,3.24,2.41,2.66,99.09,0.91,0.00,0.00,99.28,0.64,0.04,0.03,0.02
593,51.08.05.1009,Sukasada,Sukasada,Buleleng,Bali,94.06,1.26,0.58,4.11,93.32,1.46,0.86,4.37,93.70,1.36,0.72,4.23,92.64,1.40,1.00,4.96,100.00,0.00,0.00,0.00,99.53,0.40,0.03,0.02,0.01
594,51.06.04.2043,Sukawana,Kintamani,Bangli,Bali,93.67,0.65,0.58,5.11,93.42,0.59,0.61,5.38,93.57,0.62,0.61,5.20,93.23,0.63,0.60,5.53,100.00,0.00,0.00,0.00,99.60,0.35,0.03,0.02,0.01
595,51.04.01.2004,Sukawati,Sukawati,Gianyar,Bali,87.68,4.29,2.98,5.06,84.29,5.89,3.53,6.29,86.12,4.84,3.41,5.62,82.23,6.90,3.82,7.05,43.18,11.93,7.39,37.50,99.44,0.46,0.04,0.04,0.03
596,51.06.01.2005,Sulahan,Susut,Bangli,Bali,89.92,0.90,1.01,8.17,89.03,0.88,1.00,9.09,89.54,0.86,1.04,8.56,88.66,0.93,1.00,9.40,100.00,0.00,0.00,0.00,99.61,0.36,0.01,0.01,0.00
597,51.05.04.2004,Sulang,Dawan,Klungkung,Bali,97.10,0.67,0.45,1.79,96.65,0.89,0.56,1.90,96.99,0.78,0.33,1.90,96.32,1.23,0.45,2.01,100.00,0.00,0.00,0.00,99.65,0.31,0.02,0.02,0.01
598,51.03.04.2007,Sulangai,Petang,Badung,Bali,92.68,1.05,0.77,5.50,91.95,1.07,0.82,6.17,92.19,1.06,0.78,5.97,91.47,1.05,0.83,6.65,100.00,0.00,0.00,0.00,99.62,0.34,0.02,0.02,0.01
599,51.08.02.2012,Sulanyah,Seririt,Buleleng,Bali,80.86,15.90,1.37,1.87,77.68,17.77,2.18,2.37,79.24,16.96,1.87,1.93,75.00,19.76,2.74,2.49,100.00,0.00,0.00,0.00,99.48,0.47,0.03,0.02,0.01
600,51.08.01.2001,Sumberklampok,Gerokgak,Buleleng,Bali,89.67,3.68,2.32,4.32,88.07,4.04,2.77,5.13,89.09,3.91,2.45,4.55,87.62,4.25,2.78,5.34,93.05,4.76,0.96,1.23,99.76,0.20,0.02,0.01,0.01
601,51.71.02.1006,Sumerta,Denpasar Timur,Kota Denpasar,Bali,88.52,10.49,0.66,0.33,86.67,11.69,1.31,0.33,88.09,10.71,0.87,0.33,85.90,12.46,1.31,0.33,0.00,40.91,13.64,45.45,99.30,0.59,0.05,0.04,0.02
602,51.71.02.2007,Sumerta Kaja,Denpasar Timur,Kota Denpasar,Bali,76.56,16.19,5.86,1.39,73.39,18.07,6.65,1.89,75.97,16.39,6.16,1.49,71.90,18.87,7.05,2.18,27.27,40.91,13.64,18.18,99.44,0.44,0.04,0.04,0.03
603,51.71.02.2008,Sumerta Kauh,Denpasar Timur,Kota Denpasar,Bali,84.44,10.51,3.84,1.21,82.22,11.92,4.65,1.21,84.24,10.51,4.04,1.21,81.41,12.53,4.44,1.62,0.00,7.69,7.69,84.62,99.45,0.44,0.04,0.04,0.03
604,51.71.02.2002,Sumerta Kelod,Denpasar Timur,Kota Denpasar,Bali,76.74,14.46,6.42,2.38,73.93,15.89,7.17,3.01,76.01,15.07,6.37,2.56,72.85,16.22,7.60,3.33,0.00,0.00,0.00,100.00,99.37,0.55,0.04,0.03,0.01
605,51.04.03.2016,Sumita,Gianyar,Gianyar,Bali,91.77,1.50,1.65,5.09,90.91,1.68,1.46,5.95,91.39,1.65,1.46,5.50,91.99,1.38,1.42,5.20,100.00,0.00,0.00,0.00,99.51,0.40,0.04,0.03,0.02
606,51.06.01.2004,Susut,Susut,Bangli,Bali,91.33,1.58,1.01,6.08,90.39,1.51,1.30,6.80,90.92,1.37,1.15,6.56,90.34,1.46,1.32,6.88,100.00,0.00,0.00,0.00,99.44,0.50,0.03,0.02,0.02
607,51.06.04.2021,Suter,Kintamani,Bangli,Bali,93.62,0.97,0.67,4.74,93.06,0.94,0.80,5.20,93.38,1.04,0.70,4.87,92.77,1.04,0.72,5.47,100.00,0.00,0.00,0.00,99.60,0.36,0.02,0.01,0.01
608,51.04.03.2011,Suwat,Gianyar,Gianyar,Bali,96.37,0.96,0.62,2.06,95.89,1.10,0.69,2.33,96.30,0.75,0.75,2.19,95.54,1.23,0.69,2.54,100.00,0.00,0.00,0.00,99.39,0.54,0.03,0.02,0.01
609,51.08.07.2008,Suwug,Sawan,Buleleng,Bali,90.72,2.13,1.51,5.64,90.10,2.21,1.41,6.28,90.31,2.15,1.65,5.89,88.94,2.60,1.57,6.90,100.00,0.00,0.00,0.00,99.44,0.48,0.03,0.03,0.02
610,51.02.08.2015,Tajen,Penebel,Tabanan,Bali,91.57,2.69,1.91,3.83,90.47,2.86,2.24,4.43,91.24,2.67,2.19,3.89,89.37,3.23,2.45,4.95,100.00,0.00,0.00,0.00,99.51,0.43,0.03,0.02,0.01
611,51.08.08.2004,Tajun,Kubutambahan,Buleleng,Bali,96.15,0.94,0.62,2.29,95.77,0.89,0.81,2.54,95.95,0.84,0.79,2.42,95.46,1.02,0.82,2.70,100.00,0.00,0.00,0.00,99.59,0.38,0.02,0.01,0.00
612,51.05.02.2002,Takmung,Banjarangkan,Klungkung,Bali,88.67,3.95,3.18,4.20,86.92,4.46,3.63,4.99,88.09,4.08,3.25,4.58,85.61,5.18,3.86,5.35,50.00,10.48,2.42,37.10,99.46,0.47,0.03,0.03,0.01
613,51.07.02.2002,Talibeng,Sidemen,Karangasem,Bali,89.31,1.33,1.64,7.72,88.35,1.29,1.40,8.95,88.92,1.37,1.35,8.36,87.43,1.53,1.24,9.80,100.00,0.00,0.00,0.00,99.71,0.27,0.01,0.01,0.00
614,51.03.03.2010,Taman,Abiansemal,Badung,Bali,91.57,3.51,2.09,2.84,90.34,3.82,2.58,3.27,91.10,3.72,2.29,2.89,89.75,3.87,2.84,3.54,100.00,0.00,0.00,0.00,99.47,0.45,0.03,0.03,0.02
615,51.06.02.2002,Tamanbali,Bangli,Bangli,Bali,90.29,1.87,1.23,6.60,85.21,2.20,1.38,11.21,87.28,1.83,1.23,9.65,82.05,2.50,1.29,14.15,100.00,0.00,0.00,0.00,99.50,0.44,0.03,0.02,0.01
616,51.08.08.2001,Tambakan,Kubutambahan,Buleleng,Bali,92.32,0.78,0.79,6.11,91.76,0.79,0.76,6.68,92.06,0.78,0.74,6.42,91.46,0.79,0.78,6.97,100.00,0.00,0.00,0.00,99.67,0.30,0.02,0.01,0.00
617,51.08.08.2007,Tamblang,Kubutambahan,Buleleng,Bali,91.44,1.32,0.93,6.32,90.91,1.30,1.00,6.79,91.04,1.34,0.96,6.66,90.25,1.33,1.16,7.26,100.00,0.00,0.00,0.00,99.61,0.33,0.02,0.02,0.01
618,51.04.04.2003,Tampaksiring,Tampaksiring,Gianyar,Bali,89.23,1.50,1.24,8.03,88.46,1.54,1.26,8.74,88.91,1.49,1.36,8.25,88.05,1.53,1.37,9.05,100.00,0.00,0.00,0.00,99.47,0.46,0.04,0.03,0.01
619,51.08.04.2011,Tampekan,Banjar,Buleleng,Bali,68.10,4.93,5.70,21.26,66.87,4.62,6.01,22.50,67.18,5.08,6.16,21.57,65.49,4.78,4.78,24.96,100.00,0.00,0.00,0.00,99.65,0.31,0.02,0.01,0.01
620,51.02.02.2006,Tangguntiti,Selemadeg Timur,Tabanan,Bali,91.45,3.46,1.71,3.38,90.39,3.77,2.05,3.79,91.04,3.55,1.84,3.57,89.80,3.80,2.21,4.18,85.83,7.87,4.72,1.57,99.43,0.47,0.03,0.03,0.04
621,51.08.02.2011,Tangguwisia,Seririt,Buleleng,Bali,62.87,24.75,8.43,3.95,56.31,27.20,11.67,4.82,58.89,26.45,10.17,4.49,52.99,27.33,13.87,5.81,100.00,0.00,0.00,0.00,99.36,0.58,0.03,0.02,0.01
622,51.05.03.2006,Tangkas,Klungkung,Klungkung,Bali,71.00,11.74,10.18,7.08,63.27,16.87,9.47,10.39,68.15,13.49,10.75,7.62,59.89,18.51,7.62,13.99,20.00,9.23,4.62,66.15,99.41,0.53,0.03,0.02,0.01
623,51.05.01.2006,Tanglad,Nusa Penida,Klungkung,Bali,93.69,1.04,0.89,4.38,93.34,1.05,0.91,4.70,93.45,1.00,0.96,4.59,93.03,1.06,0.96,4.96,97.82,1.09,0.65,0.44,99.46,0.43,0.04,0.04,0.03
624,51.03.05.1005,Tanjung Benoa,Kuta Selatan,Badung,Bali,93.44,6.10,0.39,0.07,93.18,6.30,0.46,0.07,93.25,6.23,0.46,0.07,92.85,6.30,0.79,0.07,0.00,0.00,5.71,94.29,99.34,0.49,0.06,0.06,0.06
625,51.04.06.2007,Taro,Tegallalang,Gianyar,Bali,91.23,0.95,0.87,6.96,90.84,0.92,0.85,7.40,91.15,0.88,0.84,7.12,90.53,0.94,0.81,7.72,100.00,0.00,0.00,0.00,99.65,0.32,0.02,0.01,0.00
626,51.05.03.2017,Tegak,Klungkung,Klungkung,Bali,92.80,1.82,1.11,4.27,91.69,2.36,0.89,5.07,92.22,2.18,1.02,4.58,90.98,2.71,0.93,5.38,100.00,0.00,0.00,0.00,99.65,0.32,0.01,0.01,0.01
627,51.01.01.2010,Tegal Badeng Barat,Negara,Jembrana,Bali,89.56,6.14,2.92,1.38,88.13,7.13,3.22,1.52,89.09,6.45,3.03,1.43,87.69,7.19,3.42,1.71,63.86,20.48,6.02,9.64,99.53,0.42,0.02,0.02,0.01
628,51.01.01.2009,Tegal Badeng Timur,Negara,Jembrana,Bali,77.50,10.07,10.24,2.18,76.46,6.56,13.70,3.28,77.14,8.04,12.31,2.52,75.66,5.89,12.82,5.63,32.94,48.24,12.94,5.88,99.63,0.33,0.02,0.02,0.01
629,51.71.03.2008,Tegal Harum,Denpasar Barat,Kota Denpasar,Bali,78.96,13.82,5.10,2.13,74.60,16.58,6.06,2.76,77.36,14.67,5.74,2.23,72.58,17.64,6.48,3.29,0.00,0.00,0.00,100.00,99.39,0.49,0.04,0.04,0.03
630,51.71.03.2009,Tegal Kertha,Denpasar Barat,Kota Denpasar,Bali,83.81,9.84,5.52,0.83,81.60,9.94,6.90,1.56,83.53,9.38,6.16,0.92,80.40,10.49,7.36,1.75,0.00,0.00,0.00,100.00,99.42,0.48,0.04,0.04,0.02
631,51.02.02.2008,Tegal Mengkeb,Selemadeg Timur,Tabanan,Bali,89.97,2.57,2.07,5.40,89.35,2.62,2.01,6.02,89.67,2.52,2.22,5.59,88.90,2.76,2.07,6.27,65.85,10.98,4.88,18.29,99.40,0.50,0.05,0.04,0.02
632,51.04.03.2017,Tegal Tugu,Gianyar,Gianyar,Bali,92.21,2.05,0.76,4.99,91.18,2.40,1.02,5.39,91.85,2.27,0.80,5.08,90.96,2.45,0.76,5.83,100.00,0.00,0.00,0.00,99.36,0.55,0.03,0.03,0.03
633,51.01.02.1006,Tegalcangkring,Mendoyo,Jembrana,Bali,82.04,7.75,2.45,7.76,79.55,8.51,3.43,8.51,80.69,8.26,3.00,8.04,78.00,8.68,4.00,9.32,84.87,6.13,6.32,2.68,99.64,0.32,0.02,0.01,0.01
634,51.07.04.2010,Tegalinggah,Karangasem,Karangasem,Bali,87.08,1.26,0.98,10.68,86.49,1.30,1.16,11.06,86.87,1.33,1.05,10.75,86.28,1.16,1.23,11.34,100.00,0.00,0.00,0.00,99.65,0.32,0.02,0.01,0.00
635,51.02.07.2005,Tegaljadi,Marga,Tabanan,Bali,89.73,3.04,1.39,5.84,88.01,3.75,1.86,6.39,89.53,3.01,1.52,5.95,85.88,5.27,2.20,6.66,100.00,0.00,0.00,0.00,99.46,0.48,0.03,0.02,0.01
636,51.04.06.2002,Tegallalang,Tegallalang,Gianyar,Bali,91.45,1.18,1.18,6.19,91.10,1.29,1.02,6.59,91.42,1.19,1.05,6.35,90.76,1.42,1.02,6.80,100.00,0.00,0.00,0.00,99.36,0.55,0.04,0.03,0.03
637,51.02.08.2016,Tegallinggah,Penebel,Tabanan,Bali,92.81,1.90,1.66,3.62,91.95,1.90,1.78,4.36,92.48,2.03,1.72,3.78,91.25,2.00,1.78,4.98,100.00,0.00,0.00,0.00,99.50,0.44,0.03,0.02,0.01
638,51.08.05.2013,Tegallinggah,Sukasada,Buleleng,Bali,91.84,1.73,1.30,5.13,90.88,1.72,1.49,5.91,91.18,1.72,1.53,5.57,90.30,1.80,1.70,6.20,100.00,0.00,0.00,0.00,99.65,0.29,0.03,0.02,0.01
639,51.08.09.2006,Tejakula,Tejakula,Buleleng,Bali,92.81,1.82,1.17,4.19,91.47,2.41,1.48,4.64,92.35,1.98,1.31,4.35,91.43,2.23,1.60,4.75,97.76,2.24,0.00,0.00,99.58,0.38,0.02,0.01,0.01
640,51.08.03.2005,Telaga,Busungbiu,Buleleng,Bali,87.66,2.11,2.36,7.86,86.78,2.23,2.48,8.52,87.14,2.14,2.41,8.32,85.71,2.27,2.11,9.91,100.00,0.00,0.00,0.00,99.70,0.27,0.01,0.01,0.00
641,51.07.02.2005,Telagatawang,Sidemen,Karangasem,Bali,91.64,1.55,1.30,5.51,90.24,1.88,1.42,6.45,91.33,1.65,1.17,5.84,89.56,2.21,1.47,6.76,100.00,0.00,0.00,0.00,99.71,0.25,0.01,0.01,0.01
642,51.08.09.2010,Tembok,Tejakula,Buleleng,Bali,96.85,1.36,0.87,0.92,94.70,1.91,1.40,1.99,96.05,1.60,1.01,1.34,95.88,1.41,1.08,1.63,94.51,5.49,0.00,0.00,99.43,0.48,0.04,0.03,0.02
643,51.06.03.2002,Tembuku,Tembuku,Bangli,Bali,89.55,1.12,0.77,8.56,87.15,1.15,0.99,10.71,88.64,1.08,0.96,9.33,86.24,1.02,1.31,11.44,100.00,0.00,0.00,0.00,99.63,0.33,0.02,0.02,0.01
644,51.04.03.2015,Temesi,Gianyar,Gianyar,Bali,92.55,2.38,1.48,3.59,91.79,2.38,1.61,4.22,92.24,2.43,1.43,3.89,91.27,2.61,1.68,4.44,88.30,5.32,3.19,3.19,99.42,0.52,0.03,0.02,0.01
645,51.08.04.2015,Temukus,Banjar,Buleleng,Bali,72.66,14.22,7.65,5.47,68.83,14.37,10.19,6.62,69.01,14.82,10.47,5.70,67.27,14.45,11.83,6.46,75.44,24.56,0.00,0.00,99.42,0.49,0.04,0.03,0.02
646,51.07.03.2006,Tenganan,Manggis,Karangasem,Bali,87.44,2.60,1.97,8.00,86.55,2.70,2.15,8.59,87.13,2.61,2.09,8.16,86.02,2.84,2.17,8.98,99.68,0.32,0.00,0.00,99.64,0.31,0.02,0.02,0.02
647,51.02.08.2008,Tengkudak,Penebel,Tabanan,Bali,95.29,1.97,1.06,1.68,94.40,2.37,1.29,1.93,95.19,2.08,1.11,1.61,94.28,2.39,1.31,2.02,100.00,0.00,0.00,0.00,99.52,0.42,0.03,0.02,0.01
648,51.06.04.2023,Terunyan,Kintamani,Bangli,Bali,74.63,17.39,1.43,6.55,74.30,0.66,18.02,7.02,74.47,16.97,1.80,6.75,74.04,0.68,17.75,7.52,100.00,0.00,0.00,0.00,99.61,0.34,0.02,0.02,0.01
649,51.07.08.2005,Tianyar Barat,Kubu,Karangasem,Bali,94.64,1.81,1.27,2.28,94.05,1.90,1.49,2.57,94.35,1.89,1.37,2.39,93.65,2.06,1.52,2.77,99.26,0.74,0.00,0.00,99.47,0.45,0.03,0.03,0.02
650,51.07.08.2006,Tianyar Tengah,Kubu,Karangasem,Bali,93.25,2.05,1.56,3.14,92.14,2.31,1.60,3.95,92.64,2.27,1.63,3.46,91.44,2.47,1.76,4.33,100.00,0.00,0.00,0.00,99.61,0.34,0.02,0.01,0.01
651,51.03.06.2004,Tibubeneng,Kuta Utara,Badung,Bali,85.71,6.44,4.50,3.35,84.25,6.75,4.78,4.21,85.10,6.59,4.72,3.60,83.52,6.84,4.94,4.70,20.11,9.20,2.30,68.39,99.52,0.42,0.03,0.02,0.01
652,51.02.04.2001,Tibubiu,Kerambitan,Tabanan,Bali,87.46,5.24,2.78,4.52,85.30,6.07,3.61,5.03,86.77,5.37,3.13,4.73,82.84,7.94,3.88,5.35,0.00,4.65,5.81,89.53,99.39,0.51,0.04,0.03,0.03
653,51.06.01.2007,Tiga,Susut,Bangli,Bali,91.34,0.80,0.82,7.04,90.65,0.84,0.74,7.76,91.01,0.72,0.77,7.50,90.16,1.00,0.77,8.07,100.00,0.00,0.00,0.00,99.69,0.29,0.01,0.01,0.01
654,51.08.04.2016,Tigawasa,Banjar,Buleleng,Bali,95.61,0.52,0.52,3.34,95.40,0.54,0.52,3.54,95.47,0.51,0.52,3.49,95.13,0.59,0.52,3.76,100.00,0.00,0.00,0.00,99.70,0.27,0.01,0.01,0.01
655,51.05.02.2007,Tihingan,Banjarangkan,Klungkung,Bali,90.78,3.91,2.25,3.06,89.87,3.47,2.88,3.78,90.37,3.66,2.75,3.22,89.27,3.41,3.13,4.19,100.00,0.00,0.00,0.00,99.49,0.44,0.02,0.02,0.02
656,51.02.03.2007,Tiying Gading,Selemadeg Barat,Tabanan,Bali,91.78,1.78,1.21,5.22,91.15,1.84,1.39,5.61,91.45,1.88,1.34,5.34,90.37,2.16,1.65,5.82,100.00,0.00,0.00,0.00,99.53,0.40,0.03,0.03,0.01
657,51.02.04.2015,Timpag,Kerambitan,Tabanan,Bali,89.80,2.36,1.86,5.98,88.73,2.76,1.94,6.57,89.31,2.49,1.93,6.27,87.93,3.12,1.96,6.99,100.00,0.00,0.00,0.00,99.45,0.43,0.05,0.04,0.03
658,51.05.02.2011,Timuhun,Banjarangkan,Klungkung,Bali,94.72,0.57,0.37,4.34,94.45,0.64,0.37,4.54,94.58,0.57,0.37,4.48,93.81,0.74,0.50,4.95,100.00,0.00,0.00,0.00,99.67,0.29,0.02,0.02,0.01
659,51.08.01.2012,Tinga-tinga,Gerokgak,Buleleng,Bali,91.21,1.43,1.00,6.36,90.54,1.54,1.06,6.85,90.92,1.44,1.04,6.60,89.99,1.65,1.19,7.17,100.00,0.00,0.00,0.00,99.49,0.43,0.04,0.03,0.01
660,51.08.03.2008,Tinggarsari,Busungbiu,Buleleng,Bali,89.06,0.98,1.06,8.90,88.76,0.85,0.85,9.54,88.89,0.80,0.98,9.32,88.17,0.76,0.89,10.17,100.00,0.00,0.00,0.00,99.73,0.23,0.02,0.01,0.01
661,51.08.04.2002,Tirtasari,Banjar,Buleleng,Bali,69.27,3.22,3.35,24.16,67.90,3.56,3.42,25.12,68.38,3.42,3.35,24.85,66.60,3.63,3.83,25.94,100.00,0.00,0.00,0.00,99.60,0.35,0.02,0.01,0.01
662,51.02.04.2005,Tista,Kerambitan,Tabanan,Bali,88.18,2.83,1.31,7.68,87.58,3.13,1.11,8.18,87.88,3.03,1.21,7.88,87.27,2.42,2.02,8.28,100.00,0.00,0.00,0.00,99.50,0.43,0.03,0.02,0.01
663,51.07.05.2004,Tista,Abang,Karangasem,Bali,91.71,2.40,1.62,4.26,90.71,2.67,1.82,4.81,91.26,2.39,1.87,4.48,90.30,2.59,1.97,5.14,100.00,0.00,0.00,0.00,99.38,0.53,0.04,0.03,0.02
664,51.08.03.2002,Tista,Busungbiu,Buleleng,Bali,90.05,1.38,1.10,7.46,89.33,1.52,1.12,8.04,89.71,1.44,1.12,7.73,88.81,1.49,1.19,8.51,100.00,0.00,0.00,0.00,99.63,0.33,0.02,0.02,0.01
665,51.08.03.2006,Titab,Busungbiu,Buleleng,Bali,79.81,1.88,1.66,16.65,79.31,1.88,1.35,17.46,79.60,1.88,1.52,17.00,78.89,1.66,1.66,17.78,100.00,0.00,0.00,0.00,99.65,0.33,0.01,0.01,0.00
666,51.07.05.2002,Tiyingtali,Abang,Karangasem,Bali,84.56,2.49,2.07,10.88,83.16,2.78,2.15,11.92,83.85,2.68,2.05,11.42,82.33,2.84,2.18,12.65,100.00,0.00,0.00,0.00,99.50,0.41,0.04,0.03,0.02
667,51.05.02.2013,Tohpati,Banjarangkan,Klungkung,Bali,96.66,0.75,0.25,2.34,96.08,1.00,0.33,2.59,96.08,1.17,0.33,2.42,95.33,1.34,0.58,2.75,100.00,0.00,0.00,0.00,99.72,0.27,0.01,0.01,0.00
668,51.05.03.2002,Tojan,Klungkung,Klungkung,Bali,87.04,8.05,4.36,0.55,85.20,7.25,6.20,1.35,86.55,7.37,5.34,0.74,83.85,7.49,6.51,2.15,30.00,15.00,5.00,50.00,99.35,0.57,0.04,0.03,0.01
669,51.71.04.1004,Tonja,Denpasar Utara,Kota Denpasar,Bali,89.24,6.76,2.77,1.23,87.23,7.59,3.16,2.02,88.77,6.80,3.04,1.38,86.40,8.11,3.32,2.17,96.67,3.33,0.00,0.00,99.37,0.51,0.05,0.04,0.02
670,51.07.02.2007,Tri Eka Buana,Sidemen,Karangasem,Bali,92.06,1.81,1.53,4.60,91.06,2.14,1.61,5.19,91.65,1.96,1.67,4.73,90.75,2.02,1.57,5.66,100.00,0.00,0.00,0.00,99.70,0.27,0.02,0.01,0.01
671,51.07.05.2014,Tri Buana,Abang,Karangasem,Bali,89.07,2.05,1.68,7.20,88.04,2.21,1.90,7.86,88.45,2.10,1.86,7.59,87.78,2.15,2.05,8.02,100.00,0.00,0.00,0.00,99.65,0.31,0.02,0.02,0.01
672,51.02.07.2011,Tua,Marga,Tabanan,Bali,92.88,2.03,1.18,3.91,92.24,2.12,1.49,4.15,92.53,2.07,1.34,4.05,91.25,2.78,1.41,4.55,100.00,0.00,0.00,0.00,99.52,0.41,0.03,0.02,0.02
673,51.03.01.1001,Tuban,Kuta,Badung,Bali,81.72,16.59,1.45,0.23,80.31,15.47,3.92,0.30,80.73,16.34,2.61,0.31,78.37,15.97,5.18,0.48,0.00,0.68,0.00,99.32,99.31,0.54,0.06,0.05,0.04
674,51.01.04.2009,Tukadaya,Melaya,Jembrana,Bali,87.71,2.65,2.28,7.36,86.39,2.72,2.35,8.54,87.03,2.67,2.36,7.94,85.62,2.69,2.43,9.26,99.20,0.80,0.00,0.00,99.57,0.36,0.02,0.02,0.02
675,51.08.06.2003,Tukadmungga,Buleleng,Buleleng,Bali,70.28,21.29,6.31,2.13,67.15,20.80,8.88,3.17,67.79,21.00,8.11,3.09,65.30,17.47,12.97,4.26,100.00,0.00,0.00,0.00,99.35,0.56,0.05,0.03,0.01
676,51.08.01.2014,Tukadsumaga,Gerokgak,Buleleng,Bali,90.00,2.00,1.78,6.22,89.14,2.15,1.88,6.83,89.54,2.11,1.85,6.50,88.65,2.16,1.89,7.29,100.00,0.00,0.00,0.00,99.65,0.32,0.02,0.01,0.00
677,51.07.08.2007,Tulamben,Kubu,Karangasem,Bali,95.71,1.21,0.98,2.10,95.17,1.39,1.06,2.37,95.25,1.36,1.08,2.31,93.61,2.02,1.34,3.04,97.86,2.14,0.00,0.00,99.46,0.49,0.03,0.02,0.01
678,51.04.03.2001,Tulikup,Gianyar,Gianyar,Bali,90.43,3.21,2.76,3.60,88.83,3.70,3.01,4.46,89.85,3.32,2.87,3.97,87.92,4.14,3.07,4.88,74.32,4.73,2.03,18.92,99.45,0.45,0.04,0.04,0.02
679,51.03.02.2019,Tumbakbayuh,Mengwi,Badung,Bali,86.96,5.92,3.77,3.35,83.87,6.63,4.64,4.86,85.51,6.05,4.38,4.06,82.07,6.92,5.18,5.83,74.65,15.49,4.23,5.63,99.35,0.56,0.04,0.03,0.02
680,51.07.04.2005,Tumbu,Karangasem,Karangasem,Bali,80.59,3.92,3.76,11.72,79.50,4.04,3.56,12.90,80.11,4.10,3.65,12.13,78.73,4.04,3.58,13.65,89.42,5.77,3.85,0.96,99.39,0.53,0.04,0.03,0.02
681,51.02.05.2010,Tunjuk,Tabanan,Tabanan,Bali,87.57,4.25,3.05,5.13,86.79,4.37,3.05,5.80,87.61,4.23,2.73,5.43,86.25,4.52,3.09,6.14,100.00,0.00,0.00,0.00,99.41,0.50,0.04,0.03,0.02
682,51.08.08.2005,Tunjung,Kubutambahan,Buleleng,Bali,96.27,0.90,0.63,2.19,95.66,1.07,0.79,2.48,95.93,0.97,0.79,2.31,95.50,1.05,0.71,2.75,100.00,0.00,0.00,0.00,99.54,0.36,0.04,0.04,0.02
683,51.05.02.2004,Tusan,Banjarangkan,Klungkung,Bali,94.03,2.38,1.09,2.49,92.69,3.03,1.12,3.17,93.81,2.41,1.04,2.75,92.10,3.14,1.34,3.42,100.00,0.00,0.00,0.00,99.53,0.38,0.04,0.03,0.02
684,51.01.04.2008,Tuwed,Melaya,Jembrana,Bali,74.44,15.52,5.33,4.71,72.17,15.76,5.98,6.08,73.33,15.78,5.78,5.11,71.11,15.82,6.26,6.81,43.58,14.68,7.80,33.94,99.62,0.31,0.02,0.02,0.03
685,51.04.05.1005,Ubud,Ubud,Gianyar,Bali,90.98,3.52,1.71,3.79,89.60,3.83,2.20,4.38,90.53,3.48,1.99,4.00,88.65,4.23,2.28,4.84,100.00,0.00,0.00,0.00,99.42,0.50,0.03,0.03,0.02
686,51.71.04.1007,Ubung,Denpasar Utara,Kota Denpasar,Bali,88.11,4.99,3.21,3.69,87.06,4.75,3.50,4.70,87.54,4.84,3.64,3.98,86.86,4.51,3.64,4.99,95.65,4.35,0.00,0.00,99.45,0.46,0.04,0.03,0.02
687,51.71.04.2008,Ubung Kaja,Denpasar Utara,Kota Denpasar,Bali,88.39,4.14,3.31,4.16,87.24,4.39,3.06,5.31,87.84,4.14,3.42,4.61,87.00,4.32,3.17,5.51,100.00,0.00,0.00,0.00,99.42,0.48,0.04,0.03,0.02
688,51.07.03.2003,Ulakan,Manggis,Karangasem,Bali,87.86,3.64,3.04,5.46,86.06,3.83,3.29,6.83,86.06,3.66,3.51,6.77,84.61,3.91,3.54,7.94,87.50,3.79,1.52,7.20,99.64,0.31,0.02,0.02,0.01
689,51.08.02.2002,Ularan,Seririt,Buleleng,Bali,88.50,0.69,0.61,10.20,88.24,0.76,0.56,10.44,88.34,0.73,0.58,10.35,87.85,0.91,0.49,10.74,100.00,0.00,0.00,0.00,99.78,0.18,0.01,0.01,0.01
690,51.06.04.2003,Ulian,Kintamani,Bangli,Bali,92.74,0.55,0.44,6.27,92.21,0.61,0.55,6.63,92.36,0.55,0.59,6.50,91.91,0.59,0.55,6.95,100.00,0.00,0.00,0.00,99.71,0.25,0.02,0.02,0.01
691,51.08.02.2021,Umeanyar,Seririt,Buleleng,Bali,86.22,9.02,2.71,2.05,80.77,13.24,3.49,2.50,84.58,10.17,2.91,2.34,84.09,10.21,3.20,2.50,100.00,0.00,0.00,0.00,99.45,0.50,0.02,0.02,0.01
692,51.08.03.2014,Umejero,Busungbiu,Buleleng,Bali,92.44,0.78,0.75,6.03,91.92,0.84,0.79,6.45,92.18,0.85,0.81,6.16,91.51,0.75,0.87,6.87,100.00,0.00,0.00,0.00,99.66,0.30,0.02,0.01,0.01
693,51.06.03.2004,Undisan,Tembuku,Bangli,Bali,93.77,1.10,0.71,4.42,91.15,1.78,0.98,6.08,92.85,1.28,1.01,4.87,89.28,2.05,1.60,7.06,100.00,0.00,0.00,0.00,99.68,0.27,0.02,0.02,0.01
694,51.03.05.2002,Ungasan,Kuta Selatan,Badung,Bali,93.01,2.40,1.78,2.81,92.47,2.55,1.97,3.01,92.56,2.52,1.94,2.98,91.85,2.69,2.08,3.38,97.07,2.44,0.49,0.00,99.52,0.38,0.04,0.04,0.02
695,51.08.02.2001,Unggahan,Seririt,Buleleng,Bali,90.53,0.89,0.87,7.70,90.21,0.95,0.81,8.04,90.39,0.91,0.81,7.89,89.94,0.99,0.79,8.29,100.00,0.00,0.00,0.00,99.53,0.41,0.03,0.02,0.01
696,51.02.01.2002,Wanagiri,Selemadeg,Tabanan,Bali,91.67,1.17,0.91,6.25,91.34,1.16,1.06,6.45,91.56,1.16,1.00,6.28,91.01,1.25,1.01,6.73,100.00,0.00,0.00,0.00,99.76,0.22,0.01,0.01,0.00
697,51.08.05.2002,Wanagiri,Sukasada,Buleleng,Bali,96.26,0.68,0.54,2.52,95.92,0.76,0.56,2.76,96.08,0.72,0.59,2.62,95.55,0.79,0.73,2.93,100.00,0.00,0.00,0.00,99.56,0.41,0.02,0.01,0.00
698,51.02.01.2008,Wanagiri Kauh,Selemadeg,Tabanan,Bali,88.56,1.48,1.25,8.71,87.88,1.66,1.29,9.17,88.28,1.50,1.28,8.93,87.42,1.70,1.35,9.53,100.00,0.00,0.00,0.00,99.69,0.27,0.02,0.01,0.01
699,51.02.05.2009,Wanasari,Tabanan,Tabanan,Bali,87.44,3.61,3.36,5.59,86.33,3.73,3.09,6.86,86.86,3.82,3.25,6.07,85.40,3.88,3.30,7.41,100.00,0.00,0.00,0.00,99.49,0.44,0.03,0.03,0.02
700,51.01.04.2006,Warnasari,Melaya,Jembrana,Bali,85.24,5.52,3.88,5.36,83.27,6.14,4.18,6.42,84.20,5.85,3.96,5.99,81.94,6.40,4.58,7.08,100.00,0.00,0.00,0.00,99.66,0.29,0.02,0.02,0.01
701,51.03.02.2013,Werdi Bhuwana,Mengwi,Badung,Bali,92.57,2.53,1.98,2.92,91.58,2.66,2.01,3.75,92.18,2.53,1.98,3.31,90.77,3.13,1.96,4.15,100.00,0.00,0.00,0.00,99.44,0.47,0.04,0.04,0.02
702,51.07.02.2010,Wisma Kerta,Sidemen,Karangasem,Bali,75.19,3.69,4.07,17.05,73.38,3.72,3.69,19.21,74.47,3.62,3.90,18.01,72.23,4.00,3.43,20.34,100.00,0.00,0.00,0.00,99.63,0.34,0.02,0.01,0.00
703,51.02.08.2014,Wongaya Gede,Penebel,Tabanan,Bali,91.89,1.01,0.91,6.18,91.30,1.13,0.96,6.60,91.57,1.15,0.86,6.42,91.03,1.20,0.97,6.80,100.00,0.00,0.00,0.00,99.83,0.15,0.01,0.01,0.01
704,51.06.03.2003,Yangapi,Tembuku,Bangli,Bali,91.88,1.25,1.13,5.75,91.22,1.38,1.13,6.27,91.60,1.37,1.03,6.00,90.67,1.47,1.13,6.72,100.00,0.00,0.00,0.00,99.63,0.33,0.02,0.02,0.01
705,51.01.02.2009,Yeh Sumbul,Mendoyo,Jembrana,Bali,89.25,1.69,1.34,7.72,88.28,1.73,1.62,8.37,88.61,1.79,1.48,8.13,87.90,1.55,1.68,8.87,95.62,2.43,0.73,1.22,99.71,0.26,0.02,0.01,0.00
706,51.01.02.2008,Yehembang,Mendoyo,Jembrana,Bali,89.37,1.79,1.25,7.59,88.59,2.01,1.26,8.14,88.99,1.90,1.26,7.85,88.09,2.10,1.26,8.55,93.24,4.61,0.61,1.54,99.81,0.16,0.01,0.01,0.01
707,51.01.02.2011,Yehembang Kangin,Mendoyo,Jembrana,Bali,89.23,1.22,1.01,8.54,88.63,1.08,1.06,9.23,88.86,1.18,1.00,8.95,88.21,1.15,1.02,9.62,97.98,1.34,0.19,0.48,99.55,0.37,0.03,0.03,0.02
708,51.01.02.2010,Yehembang Kauh,Mendoyo,Jembrana,Bali,90.07,1.03,0.93,7.97,89.52,1.04,0.96,8.48,89.73,1.05,0.95,8.27,89.16,1.03,1.02,8.79,100.00,0.00,0.00,0.00,99.52,0.39,0.03,0.03,0.03
709,51.01.05.2008,Yehkuning,Jembrana,Jembrana,Bali,78.96,16.06,2.93,2.05,75.67,17.89,3.37,3.07,77.28,17.05,2.96,2.71,73.62,17.31,6.00,3.07,0.00,0.00,19.35,80.65,99.42,0.48,0.04,0.04,0.03
710,51.01.04.1001,Gilimanuk,Melaya,Jembrana,Bali,90.85,3.05,1.75,4.35,90.03,3.28,1.95,4.74,90.63,3.12,1.73,4.52,89.69,3.28,2.04,5.00,70.19,13.70,5.93,10.19,99.68,0.29,0.02,0.01,0.01
711,51.08.01.2003,Sumberkima,Gerokgak,Buleleng,Bali,86.12,5.48,2.87,5.53,84.21,5.62,3.76,6.40,85.22,5.48,3.38,5.92,82.91,5.86,4.24,6.99,92.56,7.44,0.00,0.00,99.72,0.24,0.02,0.01,0.01
712,51.08.03.2003,Bongancina,Busungbiu,Buleleng,Bali,84.93,2.21,2.12,10.74,83.91,2.14,2.14,11.81,84.40,2.19,2.00,11.41,83.09,1.99,2.16,12.76,100.00,0.00,0.00,0.00,99.66,0.28,0.03,0.02,0.01
713,51.02.10.2008,Bantiran,Pupuan,Tabanan,Bali,89.92,1.32,1.17,7.59,89.22,1.26,1.37,8.15,89.58,1.34,1.16,7.92,88.75,1.28,1.28,8.69,100.00,0.00,0.00,0.00,99.69,0.26,0.02,0.02,0.01
1541,51.07.08.2004,Tianyar,Kubu,Karangasem,Bali,91.31,3.92,2.05,2.71,89.62,4.49,2.69,3.20,88.73,4.98,2.69,3.60,85.65,6.32,3.48,4.55,95.47,4.53,0.00,0.00,99.22,0.66,0.06,0.05,0.03
1542,51.07.02.2001,Tangkup,Sidemen,Karangasem,Bali,87.04,1.15,1.19,10.62,83.75,0.87,1.15,14.22,85.26,1.29,1.64,11.81,82.11,1.12,0.87,15.90,100.00,0.00,0.00,0.00,99.70,0.26,0.02,0.01,0.01
1543,51.07.01.2006,Pesaban,Rendang,Karangasem,Bali,93.44,0.57,0.51,5.47,92.56,0.66,0.48,6.30,93.16,0.37,0.60,5.87,92.02,0.51,0.60,6.87,100.00,0.00,0.00,0.00,99.76,0.23,0.01,0.00,0.00