Regency/City,Province,Exposure,Year,Climate Change Scenario,CV,AAL,Lognormal_Mean,Lognormal_Median,VaR_95%,TVaR_95%,VaR_99%,TVaR_99%,PML_25,PML_50,PML_100,PML_250,Prob_Any_Loss (%),μ,σ
Badung,Bali,Rice Field,2022,0,0.15,13281105463.1441,13281105463.1441,13134167998.781,16786482342.4613,247727788549.405,18582680107.9388,1308542810647.29,17053587338.1285,17842216618.2802,18582680107.9388,19507845767.2121,3.9239,23.2984829157694,0.14916638004195
Badung,Bali,Rice Field,2022,0,0.25,13294535569.6982,13294535569.6982,12897593975.858,19337336372.2019,244363789897.32,22870222322.2414,1304517084589.57,19847853996.3136,21385566412.7399,22870222322.2414,24779958568.0732,3.9239,23.2803066174188,0.246220677069239
Badung,Bali,Rice Field,2022,0,0.35,13308257203.8113,13308257203.8113,12561109770.4855,21971693565.7454,240623693538.773,27699691006.8149,1299559359325.71,22776550402.5968,25248186024.5621,27699691006.8149,30942998656.9628,3.9239,23.2538713516059,0.339938730706391
Badung,Bali,Rice Field,2022,0,0.45,13322027686.1008,13322027686.1008,12148643539.4934,24619845313.4222,236572397680.433,32989886306.3417,1293677036282.64,25764550931.4213,29345558775.8065,32989886306.3417,37942543479.872,3.9239,23.2204833576604,0.429421381626228
Badung,Bali,Rice Field,2022,0,0.55,13335644375.6505,13335644375.6506,11684903754.3993,27218467074.9272,232286474698.295,38638262669.5318,1286925752021.38,28740370400.8263,33585803053.8907,38638262669.5318,45681457626.8738,3.9239,23.1815635682237,0.514087049676788
Badung,Bali,Rice Field,2022,0,0.65,13348952518.831,13348952518.831,11192344023.7142,29716165363.5557,227844812335.528,44534211873.6876,1279397837286.6,31643040065.5168,37880268015.8671,44534211873.6876,54034423146.8976,3.9239,23.1384958121962,0.59364626421662
Badung,Bali,Rice Field,2022,0,0.75,13361844179.9301,13361844179.9301,10689475343.9441,32075726340.269,223321177231.117,50570575733.1986,1271207908130.29,34425605266.9577,42151105727.9202,50570575733.1986,62863614835.0973,3.9239,23.0925254816343,0.668047230836577
Badung,Bali,Rice Field,2022,0,0.85,13374251779.2987,13374251779.2987,10190368276.2621,34273692834.2086,218779568121.378,56651600860.0836,1262479273555.85,37055627170.3405,46335224021.844,56651600860.0836,72032079423.2138,3.9239,23.0447088244761,0.737412180470106
Badung,Bali,Rice Field,2022,0,0.95,13386139526.1514,13386139526.1514,9704943574.4756,36298336920.0751,214272197721.197,62697110396.2528,1253333296264.04,39513691173.831,50385174356.6955,62697110396.2528,81413182365.8381,3.9239,22.995901239483,0.801978061267079
Bangli,Bali,Rice Field,2022,0,0.15,2815438072.29975,2815438072.29974,2784289058.94666,3558536721.06631,52515376026.8011,3939309510.52566,277395677532.579,3615159836.98012,3782339964.14883,3939309510.52566,4135433743.37139,3.9239,21.7472584026734,0.14916638004195
Bangli,Bali,Rice Field,2022,0,0.25,2818287473.30065,2818287473.30066,2734140455.47617,4099291214.7299,51802291579.5264,4848222094.29293,276542504168.797,4207515034.7641,4533492246.8324,4848222094.29293,5253064046.89212,3.9239,21.7290829475482,0.246220677069239
Bangli,Bali,Rice Field,2022,0,0.35,2821198476.7808,2821198476.7808,2662811757.27664,4657748003.41427,51009473839.636,5872018017.00566,275491736360.938,4828368457.12037,5352326969.87353,5872018017.00566,6559562183.17253,3.9239,21.7026484530621,0.339938730706391
Bangli,Bali,Rice Field,2022,0,0.45,2824119408.63268,2824119408.63268,2575375221.91455,5219129146.51212,50150676426.9179,6993483304.61206,274244920724.794,5461793809.06458,6220927027.67705,6993483304.61206,8043390689.40631,3.9239,21.6692610776947,0.429421381626228
Bangli,Bali,Rice Field,2022,0,0.55,2827007130.98292,2827007130.98292,2477068622.10956,5770009933.35869,49242128981.9322,8190878597.13781,272813834527.025,6092636379.7297,7119813790.66317,8190878597.13781,9683956982.28613,3.9239,21.6303416907879,0.514087049676788
Bangli,Bali,Rice Field,2022,0,0.65,2829828713.28486,2829828713.28486,2372651819.87794,6299494876.16239,48300553261.4285,9440755093.39732,271218039809.556,6707970773.48989,8030193376.37243,9440755093.39732,11454693685.6035,3.9239,21.5872740779196,0.59364626421662
Bangli,Bali,Rice Field,2022,0,0.75,2832561203.29591,2832561203.29591,2266048962.63673,6799694471.47512,47341586534.0934,10720395247.9369,269481828511.464,7297842465.90982,8935561974.31688,10720395247.9369,13326381754.1214,3.9239,21.5413036068372,0.668047230836577
Bangli,Bali,Rice Field,2022,0,0.85,2835190249.00613,2835190249.00612,2160242924.04599,7265635590.27555,46378796246.3515,12009499222.8056,267631340057.332,7855374233.85223,9822543907.5093,12009499222.8056,15269986879.7474,3.9239,21.4934865171549,0.737412180470106
Bangli,Bali,Rice Field,2022,0,0.95,2837708271.93083,2837708271.93083,2057336889.85603,7694831712.62323,45423251918.9239,13291069351.9985,265692304741.526,8376449989.89024,10681079916.6814,13291069351.9985,17258662259.751,3.9239,21.4446782114828,0.801978061267079
Buleleng,Bali,Rice Field,2022,0,0.15,12481502527.189,12481502527.1891,12343411587.5548,15775834501.2376,232813076246.92,17463890289.316,1229760613177.35,16026858159.4487,16768007183.5676,17463890289.316,18333355376.1141,3.9239,23.2363882829802,0.14916638004195
Buleleng,Bali,Rice Field,2022,0,0.25,12494122192.6269,12494122192.6269,12121078941.0763,18173108962.5198,229651576350.616,21493293298.4822,1225977076956.4,18652890263.92,20098022869.5102,21493293298.4822,23288051594.9281,3.9239,23.2182118351663,0.246220677069239
Buleleng,Bali,Rice Field,2022,0,0.35,12507016431.5083,12507016431.5083,11804851972.0862,20648859444.657,226136634031.824,26031995419.4093,1221317713648.65,21405258838.6084,23728086453.3142,26031995419.4093,29080035553.5615,3.9239,23.1917764679801,0.339938730706391
Buleleng,Bali,Rice Field,2022,0,0.45,12519957615.4824,12519957615.4824,11417218593.4393,23137575381.6646,222329247599.619,31003687128.3424,1215789521236.33,24213362503.3583,27578771094.964,31003687128.3424,35658163110.3513,3.9239,23.1583884557688,0.429421381626228
Buleleng,Bali,Rice Field,2022,0,0.55,12532755522.6804,12532755522.6804,10981399768.5277,25579745825.7841,218301382116.528,36311998596.9728,1209444806084.88,27010021092.2328,31563728519.6255,36311998596.9728,42931149349.0816,3.9239,23.1194687483749,0.514087049676788
Buleleng,Bali,Rice Field,2022,0,0.65,12545264760.7422,12545264760.7422,10518497153.4457,27927072302.7824,214127175228.063,41852982702.4455,1202370341825.66,29737937482.1123,35599646548.7873,41852982702.4455,50781223741.3794,3.9239,23.0764011779147,0.59364626421662
Buleleng,Bali,Rice Field,2022,0,0.75,12557383818.6282,12557383818.6283,10045907054.9026,30144581952.3208,209875949723.41,47525934359.018,1194673833994.01,32352984565.9405,39613365182.0391,47525934359.018,59078861351.8215,3.9239,23.0304311302807,0.668047230836577
Buleleng,Bali,Rice Field,2022,0,0.85,12569049045.1896,12569049045.1896,9576852654.37694,32210230022.7159,205607847615.022,53240866214.3663,1186471151412.02,34824676773.7081,43545591399.128,53240866214.3663,67695356273.967,3.9239,22.9826148420043,0.737412180470106
Buleleng,Bali,Rice Field,2022,0,0.95,12580226636.635,12580226636.635,9120657186.04971,34112994571.3904,201371934305.358,58922429181.7724,1177876331517.33,37134768335.9843,47351733581.9845,58922429181.7724,76511699536.0048,3.9239,22.9338076983103,0.801978061267079
Denpasar CIty,Bali,Rice Field,2022,0,0.15,4344798657.01237,4344798657.01237,4296729337.8129,5491552351.56316,81042001057.8919,6079162898.05211,428078450406.161,5578933438.15095,5836926678.75824,6079162898.05211,6381822832.88054,3.9239,22.1811199511151,0.14916638004195
Denpasar CIty,Bali,Rice Field,2022,0,0.25,4349183607.70726,4349183607.70725,4219327858.7722,6326029662.77304,79941340091.7148,7481780428.28546,426760625862.151,6493040753.20128,6996089062.02166,7481780428.28546,8106532871.26264,3.9239,22.1629416771362,0.246220677069239
Denpasar CIty,Bali,Rice Field,2022,0,0.35,4353667166.63522,4353667166.63522,4109245136.06501,7187826280.15046,78717705709.3726,9061685043.76174,425138230133.509,7451127381.92344,8259698984.53376,9061685043.76174,10122701660.0999,3.9239,22.136505183395,0.339938730706391
Denpasar CIty,Bali,Rice Field,2022,0,0.45,4358171567.10717,4358171567.10717,3974310375.28772,8054142534.43413,77392355084.8741,10792319899.8003,423213838718.322,8428621825.02114,9600113653.19607,10792319899.8003,12412533442.6553,3.9239,22.1031170795078,0.429421381626228
Denpasar CIty,Bali,Rice Field,2022,0,0.55,4362631520.8585,4362631520.85849,3822607142.2704,8904267320.39586,75990350960.3333,12640146803.9362,421005741651.617,9402143780.97321,10987281823.7252,12640146803.9362,14944262260.4458,3.9239,22.0641985247456,0.514087049676788
Denpasar CIty,Bali,Rice Field,2022,0,0.65,4366996848.7533,4366996848.7533,3661480630.24221,9721392020.58108,74537502180.0714,14568990536.1305,418544175346.4,10351752772.8226,12392209113.1767,14568990536.1305,17676904257.0066,3.9239,22.0211334463359,0.59364626421662
Denpasar CIty,Bali,Rice Field,2022,0,0.75,4371232252.07036,4371232252.07036,3496985801.65629,10493345648.9312,73057934169.6893,16543804034.3829,415866622322.422,11262091820.0795,13789434327.865,16543804034.3829,20565384309.8732,3.9239,21.9751672348696,0.668047230836577
Denpasar CIty,Bali,Rice Field,2022,0,0.85,4375315332.97982,4375315332.97982,3333724779.79314,11212456311.5721,71572572039.1931,18533269895.8634,413013379313.528,12122551332.7426,15158322085.2492,18533269895.8634,23564911650.2076,3.9239,21.9273560683154,0.737412180470106
Denpasar CIty,Bali,Rice Field,2022,0,0.95,4379233911.07731,4379233911.07731,3174942105.1085,11874888024.7032,70098483033.7794,20511164659.3427,410024089630.853,12926781168.1047,16483353077.81,20511164659.3427,26634069391.6031,3.9239,21.8785552345133,0.801978061267079
Gianyar,Bali,Rice Field,2022,0,0.15,17396871273.5628,17396871273.5628,17204398428.5965,21988551574.8776,324497720482.533,24341384431.6446,1714055422265.11,22338431427.8043,23371454025.7676,24341384431.6446,25553255531.2126,3.9239,23.5684309106671,0.14916638004195
Gianyar,Bali,Rice Field,2022,0,0.25,17414478005.1429,17414478005.1429,16894525230.6352,25329927259.6859,320091500911.066,29957645493.9256,1708783579375.09,25998652984.6066,28012898530.3575,29957645493.9256,32459204098.5348,3.9239,23.550255455542,0.246220677069239
Gianyar,Bali,Rice Field,2022,0,0.35,17432465384.5562,17432465384.5562,16453778125.2747,28780687182.334,315192601411.209,36283782109.4198,1702290780804.39,29834967899.4151,33072559551.2211,36283782109.4198,40532185749.1149,3.9239,23.5238209610559,0.339938730706391
Gianyar,Bali,Rice Field,2022,0,0.45,17450514112.3638,17450514112.3638,15913499095.4262,32249516981.1372,309886006964.639,43213427424.0194,1694586583245.48,33748966014.8783,38439725514.6597,43213427424.0194,49700909355.2093,3.9239,23.4904335856885,0.429421381626228
Gianyar,Bali,Rice Field,2022,0,0.55,17468357635.3647,17468357635.3647,15306052858.5597,35653464036.5312,304272002131.128,50612251774.8691,1685743759597.92,37647004868.4837,43994036035.2977,50612251774.8691,59838131300.8027,3.9239,23.4515141987817,0.514087049676788
Gianyar,Bali,Rice Field,2022,0,0.65,17485792472.4431,17485792472.4431,14660851074.4776,38925204048.1029,298453912305.223,58335362692.211,1675883185660.25,41449217157.8479,49619361848.1743,58335362692.211,70779689131.5607,3.9239,23.4084465859134,0.59364626421662
Gianyar,Bali,Rice Field,2022,0,0.75,17502676799.4138,17502676799.4137,14002141439.531,42015986991.0344,292528361722.094,66242386208.0303,1665154963734.94,45094092888.5244,55213724270.3248,66242386208.0303,82345035467.0501,3.9239,23.3624761148309,0.668047230836577
Gianyar,Bali,Rice Field,2022,0,0.85,17518921933.7831,17518921933.7831,13348355426.1079,44895083407.5328,286579184979.734,74207887608.9233,1653720611920.75,48539137016.2021,60694473666.1446,74207887608.9233,94354764435.9894,3.9239,23.3146590251486,0.737412180470106
Gianyar,Bali,Rice Field,2022,0,0.95,17534481047.342,17534481047.342,12712488827.6949,47547128844.1051,280674781745.297,82126836629.6696,1641739120260.23,51758915828.1589,65999452874.2597,82126836629.6696,106642986979.832,3.9239,23.2658507194766,0.801978061267079
Jembrana,Bali,Rice Field,2022,0,0.15,7235974273.3323,7235974273.3323,7155918007.31808,9145816566.76649,134970082852.473,10124442996.3871,712936294322.308,9291343976.536,9721014623.92376,10124442996.3871,10628503063.3484,3.9239,22.6912055446343,0.14916638004195
Jembrana,Bali,Rice Field,2022,0,0.25,7243298256.16899,7243298256.16899,7027031479.5381,10535613981.3542,133137393476.791,12460445917.5288,710743619016.457,10813760697.8819,11651556768.756,12460445917.5288,13500932751.1347,3.9239,22.673030188944,0.246220677069239
Jembrana,Bali,Rice Field,2022,0,0.35,7250778886.21546,7250778886.21546,6843708241.91675,11970905683.6742,131099750321.511,15091708225.2804,708042940534.994,12409418320.5803,13756047192.2429,15091708225.2804,16858769552.0226,3.9239,22.6465955623068,0.339938730706391
Jembrana,Bali,Rice Field,2022,0,0.45,7258282835.519,7258282835.51901,6618984208.35312,13413708848.3899,128892493988.206,17973984979.2436,704838185928.114,14037382461.3425,15988434387.0098,17973984979.2436,20672356983.856,3.9239,22.6132077522748,0.429421381626228
Jembrana,Bali,Rice Field,2022,0,0.55,7265698962.52438,7265698962.52437,6366321018.61926,14829518725.6861,126557333915.22,21051400073.6515,701159601884.74,15658701861.0912,18298653408.1369,21051400073.6515,24888765022.274,3.9239,22.5742875915878,0.514087049676788
Jembrana,Bali,Rice Field,2022,0,0.65,7272942570.21276,7272942570.21277,6097952269.71605,16190331323.0911,124137248424.516,24263683978.9569,697057464390.077,17240155197.1059,20638399412.615,24263683978.9569,29439707408.3214,3.9239,22.5312188582788,0.59364626421662
Jembrana,Bali,Rice Field,2022,0,0.75,7279954761.97304,7279954761.97305,5823963809.57844,17475868867.3622,121672431270.756,27552447002.607,692594221249.134,18756157130.8717,22965253802.8629,27552447002.607,34250082998.3485,3.9239,22.4852469338068,0.668047230836577
Jembrana,Bali,Rice Field,2022,0,0.85,7286698843.38189,7286698843.3819,5552022345.44503,18673349511.7846,119197757922.665,30865513919.9531,687837077858.226,20189031887.4397,25244838280.2551,30865513919.9531,39245266088.9747,3.9239,22.4374280848987,0.737412180470106
Jembrana,Bali,Rice Field,2022,0,0.95,7293155580.31747,7293155580.31748,5287533664.8461,19776382723.9144,116741684296.975,34159197254.959,682852192432.945,21528200622.769,27451298771.1588,34159197254.959,44356254028.4924,3.9239,22.3886177481725,0.801978061267079
Karangasem,Bali,Rice Field,2022,0,0.15,6780046521.37492,6780046521.37492,6705034479.1259,8569552551.77847,126465822868.683,9486517216.00187,668015260929.868,8705910500.42525,9108508252.7272,9486517216.00187,9958817223.50189,3.9239,22.6261244959674,0.14916638004195
Karangasem,Bali,Rice Field,2022,0,0.25,6786908356.31786,6786908356.31787,6584268241.05546,9871779959.92278,124748596063.463,11675330979.1017,665960676545.95,10132401048.2613,10917408782.7507,11675330979.1017,12650258220.2414,3.9239,22.6079490408423,0.246220677069239
Karangasem,Bali,Rice Field,2022,0,0.35,6793918540.35049,6793918540.35049,6412496786.77982,11216637459.9724,122839358132.672,14140803067.6838,663430251639.594,11627520094.9012,12889299967.344,14140803067.6838,15796524597.4788,3.9239,22.5815145463562,0.339938730706391
Karangasem,Bali,Rice Field,2022,0,0.45,6800952633.56546,6800952633.56546,6201934962.22561,12568537295.3387,120771230096.771,16841479348.5396,660427710720.72,13152914454.0433,14981034414.7532,16841479348.5396,19369832212.0162,3.9239,22.5481271709888,0.429421381626228
Karangasem,Bali,Rice Field,2022,0,0.55,6807906752.73718,6807906752.73719,5965196201.53549,13895150513.8282,118583295649.025,19725007801.0652,656981415420.379,14672089043.1969,17145704321.8827,19725007801.0652,23320590673.5721,3.9239,22.509207784082,0.514087049676788
Karangasem,Bali,Rice Field,2022,0,0.65,6814701595.59284,6814701595.59284,5713743049.81859,15170238955.6223,116315823580.923,22734919783.8532,653138474412.563,16153917344.4276,19338050871.4117,22734919783.8532,27584821289.6593,3.9239,22.4661401712137,0.59364626421662
Karangasem,Bali,Rice Field,2022,0,0.75,6821281889.28722,6821281889.28722,5457025511.42978,16374803374.7654,114006471055.022,25816507641.7991,648957386755.969,17574427195.3093,21518330122.9603,25816507641.7991,32092159704.5611,3.9239,22.4201697001312,0.668047230836577
Karangasem,Bali,Rice Field,2022,0,0.85,6827613071.77618,6827613071.77618,5202226845.8347,17496867643.4737,111687910755.138,28920885964.4807,644501100563.876,18917057090.4525,23654331205.6449,28920885964.4807,36772686440.5524,3.9239,22.3723526104489,0.737412180470106
Karangasem,Bali,Rice Field,2022,0,0.95,6833676892.79904,6833676892.79905,4954411876.64654,18530443805.1877,109386799941.536,32007121524.7018,639831578695.467,20171894801.8047,25721829738.0164,32007121524.7018,41561749899.2717,3.9239,22.3235443047769,0.801978061267079
Klungkung,Bali,Rice Field,2022,0,0.15,3349556251.89128,3349556251.89128,3312497943.47257,4233628520.87032,62478094553.6157,4686637908.65694,330020551710.414,4300993636.72092,4499889590.30605,4686637908.65694,4919968968.83515,3.9239,21.92096840742,0.14916638004195
Klungkung,Bali,Rice Field,2022,0,0.25,3352946214.19613,3352946214.19612,3252835623.09305,4876969822.81898,61629730495.4623,5767980758.04643,329005522396.603,5005724838.44715,5393543352.1627,5767980758.04643,6249625482.07647,3.9239,21.9027929522949,0.246220677069239
Klungkung,Bali,Rice Field,2022,0,0.35,3356409465.61769,3356409465.61769,3167975121.50926,5541371731.12342,60686506901.4549,6986001522.67371,327755412896.868,5744360677.33205,6367719624.34325,6986001522.67371,7803980040.08236,3.9239,21.8763584578088,0.339938730706391
Klungkung,Bali,Rice Field,2022,0,0.45,3359884528.9274,3359884528.92741,3063950956.83403,6209252774.59503,59664786597.5421,8320220556.76978,326272063236.262,6497953472.92073,7401102238.09486,8320220556.76978,9569306402.14653,3.9239,21.8429710824414,0.429421381626228
Klungkung,Bali,Rice Field,2022,0,0.55,3363320082.54412,3363320082.54413,2946994562.29682,6864641433.92417,58583878157.5969,9744774315.39275,324569484952.658,7248473506.48854,8470517263.17588,9744774315.39275,11521105355.5751,3.9239,21.8040516955346,0.514087049676788
Klungkung,Bali,Rice Field,2022,0,0.65,3366676948.65057,3366676948.65058,2822768795.74259,7494575232.82379,57463675631.2931,11231765513.4333,322670951212.838,7980543299.07312,9553605420.18719,11231765513.4333,13627769413.7923,3.9239,21.7609840826663,0.59364626421662
Klungkung,Bali,Rice Field,2022,0,0.75,3369927820.72259,3369927820.72258,2695942256.57807,8089667946.15938,56322782841.4624,12754166848.4084,320605362391.919,8682319848.37753,10630731952.4123,12754166848.4084,15854536371.7219,3.9239,21.7150136115838,0.668047230836577
Klungkung,Bali,Rice Field,2022,0,0.85,3373055624.02319,3373055624.02319,2570063700.93293,8644002990.08966,55177341121.6482,14287827389.8505,318403816837.936,9345621249.78756,11685983676.4229,14287827389.8505,18166863808.01,3.9239,21.6671965219015,0.737412180470106
Klungkung,Bali,Rice Field,2022,0,0.95,3376051342.34952,3376051342.34952,2447635310.98906,9154622125.71952,54040519996.9411,15812524835.9457,316096926152.397,9965550550.85023,12707392985.7909,15812524835.9457,20532811799.4117,3.9239,21.6183882162295,0.801978061267079
Tabanan,Bali,Rice Field,2022,0,0.15,22614565247.9338,22614565247.9338,22364365677.9938,28583388729.9777,421821530852.494,31641886509.2709,2228137322846.94,29038205037.9522,30381053218.9197,31641886509.2709,33217223684.6923,3.9239,23.8307347111662,0.14916638004195
Tabanan,Bali,Rice Field,2022,0,0.25,22637433526.6171,22637433526.6171,21961536358.386,32926886720.684,416093440881.168,38942551610.3566,2221282468418.2,33796176867.7077,36414535548.0399,38942551610.3566,42194378429.8602,3.9239,23.8125584128156,0.246220677069239
Tabanan,Bali,Rice Field,2022,0,0.35,22660798207.4277,22660798207.4277,21388583750.0047,37412570747.8968,409724945926.541,47165988656.5591,2212840640908.28,38783050600.0996,42991658475.1867,47165988656.5591,52688570543.8073,3.9239,23.7861231470027,0.339938730706391
Tabanan,Bali,Rice Field,2022,0,0.45,22684246065.0699,22684246065.0699,20686251815.421,41921743621.3789,402826552206.126,56173933598.1498,2202824443187.68,43870905154.6379,49968510190.2236,56173933598.1498,64607131355.0881,3.9239,23.7527351530572,0.429421381626228
Tabanan,Bali,Rice Field,2022,0,0.55,22707432050.238,22707432050.2381,19896613207.6126,46346578703.3182,395528644272.472,65791775739.7338,2191328611093.19,48938018260.8237,57188638150.2053,65791775739.7338,77784662352.8803,3.9239,23.7138153636205,0.514087049676788
Tabanan,Bali,Rice Field,2022,0,0.65,22730092654.2909,22730092654.2908,19057901083.9122,50599565103.7793,387965549197.982,75831175573.2715,2178510361932.91,53880574639.6961,64501091044.8147,75831175573.2715,92007776858.7115,3.9239,23.670747607593,0.59364626421662
Tabanan,Bali,Rice Field,2022,0,0.75,22752044088.3705,22752044088.3705,18201635270.6964,54617336501.8333,380262874032.09,86109668183.6947,2164564859595.38,58618621670.4377,71773312349.7795,86109668183.6947,107041791314.315,3.9239,23.6247772770311,0.668047230836577
Tabanan,Bali,Rice Field,2022,0,0.85,22773171280.4006,22773171280.4007,17351774588.6078,58359950912.05,372529593408.138,96464208315.0033,2149702069998.77,63096923729.1478,78897871101.7295,96464208315.0033,122653506862.144,3.9239,23.576960619873,0.737412180470106
Tabanan,Bali,Rice Field,2022,0,0.95,22793413287.1822,22793413287.1822,16525211722.8904,61807438465.758,364854613166.895,106758273838.547,2134128644970.58,67282422364.3928,85793973715.5178,106758273838.547,138627294976.567,3.9239,23.5281530348798,0.801978061267079
Badung,Bali,Rice Field,2022,1,0.15,14804235065.954,14804235065.954,14640446233.1295,18711622403.5654,276138189266.825,20713815219.4318,1458611665756.67,19009360054.5556,19888432453.7364,20713815219.4318,21745082528.6809,3.9239,23.40705382542,0.14916638004195
Badung,Bali,Rice Field,2022,1,0.25,14819173667.5621,14819173667.5621,14376710191.9365,21554972301.6185,272387810884.186,25493015128.8275,1454121140786.38,22124036884.0102,23838096561.4108,25493015128.8275,27621762909.2858,3.9239,23.3888753864273,0.246220677069239
Badung,Bali,Rice Field,2022,1,0.35,14834449103.1384,14834449103.1384,14001618748.0835,24491408974.0812,268218436129.101,30876293576.2602,1448592920709.66,25388566851.2347,28143649825.2133,30876293576.2602,34491543982.4636,3.9239,23.3624387847407,0.339938730706391
Badung,Bali,Rice Field,2022,1,0.45,14849796966.2668,14849796966.2668,13541849201.0228,27443247594.1073,263702505065.549,36773164350.9884,1442035835788.14,28719227978.9226,32710905573.1083,36773164350.9884,42293791931.3666,3.9239,23.3290506682975,0.429421381626228
Badung,Bali,Rice Field,2022,1,0.55,14864995088.9915,14864995088.9915,13024945179.3746,30339919692.027,258925418852.2,43069353729.8032,1434512232391.56,32036357061.5416,37437470840.7418,43069353729.8032,50920272328.2973,3.9239,23.2901322156998,0.514087049676788
Badung,Bali,Rice Field,2022,1,0.65,14879872561.6926,14879872561.6926,12475934160.7182,33124153599.9271,253975116520.402,49641602693.6261,1426125139607.35,35272011266.4432,42224553565.8121,49641602693.6261,60231342439.5053,3.9239,23.2470673584031,0.59364626421662
Badung,Bali,Rice Field,2022,1,0.75,14894309023.9455,14894309023.9455,11915447219.1564,35754479235.5133,248933798394.958,56370495894.6048,1417002261245.87,38373864885.5518,46985400065.9306,56370495894.6048,70073418991.2641,3.9239,23.2011014809225,0.668047230836577
Badung,Bali,Rice Field,2022,1,0.85,14908227984.165,14908227984.165,11359165059.2571,38204756053.9057,243872758914.194,63149325676.4699,1407280881655.46,41305767759.4148,51649699348.7308,63149325676.4699,80293887085.1029,3.9239,23.1532907492334,0.737412180470106
Badung,Bali,Rice Field,2022,1,0.95,14921587725.7201,14921587725.7202,10818142649.4764,40461913428.6259,238850147141.633,69888740596.1335,1397096055456.01,44046082745.9228,56164572150.9441,69888740596.1335,90751627108.6687,3.9239,23.1044904366163,0.801978061267079
Bangli,Bali,Rice Field,2022,1,0.15,3158675478.76504,3158675478.76503,3123729007.86442,3992367224.02338,58917662635.1742,4419561018.4384,311213708856.987,4055893411.84045,4243454904.81737,4419561018.4384,4639595268.5881,3.9239,21.8622933199194,0.14916638004195
Bangli,Bali,Rice Field,2022,1,0.25,3161865676.55781,3161865676.55781,3067460272.5795,4599036937.45252,58117523234.9588,5439270187.12569,310255877132.583,4720454353.23918,5086171537.14721,5439270187.12569,5893466533.83651,3.9239,21.8441157833911,0.246220677069239
Bangli,Bali,Rice Field,2022,1,0.35,3165126974.1743,3165126974.1743,2987431543.5339,5225567774.06713,57227969927.3404,6587867805.62485,309076561998.254,5416988336.92921,6004821924.57372,6587867805.62485,7359229552.83312,3.9239,21.8176798396432,0.339938730706391
Bangli,Bali,Rice Field,2022,1,0.45,3168402505.04642,3168402505.04642,2889334381.40251,5855383384.78966,56264451260.4906,7846045727.95356,307677604270.064,6127630840.88774,6979308565.33644,7846045727.95356,9023945351.41863,3.9239,21.7842919946897,0.429421381626228
Bangli,Bali,Rice Field,2022,1,0.55,3171644574.94507,3171644574.94507,2779045433.23485,6473425730.67844,55245184751.2635,9189419928.20986,306072280032.332,6835383225.28534,7987782746.03241,9189419928.20986,10864517917.2895,3.9239,21.7453733363442,0.514087049676788
Bangli,Bali,Rice Field,2022,1,0.65,3174816573.45532,3174816573.45532,2661904688.93908,7067473958.1752,54188932454.3044,10591689029.0007,304282560907.34,7525747648.94818,9009164017.48021,10591689029.0007,12851149324.4033,3.9239,21.7023077519729,0.59364626421662
Bangli,Bali,Rice Field,2022,1,0.75,3177892793.3392,3177892793.3392,2542314234.67136,7628678961.16976,53113234233.6974,12027371821.8428,302335695259.111,8187558649.16675,10024940668.3873,12027371821.8428,14951067072.5956,3.9239,21.6563406191749,0.668047230836577
Bangli,Bali,Rice Field,2022,1,0.85,3180856971.16158,3180856971.16158,2423619990.49727,8151462719.42393,52033304433.8045,13473698753.1655,300260983904.379,8813102366.44297,11020109593.5958,13473698753.1655,17131705441.2899,3.9239,21.608528123267,0.737412180470106
Bangli,Bali,Rice Field,2022,1,0.95,3183700315.95047,3183700315.95048,2308180925.79845,8633036171.11965,50961553347.8985,14911603886.0772,298087256860.851,9397761828.84769,11983387384.0361,14911603886.0772,19362951799.0816,3.9239,21.5597255732471,0.801978061267079
Buleleng,Bali,Rice Field,2022,1,0.15,14321660456.1542,14321660456.1542,14163210658.5272,18101678435.5121,267136894816.783,20038605642.4121,1411065206765.97,18389710712.9987,19240127932.2171,20038605642.4121,21036256664.3527,3.9239,23.3739136409314,0.14916638004195
Buleleng,Bali,Rice Field,2022,1,0.25,14336106346.9202,14336106346.9202,13908066053.7505,20852335099.988,263508661956.514,24662007760.291,1406720494898.42,21402849626.2662,23061035323.4871,24662007760.291,26721363784.5221,3.9239,23.3557348004157,0.246220677069239
Buleleng,Bali,Rice Field,2022,1,0.35,14350882983.6352,14350882983.6352,13545200825.335,23693049997.8617,259475182676.52,29869803253.2624,1401372396877.8,24560962761.1441,27226236887.2596,29869803253.2624,33367205494.1713,3.9239,23.3292981389025,0.339938730706391
Buleleng,Bali,Rice Field,2022,1,0.45,14365736568.2844,14365736568.2844,13100424114.299,26548677157.7228,255106566694.071,35574465634.0128,1395029641551.12,27783064275.3511,31644624733.9794,35574465634.0128,40915136734.8687,3.9239,23.2959104417667,0.429421381626228
Buleleng,Bali,Rice Field,2022,1,0.55,14380453232.7007,14380453232.7007,12600381896.4729,29350954615.3971,250485442764.726,41665457900.6725,1387752632688.12,30992094629.8043,36217152804.4824,41665457900.6725,49260466648.6401,3.9239,23.2569929596884,0.514087049676788
Buleleng,Bali,Rice Field,2022,1,0.65,14394867915.8126,14394867915.8126,12069285111.5039,32044482499.2372,245696879530.159,48023550668.2801,1379641050751.88,34122331438.0153,40848257864.0364,48023550668.2801,58268121263.4077,3.9239,23.2139296417602,0.59364626421662
Buleleng,Bali,Rice Field,2022,1,0.75,14408863892.7535,14408863892.7535,11527091114.2028,34589145695.3483,240820384054.912,54533231558.8832,1370818390110.67,37123158602.7857,45454020955.7992,54533231558.8832,67789539959.3066,3.9239,23.16796585095,0.668047230836577
Buleleng,Bali,Rice Field,2022,1,0.85,14422366524.5897,14422366524.5897,10988968110.2227,36959657135.4573,235924907920.599,61091279369.6284,1361417379707.43,39959606389.0775,49966427645.4236,61091279369.6284,77677096865.9317,3.9239,23.1201577074343,0.737412180470106
Buleleng,Bali,Rice Field,2022,1,0.95,14435334633.9484,14435334633.9484,10465609433.3584,39143372073.2877,231066684372.617,67611260691.2085,1351568576145.17,42610743269.3655,54334324769.8723,67611260691.2085,87794283689.4532,3.9239,23.0713604265389,0.801978061267079
Denpasar CIty,Bali,Rice Field,2022,1,0.15,4786593767.32823,4786593767.32823,4733636582.9237,6049953596.01402,89282649848.326,6697314544.4669,471607041982.158,6146219912.92802,6430446855.2998,6697314544.4669,7030750054.8401,3.9239,22.2779595776481,0.14916638004195
Denpasar CIty,Bali,Rice Field,2022,1,0.25,4791414765.33025,4791414765.33025,4648355099.67074,6969269331.01054,88069888932.0177,8242538473.54675,470154251568.936,7153262345.9832,7707461320.31141,8242538473.54675,8930816631.00422,3.9239,22.2597792519579,0.246220677069239
Denpasar CIty,Bali,Rice Field,2022,1,0.35,4796348115.08873,4796348115.08873,4527073248.46689,7918684573.4534,86721723308.7338,9983077326.68623,468366292301.799,8208758135.54557,9099545311.88629,9983077326.68623,11151978129.8646,3.9239,22.2333414856242,0.339938730706391
Denpasar CIty,Bali,Rice Field,2022,1,0.45,4801310050.29345,4801310050.29345,4378417887.87597,8873087004.86586,85261602615.5053,11889681992.3242,466246182825.318,9285643315.19847,10576252324.4684,11889681992.3242,13674638698.8575,3.9239,22.199953283268,0.429421381626228
Denpasar CIty,Bali,Rice Field,2022,1,0.55,4806229800.22667,4806229800.22667,4211295011.71439,9809665276.53235,83717152725.1439,13925414043.7611,463814175439.312,10358166489.6688,12104483514.6391,13925414043.7611,16463815079.304,3.9239,22.161036041073,0.514087049676788
Denpasar CIty,Bali,Rice Field,2022,1,0.65,4811052574.61008,4811052574.61007,4033796318.86857,10709906539.7224,82116808000.6312,16050430503.1341,461103614710.234,11404365186.0277,13652304231.929,16050430503.1341,19474370759.1834,3.9239,22.1179737840952,0.59364626421662
Denpasar CIty,Bali,Rice Field,2022,1,0.75,4815739464.2467,4815739464.24669,3852591571.39736,11560405816.8278,80487138744.612,18226130615.5506,458155776104.671,12407325188.9646,15191671193.1482,18226130615.5506,22656662265.3255,3.9239,22.0720118942199,0.668047230836577
Denpasar CIty,Bali,Rice Field,2022,1,0.85,4820265424.68846,4820265424.68846,3672749749.10663,12352713203.8028,78851183994.9109,20418020939.4435,455015001371.998,13355360837.1431,16699855960.7944,20418020939.4435,25961358260.771,3.9239,22.0242064689026,0.737412180470106
Denpasar CIty,Bali,Rice Field,2022,1,0.95,4824616462.97276,4824616462.97276,3497844202.96553,13082603355.5826,77227730270.0623,22597217846.6862,451724893718.175,14241477505.7178,18159764524.8028,22597217846.6862,29342842212.1156,3.9239,21.9754126736617,0.801978061267079
Gianyar,Bali,Rice Field,2022,1,0.15,19517769273.5215,19517769273.5215,19301831561.4812,24669233309.1855,364058084845.774,27308906162.7362,1923020394169.27,25061767928.5142,26220729008.6034,27308906162.7362,28668519632.2318,3.9239,23.6834658279131,0.14916638004195
Gianyar,Bali,Rice Field,2022,1,0.25,19537481822.3018,19537481822.3018,18954141461.6318,28417905678.8373,359113944080.112,33609790319.5076,1917101856881.9,29168155941.3423,31427958717.1784,33609790319.5076,36416314623.6264,3.9239,23.6652882913849,0.246220677069239
Gianyar,Bali,Rice Field,2022,1,0.35,19557633703.9493,19557633703.9493,18459636002.2182,32289301899.8164,353617305906.513,40707088999.5062,1909814751622.96,33472108555.7285,37104390634.7213,40707088999.5062,45473409791.1304,3.9239,23.638852347637,0.339938730706391
Gianyar,Bali,Rice Field,2022,1,0.45,19577873534.2959,19577873534.2959,17853483901.523,36180995066.0136,347663628437.355,48481495252.4244,1901170452977.6,37863239117.0875,43125840303.2298,48481495252.4244,55759853929.2542,3.9239,23.6054645026835,0.429421381626228
Gianyar,Bali,Rice Field,2022,1,0.55,19597906605.9666,19597906605.9666,17171997544.907,39999940060.3374,341365479517.32,56782337762.1637,1891250995188.44,42236511342.8426,49357302354.1599,56782337762.1637,67132934485.7562,3.9239,23.566545844338,0.514087049676788
Gianyar,Bali,Rice Field,2022,1,0.65,19617506699.5739,19617506699.5739,16448173259.9928,43670623015.7638,334838791744.148,65447097707.47,1880192143090.21,46502341633.5083,55668518599.8402,65447097707.47,79408527118.2537,3.9239,23.5234802599667,0.59364626421662
Gianyar,Bali,Rice Field,2022,1,0.75,19636514967.5431,19636514967.5432,15709211974.0345,47138364427.3875,328191945678.799,74318324172.1821,1868162267028.5,50591737486.8598,61945103338.9561,74318324172.1821,92384127295.6467,3.9239,23.4775131271687,0.668047230836577
Gianyar,Bali,Rice Field,2022,1,0.85,19654830916.4945,19654830916.4945,14975788459.1913,50368697154.5528,321518952265.069,83255321824.9686,1855342419657.97,54457034199.478,68094350895.717,83255321824.9686,105858508198.43,3.9239,23.4297006312607,0.737412180470106
Gianyar,Bali,Rice Field,2022,1,0.95,19672400226.1396,19672400226.1396,14262479021.3938,53344387307.479,314896495936.779,92140280349.5317,1841910744519.32,58069703043.5904,74046539965.6347,92140280349.5317,119645600888.557,3.9239,23.3808980812408,0.801978061267079
Jembrana,Bali,Rice Field,2022,1,0.15,8289846928.73775,8289846928.73774,8198130987.54236,10477845347.8238,154627598791.999,11599002360.76,816770835083.653,10644567879.6287,11136817266.1064,11599002360.76,12176475502.6144,3.9239,22.8271720368885,0.14916638004195
Jembrana,Bali,Rice Field,2022,1,0.25,8298206717.50657,8298206717.50656,8050443011.64459,12070012806.4822,152527422429.344,14275175805.1523,814255780331.033,12388668599.7289,13348480654.5904,14275175805.1523,15467198351.6147,3.9239,22.808992959365,0.246220677069239
Jembrana,Bali,Rice Field,2022,1,0.35,8306754690.86673,8306754690.86671,7840399829.25716,13714302766.9523,150192618344.08,17289607097.5035,811159616080.086,14216678713.1488,15759425481.7485,17289607097.5035,19314016501.6947,3.9239,22.782555668638,0.339938730706391
Jembrana,Bali,Rice Field,2022,1,0.45,8315343029.99212,8315343029.99212,7582940131.95774,15367214657.5736,147663755435.137,20591626711.8915,807487312005.602,16081716992.0758,18316910411.6348,20591626711.8915,23682976187.9793,3.9239,22.7491668416001,0.429421381626228
Jembrana,Bali,Rice Field,2022,1,0.55,8323847609.82142,8323847609.82142,7293487697.12561,16989233195.0838,144988660671.068,24117245579.5743,803273808391.295,17939175395.4618,20963599403.1538,24117245579.5743,28513469703.4136,3.9239,22.7102476906618,0.514087049676788
Jembrana,Bali,Rice Field,2022,1,0.65,8332173004.1647,8332173004.1647,6986057265.2544,18548289124.5758,142216581548.475,27797443837.8019,798576825139.509,19751009214.5184,23644173286.7868,27797443837.8019,33727302663.2667,3.9239,22.6671821804423,0.59364626421662
Jembrana,Bali,Rice Field,2022,1,0.75,8340252056.04873,8340252056.04873,6672201644.83899,20021161671.7179,139393550955.987,31565354494.0967,793467894601.999,21487918976.0143,26310054321.6971,31565354494.0967,39238475304.673,3.9239,22.6212157240939,0.668047230836577
Jembrana,Bali,Rice Field,2022,1,0.85,8348042120.04878,8348042120.04876,6360701517.57717,21393214073.6614,136559493556.887,35361226777.5749,788023907823.082,23129662990.3168,28921872278.1163,35361226777.5749,44961530778.8989,3.9239,22.5734045097215,0.737412180470106
Jembrana,Bali,Rice Field,2022,1,0.95,8355519966.13252,8355519966.13252,6057747242.83288,22657128164.5896,133746971839.706,39135028938.7965,782320501044.689,24664126269.8283,31450018096.104,39135028938.7965,50817449604.137,3.9239,22.5246038258076,0.801978061267079
Karangasem,Bali,Rice Field,2022,1,0.15,7606619695.4067,7606619695.4067,7522462739.23167,9614289078.35311,141883601535.18,10643043298.9744,749454745568.758,9767270780.54821,10218950276.0106,10643043298.9744,11172922633.5578,3.9239,22.7411594132134,0.14916638004195
Karangasem,Bali,Rice Field,2022,1,0.25,7614302226.11487,7614302226.11486,7386958198.50522,11075251377.8359,139956731819.798,13098673799.2486,747148126320.049,11367644854.9428,12248353098.8777,13098673799.2486,14192454689.2763,3.9239,22.7229818766852,0.246220677069239
Karangasem,Bali,Rice Field,2022,1,0.35,7622155977.10922,7622155977.10923,7194235612.51973,12584042589.0925,137814538436.739,15864689278.1128,744308137917.259,13045015371.3113,14460617124.4697,15864689278.1128,17722257584.2092,3.9239,22.6965459329373,0.339938730706391
Karangasem,Bali,Rice Field,2022,1,0.45,7630044004.16747,7630044004.16748,6958001212.83269,14100744086.6676,135494224077.944,18894592485.5335,740939213353.834,14756361567.9511,16807344201.8061,18894592485.5335,21731172101.0389,3.9239,22.6631580879838,0.429421381626228
Karangasem,Bali,Rice Field,2022,1,0.55,7637851451.59622,7637851451.59621,6692406949.99762,15589093590.2611,133039659575.804,22129662602.3174,737073323664.836,16460747872.5343,19235918968.9076,22129662602.3174,26163579173.0857,3.9239,22.6242394296383,0.514087049676788
Karangasem,Bali,Rice Field,2022,1,0.65,7645490155.38334,7645490155.38335,6410312414.27054,17019661237.2626,130496027100.933,25506561505.6851,732763380197.419,18123261054.8303,21695576172.7404,25506561505.6851,30947720402.6792,3.9239,22.581173845267,0.59364626421662
Karangasem,Bali,Rice Field,2022,1,0.75,7652898208.19326,7652898208.19326,6122318566.55461,18371136897.7531,127905565584.328,28963926176.9868,728075001576.792,19717012810.1918,24141736511.4231,28963926176.9868,36004674119.3612,3.9239,22.535206712469,0.668047230836577
Karangasem,Bali,Rice Field,2022,1,0.85,7660036444.94976,7660036444.94976,5836482942.8776,19630087764.5669,125304913715.927,32446923716.8601,723078749078.147,21223426872.7189,26538269994.409,32446923716.8601,41256016612.5617,3.9239,22.487394216561,0.737412180470106
Karangasem,Bali,Rice Field,2022,1,0.95,7666883695.51965,7666883695.51964,5558486336.68598,20789797309.6215,122723957560.908,35909640155.3365,717844050213.734,22631384800.5692,28858004282.4582,35909640155.3365,46629231621.3789,3.9239,22.4385916665411,0.801978061267079
Klungkung,Bali,Rice Field,2022,1,0.15,3757909400.20601,3757909400.20601,3716333216.64923,4749761227.79718,70094962190.118,5257998172.85034,370254218848.686,4825339000.81055,5048482879.41192,5257998172.85034,5519775231.79916,3.9239,22.036003324666,0.14916638004195
Klungkung,Bali,Rice Field,2022,1,0.25,3761704812.03435,3761704812.03434,3649389711.15572,5471522559.16603,69143027939.9046,6471156883.28056,369114676383.765,5615974134.26478,6051071709.96197,6471156883.28056,7011519048.47239,3.9239,22.0178257881378,0.246220677069239
Klungkung,Bali,Rice Field,2022,1,0.35,3765584812.06989,3765584812.0699,3554178691.47713,6216912877.43752,68084717024.7264,7837655536.47551,367711632779.289,6444647932.0223,7143999726.66433,7837655536.47551,8755352710.58553,3.9239,21.9913898443899,0.339938730706391
Klungkung,Bali,Rice Field,2022,1,0.45,3769481745.55918,3769481745.55918,3437471467.14041,6966211125.973,66938408744.6352,9334523028.32028,366047278073.464,7290106784.55871,8303356720.54237,9334523028.32028,10735882584.6521,3.9239,21.9580019994364,0.429421381626228
Klungkung,Bali,Rice Field,2022,1,0.55,3773338870.17681,3773338870.1768,3306259546.87688,7701502597.65305,65725776670.815,10932749427.0357,364137406963.275,8132127231.49169,9503149047.73141,10932749427.0357,12925631102.2022,3.9239,21.9190833410909,0.514087049676788
Klungkung,Bali,Rice Field,2022,1,0.65,3777112630.12754,3777112630.12755,3166895972.77896,8408248014.61455,64469142216.7801,12601043707.631,362008159318.577,8953461038.87123,10718297076.3819,12601043707.631,15289147357.5842,3.9239,21.8760177567196,0.59364626421662
Klungkung,Bali,Rice Field,2022,1,0.75,3780772441.24028,3780772441.24028,3024617952.99223,9075919502.35484,63189372743.094,14309090608.6836,359691952804.293,9740824538.4142,11926777229.0965,14309090608.6836,17787441563.0644,3.9239,21.8300506239216,0.668047230836577
Klungkung,Bali,Rice Field,2022,1,0.85,3784298954.73541,3784298954.73541,2883406163.76893,9697880831.59733,61904568915.0772,16029800953.1074,357223646909.915,10485040470.4387,13110740154.0551,16029800953.1074,20381769938.7575,3.9239,21.7822381280137,0.737412180470106
Klungkung,Bali,Rice Field,2022,1,0.95,3787681711.90121,3787681711.90121,2746067095.76429,10270813826.1968,60629495389.0111,17740491795.4872,354637541010.378,11180615974.9375,14256761860.9512,17740491795.4872,23036307170.7365,3.9239,21.7334355779937,0.801978061267079
Tabanan,Bali,Rice Field,2022,1,0.15,25208092863.4919,25208092863.4918,24929199419.187,31861444584.8962,470197689187.125,35270702963.1996,2483668906793.14,32368421022.4954,33865272333.864,35270702963.1996,37026706024.6762,3.9239,23.9393056208169,0.14916638004195
Tabanan,Bali,Rice Field,2022,1,0.25,25233529750.6331,25233529750.6332,24480119639.7708,36702993503.4456,463811686389.845,43408544235.816,2476022610314.29,37671975201.8817,40590611344.1062,43408544235.816,47033295632.5399,3.9239,23.9211271818241,0.246220677069239
Tabanan,Bali,Rice Field,2022,1,0.35,25259540185.9459,25259540185.9459,23841428082.4683,41703047069.0253,456712232379.513,52574987649.3632,2466609365763.46,43230693649.8682,47921944980.6711,52574987649.3632,58730899627.1415,3.9239,23.8946905801375,0.339938730706391
Tabanan,Bali,Rice Field,2022,1,0.45,25285673948.1616,25285673948.1616,23058549846.1744,46729326489.7556,449022675363.7,62615956698.498,2455444208976.95,48902017742.5709,55698895732.3535,62615956698.498,72016273033.0427,3.9239,23.8613024636943,0.429421381626228
Tabanan,Bali,Rice Field,2022,1,0.55,25311552738.0678,25311552738.0678,22178385182.4029,51661670438.2364,440888433212.956,73336870399.2198,2442633301000.69,54550299979.5336,63747112723.0355,73336870399.2198,86705118350.7596,3.9239,23.8223840110966,0.514087049676788
Tabanan,Bali,Rice Field,2022,1,0.65,25336885537.2129,25336885537.2129,21243549935.6161,56402558879.3715,432459245191.664,84527847944.7631,2428352075877.12,60059849869.003,71898376556.7412,84527847944.7631,102559657202.388,3.9239,23.7793191537999,0.59364626421662
Tabanan,Bali,Rice Field,2022,1,0.75,25361467400.4074,25361467400.4075,20289173920.326,60881378121.817,423875078911.242,95985553386.693,2412817982835.91,65341569169.6692,80004966336.5681,95985553386.693,119318373784.571,3.9239,23.7333532763193,0.668047230836577
Tabanan,Bali,Rice Field,2022,1,0.85,25385168080.6664,25385168080.6664,19341957648.5921,65053617032.1099,415257331851.126,107528288954.303,2396264784485.26,70333902754.0667,87947159157.7524,107528288954.303,136721401206.794,3.9239,23.6855425446302,0.737412180470106
Tabanan,Bali,Rice Field,2022,1,0.95,25407916544.4846,25407916544.4847,18420725103.5655,68897019440.6758,406705018042.549,119003910381.795,2378922446735.93,75000007713.0438,95634914206.0888,119003910381.795,154528446317.998,3.9239,23.6367422320132,0.801978061267079
Badung,Bali,Rice Field,2025,0,0.15,11959632237.0091,11959632237.0091,11827315086.1139,15116223263.6436,223078813293.08,16733698914.2709,1178342482495.35,15356751247.23,16066911722.0583,16733698914.2709,17566810365.266,3.9239,23.1936775311147,0.14916638004195
Badung,Bali,Rice Field,2025,0,0.25,11971726044.6922,11971726044.6922,11614280236.0526,17413266696.5604,220049533325.657,20594629634.6848,1174717317160.21,17872987692.8157,19257697349.5363,20594629634.6848,22314346659.2364,3.9239,23.1755012327641,0.246220677069239
Badung,Bali,Rice Field,2025,0,0.35,11984082372.8712,11984082372.8712,11311276291.0132,19785504708.1575,216681577465.106,24943565009.6757,1170252886766.79,20510278093.8442,22735985369.8406,24943565009.6757,27864162759.2296,3.9239,23.1490659669512,0.339938730706391
Badung,Bali,Rice Field,2025,0,0.45,11996482688.8213,11996482688.8213,10939850550.397,22170164712.3939,213033386530.735,29707384589.2935,1164955856298.23,23200971842.7867,26425668535.0569,29707384589.2935,34167251168.6064,3.9239,23.1156779730057,0.429421381626228
Badung,Bali,Rice Field,2025,0,0.55,12008744514.4466,12008744514.4466,10522252986.7915,24510222976.1382,209173913928.491,34793746129.5606,1158876326464.19,25880696550.687,30244007475.4182,34793746129.5606,41136141474.3699,3.9239,23.076758183569,0.514087049676788
Badung,Bali,Rice Field,2025,0,0.65,12020728494.1415,12020728494.1415,10078703069.1961,26759399677.1213,205174198051.897,40103046952.8595,1152097441077.78,28494549877.246,34111172128.4275,40103046952.8595,48657984892.0828,3.9239,23.0336904275415,0.59364626421662
Badung,Bali,Rice Field,2025,0,0.75,12032337431.8234,12032337431.8234,9625869945.45879,28884183762.3467,201100665741.404,45538791139.1294,1144722411865.92,31000249163.8816,37957060448.6315,45538791139.1294,56608669858.3272,3.9239,22.9877200969796,0.668047230836577
Badung,Bali,Rice Field,2025,0,0.85,12043510472.035,12043510472.035,9176424152.49125,30863452055.1657,197010947843.488,51014752785.7994,1136862278556.13,33368583247.7441,41724857953.9173,51014752785.7994,64864869988.3694,3.9239,22.9399034398214,0.737412180470106
Badung,Bali,Rice Field,2025,0,0.95,12054215385.1824,12054215385.1824,8739299326.68233,32686643561.7006,192952061895.196,56458732651.6741,1128626328230.95,35582069284.6073,45371837244.714,56458732651.6741,73312550904.8908,3.9239,22.8910958548283,0.801978061267079
Bangli,Bali,Rice Field,2025,0,0.15,1957944362.0997,1957944362.09971,1936282356.57393,2474718580.7022,36520847475.5165,2739519978.28859,192909696092.906,2514096079.94778,2630358408.94929,2739519978.28859,2875910950.53177,3.9239,21.3840356605041,0.14916638004195
Bangli,Bali,Rice Field,2025,0,0.25,1959925925.35267,1959925925.35267,1901407437.32129,2850776297.10718,36024946078.5086,3371606432.80433,192316372448.551,2926038552.15929,3152733378.38247,3371606432.80433,3653146284.96153,3.9239,21.365860205379,0.246220677069239
Bangli,Bali,Rice Field,2025,0,0.35,1961950328.91107,1961950328.91107,1851803212.71777,3239144747.34545,35473595637.0751,4083586381.6933,191585635400.731,3357799587.84061,3722176849.80654,4083586381.6933,4561726262.33411,3.9239,21.3394257108928,0.339938730706391
Bangli,Bali,Rice Field,2025,0,0.45,1963981636.97206,1963981636.97206,1790997090.52382,3629546885.80189,34876360851.8526,4863488684.91317,190718560514.806,3798303539.55323,4326228703.34516,4863488684.91317,5593627367.41867,3.9239,21.3060383355255,0.429421381626228
Bangli,Bali,Rice Field,2025,0,0.55,1965989850.09902,1965989850.09902,1722631582.95358,4012646745.6096,34244528326.3527,5696195106.43659,189723338073.167,4237011343.76976,4951342886.13275,5696195106.43659,6734528868.82199,3.9239,21.2671189486186,0.514087049676788
Bangli,Bali,Rice Field,2025,0,0.65,1967952067.35205,1967952067.35205,1650016848.05697,4380867261.19435,33589726897.1938,6565398610.94603,188613572136.25,4664934273.03693,5584449540.03053,6565398610.94603,7965954975.87584,3.9239,21.2240513357503,0.59364626421662
Bangli,Bali,Rice Field,2025,0,0.75,1969852327.0183,1969852327.0183,1575881861.61464,4728721823.22603,32922831213.8186,7455300701.40494,187406156084.035,5075149637.3523,6214071395.11878,7455300701.40494,9267585843.70399,3.9239,21.1780808646679,0.668047230836577
Bangli,Bali,Rice Field,2025,0,0.85,1971680648.25778,1971680648.25778,1502301007.97306,5052751961.05839,32253276506.0397,8351784230.7667,186119268096.143,5462874799.01522,6830906584.09521,8351784230.7667,10619230099.4624,3.9239,21.1302637749856,0.737412180470106
Bangli,Bali,Rice Field,2025,0,0.95,1973431760.7534,1973431760.7534,1430736908.78344,5351228470.36382,31588760867.4146,9243028486.42129,184770801830.147,5825247301.11329,7427959581.0539,9243028486.42129,12002217630.4735,3.9239,21.0814554693136,0.801978061267079
Buleleng,Bali,Rice Field,2025,0,0.15,12178026931.3011,12178026931.3011,12043293538.5728,15392260427.0855,227152452704.951,17039272780.2839,1199860179790.38,15637180689.1637,16360309395.5166,17039272780.2839,17887597669.0374,3.9239,23.2117737891345,0.14916638004195
Buleleng,Bali,Rice Field,2025,0,0.25,12190339761.8463,12190339761.8462,11826366694.1785,17731247491.1526,224067821604.119,20970704773.812,1196168636573.22,18199363376.7888,19609358988.4424,20970704773.812,22721825267.6534,3.9239,23.1935973413206,0.246220677069239
Buleleng,Bali,Rice Field,2025,0,0.35,12202920489.8487,12202920489.8487,11517828476.4138,20146802507.9442,220638341689.583,25399052766.4837,1191622561153.14,20884810786.2179,23151161106.3847,25399052766.4837,28372982768.944,3.9239,23.1671619741344,0.339938730706391
Buleleng,Bali,Rice Field,2025,0,0.45,12215547021.5196,12215547021.5196,11139620026.4014,22575007737.1797,216923528155.856,30249862626.4044,1186228781363.24,23624638141.1951,26908220095.7017,30249862626.4044,34791169551.3138,3.9239,23.1337739619232,0.429421381626228
Buleleng,Bali,Rice Field,2025,0,0.55,12228033760.0498,12228033760.0498,10714397712.3908,24957799181.922,212993596304.952,35429107663.9226,1180038331790.56,26353298696.1867,30796287155.8897,35429107663.9226,41887320202.5116,3.9239,23.0948542545292,0.514087049676788
Buleleng,Bali,Rice Field,2025,0,0.65,12240238848.1532,12240238848.1532,10262750124.2291,27248052698.3694,208920881197.63,40835368129.3888,1173135876250.01,29014888451.9011,34734075763.0378,40835368129.3888,49546527670.0319,3.9239,23.051786684069,0.59364626421662
Buleleng,Bali,Rice Field,2025,0,0.75,12252063242.9323,12252063242.9323,9801650594.34586,29411645757.2715,204773020106.873,46370387483.2858,1165626501521.55,31566353208.9772,38650204730.9988,46370387483.2858,57642416291.2951,3.9239,23.005816636435,0.668047230836577
Buleleng,Bali,Rice Field,2025,0,0.85,12263444840.854,12263444840.854,9344000795.4211,31427069603.6447,200608692750.591,51946366328.2509,1157623259189.56,33977948624.394,42486822691.6461,51946366328.2509,66049409518.8117,3.9239,22.9580003481586,0.737412180470106
Buleleng,Bali,Rice Field,2025,0,0.95,12274350660.0335,12274350660.0334,8898897276.26348,33283570282.7262,196475771553.694,57489787617.3332,1149237413982.3,36231872556.8604,46200422228.7386,57489787617.3332,74651391968.1853,3.9239,22.9091932044646,0.801978061267079
Denpasar CIty,Bali,Rice Field,2025,0,0.15,3376151483.20021,3376151483.20021,3338798934.52691,4267243221.24296,62974166048.297,4723849470.38891,332640890719.345,4335143211.17941,4535618384.06829,4723849470.38891,4959033162.0951,3.9239,21.9288769788222,0.14916638004195
Denpasar CIty,Bali,Rice Field,2025,0,0.25,3379558835.06182,3379558835.06182,3278653657.63511,4915678749.40975,62118890937.3407,5813761714.63458,331616867366.346,5045455704.60884,5436352367.03627,5813761714.63458,6299229294.03233,3.9239,21.9106987048433,0.246220677069239
Denpasar CIty,Bali,Rice Field,2025,0,0.35,3383042811.03392,3383042811.03393,3193113227.13835,5585342905.94777,61168058606.3253,7041435936.60254,330356175173.683,5789942583.73591,6418247927.87896,7041435936.60254,7865905171.13626,3.9239,21.8842622111021,0.339938730706391
Denpasar CIty,Bali,Rice Field,2025,0,0.45,3386542982.051,3386542982.05099,3088261373.53213,6258519073.06419,60138187067.9883,8386235983.1277,328860815447.367,6549510419.76389,7459825070.79295,8386235983.1277,9645232495.42459,3.9239,21.8508741072149,0.429421381626228
Denpasar CIty,Bali,Rice Field,2025,0,0.55,3390008615.48104,3390008615.48104,2970379479.43538,6919113563.99594,59048751474.2627,9822100803.47485,327145000567.253,7305991411.16977,8537732298.74274,9822100803.47485,11612527341.0554,3.9239,21.8119555524526,0.514087049676788
Denpasar CIty,Bali,Rice Field,2025,0,0.65,3393400719.32983,3393400719.32984,2845175170.6721,7554065143.17611,57919806740.2115,11320920229.0422,325232225916.823,8043890692.44444,9629439355.0444,11320920229.0422,13735942960.0632,3.9239,21.768890474043,0.59364626421662
Denpasar CIty,Bali,Rice Field,2025,0,0.75,3396691864.51737,3396691864.51737,2717353491.6139,8153916273.93214,56770099670.4294,12855460733.1017,323151617509.651,8751275031.10679,10715161468.616,12855460733.1017,15980453462.0494,3.9239,21.7229242625767,0.668047230836577
Denpasar CIty,Bali,Rice Field,2025,0,0.85,3399864646.67754,3399864646.67753,2590490549.36398,8712705465.77227,55615890245.3571,14401386942.6334,320934488161.006,9419900182.52144,11778863793.4563,14401386942.6334,18311253915.282,3.9239,21.6751130960225,0.737412180470106
Denpasar CIty,Bali,Rice Field,2025,0,0.95,3402909600.95512,3402909600.95513,2467107533.26545,9227451944.80576,54470440668.7781,15938321762.054,318611642940.185,10044831730.7554,12808486959.9063,15938321762.054,20696161083.3195,3.9239,21.6263122622203,0.801978061267079
Gianyar,Bali,Rice Field,2025,0,0.15,13863546473.7898,13863546473.7898,13710165087.6098,17522651162.7346,258591855846.223,19397620928.3854,1365928771418.52,17801470010.3893,18624684516.6151,19397620928.3854,20363359597.4204,3.9239,23.3414033718493,0.14916638004195
Gianyar,Bali,Rice Field,2025,0,0.25,13877577257.6977,13877577257.6977,13463227496.7429,20185389557.7199,255080544597.081,23873212833.4765,1361727645954.12,20718296309.7372,22323446241.2411,23873212833.4765,25866701974.516,3.9239,23.3232279167241,0.246220677069239
Gianyar,Bali,Rice Field,2025,0,0.35,13891911379.4209,13891911379.4209,13111996641.3626,22935296124.5531,251176617286.317,28914503740.8665,1356553542328.56,23775451201.1666,26355484221.0219,28914503740.8665,32300051657.6252,3.9239,23.296793422238,0.339938730706391
Gianyar,Bali,Rice Field,2025,0,0.45,13906294389.6081,13906294389.6081,12681448911.1795,25699602554.6672,246947798346.939,34436730028.2925,1350414076258.96,26894511744.8006,30632572531.7087,34436730028.2925,39606596830.0087,3.9239,23.2634060468706,0.429421381626228
Gianyar,Bali,Rice Field,2025,0,0.55,13920513872.3237,13920513872.3237,12197375711.884,28412204002.0601,242474004427.929,40332844543.7392,1343367240384.31,30000854371.2314,35058796122.254,40332844543.7392,47684937202.1321,3.9239,23.2244866599638,0.514087049676788
Gianyar,Bali,Rice Field,2025,0,0.65,13934407673.7031,13934407673.7031,11683215160.947,31019449810.0757,237837575415.967,46487382646.6631,1335509360487.77,33030832920.1283,39541611716.5464,46487382646.6631,56404251905.1665,3.9239,23.1814190470955,0.59364626421662
Gianyar,Bali,Rice Field,2025,0,0.75,13947862774.2184,13947862774.2184,11158290219.3747,33482491140.6649,233115511051.621,52788480485.3011,1326960052919.53,35935430148.4939,43999752620.8002,52788480485.3011,65620662941.7412,3.9239,23.1354485760131,0.668047230836577
Gianyar,Bali,Rice Field,2025,0,0.85,13960808502.8934,13960808502.8934,10637288906.065,35776839724.6716,228374619028.477,59136179282.5055,1317848031264.55,38680781804.9663,48367355436.5782,59136179282.5055,75191201981.7997,3.9239,23.0876314863308,0.737412180470106
Gianyar,Bali,Rice Field,2025,0,0.95,13973207542.3829,13973207542.3829,10130567553.7248,37890251646.9865,223669406961.696,65446780542.1427,1308299994502.71,41246619793.4743,52594887194.3119,65446780542.1427,84983672227.6264,3.9239,23.0388231806587,0.801978061267079
Jembrana,Bali,Rice Field,2025,0,0.15,6006353940.8685,6006353940.8685,5939901760.31863,7591653770.8972,112034407312.364,8403980693.32051,591785923945.66,7712451482.18743,8069107529.97413,8403980693.32051,8822385051.22228,3.9239,22.5049584315173,0.14916638004195
Jembrana,Bali,Rice Field,2025,0,0.25,6012433347.94103,6012433347.94104,5832917120.12868,8745280755.01773,110513149685.097,10343023014.5445,589965853355.735,8976161568.55415,9671589653.54399,10343023014.5445,11206698306.5481,3.9239,22.486783075827,0.246220677069239
Jembrana,Bali,Rice Field,2025,0,0.35,6018642782.92002,6018642782.92001,5680746284.64108,9936671111.98698,108821766391.917,12527150836.8155,587724105357.828,10300666616.2977,11418460754.9539,12527150836.8155,13993932691.2992,3.9239,22.4603484491898,0.339938730706391
Jembrana,Bali,Rice Field,2025,0,0.45,6024871574.47853,6024871574.47854,5494209954.68517,11134296496.8954,106989592551.151,14919637831.0884,585063939672.401,11651988285.3777,13271494930.9112,14919637831.0884,17159471295.3344,3.9239,22.4269606391578,0.429421381626228
Jembrana,Bali,Rice Field,2025,0,0.55,6031027467.51824,6031027467.51823,5284482212.7053,12309515605.5867,105051249851.588,17474103004.9222,582010463121.611,12997794364.5918,15189134850.2453,17474103004.9222,20659378575.4357,3.9239,22.3880404784709,0.514087049676788
Jembrana,Bali,Rice Field,2025,0,0.65,6037040157.7161,6037040157.71611,5061717781.58767,13439083207.4686,103042413242.273,20140518523.4139,578605408214.512,14310508882.1211,17131284186.8482,20140518523.4139,24436972262.5555,3.9239,22.3449717451618,0.59364626421662
Jembrana,Bali,Rice Field,2025,0,0.75,6042860756.85349,6042860756.85349,4834288605.4828,14506167362.7597,100996446290.792,22870416945.0381,574900610903.74,15568894255.7116,19062732601.2241,22870416945.0381,28429913266.8788,3.9239,22.2989998206898,0.668047230836577
Jembrana,Bali,Rice Field,2025,0,0.85,6048458806.04734,6048458806.04734,4608558576.1759,15500158263.7843,98942298023.3714,25620489262.0032,570951856268.368,16758278382.2696,20954943752.3594,25620489262.0032,32576257146.5573,3.9239,22.2511809717817,0.737412180470106
Jembrana,Bali,Rice Field,2025,0,0.95,6053818339.65999,6053818339.65999,4389014867.33696,16415751331.1894,96903588798.6726,28354471878.8424,566814060155.789,17869880097.1315,22786456989.4576,28354471878.8424,36818726977.5226,3.9239,22.2023706350555,0.801978061267079
Karangasem,Bali,Rice Field,2025,0,0.15,6318503563.90802,6318503563.90802,6248597870.07655,7986191270.04589,117856824431.685,8840734742.66182,622540980157.519,8113266826.5005,8488458253.98135,8840734742.66182,9280883533.85588,3.9239,22.5556229347388,0.14916638004195
Karangasem,Bali,Rice Field,2025,0,0.25,6324898288.25176,6324898288.25176,6136052638.52948,9199771220.18902,116256495635.323,10880547820.5332,620626258966.267,9442650862.72622,10174220204.0912,10880547820.5332,11789108142.0991,3.9239,22.5374474796136,0.246220677069239
Karangasem,Bali,Rice Field,2025,0,0.35,6331431263.01147,6331431263.01148,5975974305.35043,10453079273.4926,114477226624.112,13178186063.768,618268089484.894,10835991600.8581,12011877429.3347,13178186063.768,14721196477.3201,3.9239,22.5110129851275,0.339938730706391
Karangasem,Bali,Rice Field,2025,0,0.45,6337986519.36665,6337986519.36666,5779746206.52037,11712950264.1826,112549883747.591,15695017276.0248,615469942682.085,12257546698.4845,13961219741.2255,15695017276.0248,18051255766.1782,3.9239,22.4776256097601,0.429421381626228
Karangasem,Bali,Rice Field,2025,0,0.55,6344467245.80885,6344467245.80886,5559123132.85563,12949255991.9571,110510890126.81,18382253233.2521,612258249507.291,13673305428.9745,15978532525.1072,18382253233.2521,21733071420.5077,3.9239,22.4387062228533,0.514087049676788
Karangasem,Bali,Rice Field,2025,0,0.65,6350799538.46558,6350799538.46557,5324787331.4315,14137544426.0223,108397773307.007,21187269324.2683,608676911772.036,15054260172.1179,18021637899.5097,21187269324.2683,25707020015.127,3.9239,22.395638609985,0.59364626421662
Karangasem,Bali,Rice Field,2025,0,0.75,6356931887.1196,6356931887.11961,5085545509.69569,15260109669.6852,106245626987.771,24059082047.3142,604780446286.747,16378070639.6518,20053497441.7406,24059082047.3142,29907527157.447,3.9239,22.3496681389026,0.668047230836577
Karangasem,Bali,Rice Field,2025,0,0.85,6362832082.4935,6362832082.4935,4848091935.95309,16305790854.6764,104084899701.937,26952133803.4849,600627516052.749,17629302729.3914,22044092994.5742,26952133803.4849,34269433048.3716,3.9239,22.3018510492203,0.737412180470106
Karangasem,Bali,Rice Field,2025,0,0.95,6368483116.68966,6368483116.68965,4617146652.45558,17269007646.8874,101940434051.023,29828277842.4437,596275865887.181,18798718975.4759,23970849220.2106,29828277842.4437,38732487164.0479,3.9239,22.2530427435482,0.801978061267079
Klungkung,Bali,Rice Field,2025,0,0.15,2702000809.54703,2702000809.54703,2672106826.04063,3415159152.57551,50399470666.4521,3780590165.0688,266219084210.096,3469500857.52845,3629945103.62797,3780590165.0688,3968812325.2842,3.9239,21.7061330716272,0.14916638004195
Klungkung,Bali,Rice Field,2025,0,0.25,2704735404.87943,2704735404.87943,2623978767.92132,3934126021.00735,49715117217.9537,4652881607.49451,265400286189.886,4037989377.91145,4350832590.32954,4652881607.49451,5041412008.6509,3.9239,21.6879576165021,0.246220677069239
Klungkung,Bali,Rice Field,2025,0,0.35,2707529120.65579,2707529120.6558,2555523985.63531,4470081938.47837,48954243023.6025,5635427606.00094,264391855034.744,4633827896.37209,5136675513.42931,5635427606.00094,6295269820.91593,3.9239,21.6615231220159,0.339938730706391
Klungkung,Bali,Rice Field,2025,0,0.45,2710332364.77829,2710332364.77829,2471610369.61342,5008844384.73449,48130047553.9058,6711707757.50015,263195275045.518,5241731806.8079,5970278668.28067,6711707757.50015,7719313157.02018,3.9239,21.6281357466486,0.429421381626228
Klungkung,Bali,Rice Field,2025,0,0.55,2713103737.44844,2713103737.44844,2377264656.64239,5537529546.2616,47258106538.397,7860858606.02498,261821848969.148,5847156999.21554,6832948241.86348,7860858606.02498,9293779132.7026,3.9239,21.5892163597417,0.514087049676788
Klungkung,Bali,Rice Field,2025,0,0.65,2715811634.9295,2715811634.9295,2277054928.38164,6045680927.09799,46354467994.8672,9060376129.7645,260290350670.216,6437698857.13821,7706647579.02281,9060376129.7645,10993170802.1311,3.9239,21.5461487468734,0.59364626421662
Klungkung,Bali,Rice Field,2025,0,0.75,2718434029.75131,2718434029.75131,2174747223.80105,6525726901.03272,45434139148.3258,10288458099.4988,258624093337.425,7003803935.46644,8575537826.92165,10288458099.4988,12789446389.2634,3.9239,21.500178275791,0.668047230836577
Klungkung,Bali,Rice Field,2025,0,0.85,2720957148.16305,2720957148.16306,2073204233.12408,6972894712.17615,44510140797.0579,11525622581.2736,256848163207.648,7538872102.35321,9426782230.09971,11525622581.2736,14654741411.9281,3.9239,21.4523611861087,0.737412180470106
Klungkung,Bali,Rice Field,2025,0,0.95,2723373717.02598,2723373717.02598,1974444402.30974,7384798025.35772,43593096457.9653,12755556764.7457,254987253871.868,8038953112.30414,10250726828.5022,12755556764.7457,16563290756.1894,3.9239,21.4035528804367,0.801978061267079
Tabanan,Bali,Rice Field,2025,0,0.15,20968055856.5794,20968055856.5794,20736072685.5444,26502304372.8534,391109770338.434,29338120651.8907,2065912270670.45,26924006653.9071,28169085449.6627,29338120651.8907,30798761505.4752,3.9239,23.7551406623929,0.14916638004195
Tabanan,Bali,Rice Field,2025,0,0.25,20989259153.6367,20989259153.6367,20362572351.5074,30529563242.6825,385798728133.842,36107242761.9757,2059556500883.38,31335562569.1578,33763285165.6283,36107242761.9757,39122312281.9835,3.9239,23.7369643640423,0.246220677069239
Tabanan,Bali,Rice Field,2025,0,0.35,21010922711.036,21010922711.036,19831334975.7719,34688655942.7359,379893907215.688,43731952121.9573,2051729301517.88,35959354617.5173,39861544380.4325,43731952121.9573,48852448767.1419,3.9239,23.7105290982294,0.339938730706391
Tabanan,Bali,Rice Field,2025,0,0.45,21032663389.3718,21032663389.3718,19180138055.8773,38869527325.4738,373497768122.828,52084051338.4357,2042442357861.28,40676775329.3507,46330429139.4411,52084051338.4357,59903249261.4741,3.9239,23.6771411042839,0.429421381626228
Tabanan,Bali,Rice Field,2025,0,0.55,21054161261.5071,21054161261.5071,18447991041.1761,42972201338.3084,366731202437.776,61001642679.8353,2031783508273.3,45374964725.3114,53024877814.3002,61001642679.8353,72121357502.0804,3.9239,23.6382213148472,0.514087049676788
Tabanan,Bali,Rice Field,2025,0,0.65,21075172004.1994,21075172004.1994,17670343429.3589,46915538538.2262,359718757217.985,70310099162.119,2019898523466.85,49957666054.7549,59804929478.4279,70310099162.119,85308922955.723,3.9239,23.5951535588197,0.59364626421662
Tabanan,Bali,Rice Field,2025,0,0.75,21095525209.7935,21095525209.7935,16876420167.8348,50640786146.1172,352576894380.791,79840240679.9391,2006968357940.53,54350747845.2953,66547678713.3633,79840240679.9391,99248348781.4093,3.9239,23.5491832282578,0.668047230836577
Tabanan,Bali,Rice Field,2025,0,0.85,21115114184.3205,21115114184.3205,16088435696.0142,54110910251.6528,345406654391.655,89440892890.6778,1993187690524.21,58502996039.3325,73153516332.9045,89440892890.6778,113723414741.557,3.9239,23.5013665710996,0.737412180470106
Tabanan,Bali,Rice Field,2025,0,0.95,21133882421.7017,21133882421.7017,15322052785.3846,57307394941.8732,338290470081.581,98985473497.138,1978748127247.66,62383759087.805,79547531128.8257,98985473497.138,128534191678.999,3.9239,23.4525589861065,0.801978061267079
Badung,Bali,Rice Field,2025,1,0.15,13331210073.6175,13331210073.6175,13183718269.5244,16849811420.0987,248662372224.171,18652785563.4631,1313479449995.36,17117924102.3476,17909528583.8483,18652785563.4631,19581441524.4368,3.9239,23.3022484407654,0.14916638004195
Badung,Bali,Rice Field,2025,1,0.25,13344662280.7296,13344662280.7296,12946224028.6221,19410247311.2389,245285157403.428,22956453918.6413,1309435733352.59,19922689829.1753,21466200151.4813,22956453918.6413,24873390776.8179,3.9239,23.2840700017726,0.246220677069239
Badung,Bali,Rice Field,2025,1,0.35,13358417806.7481,13358417806.7481,12608454274.7278,22054507820.0781,241530636451.278,27804094850.2924,1304457572519.04,22862398270.0913,25343349817.586,27804094850.2924,31059626961.1454,3.9239,23.257633400086,0.339938730706391
Badung,Bali,Rice Field,2025,1,0.45,13372238553.7596,13372238553.7596,12194431909.5051,24712637778.9493,237464041627.703,33114225547.6674,1298552919143.17,25861657804.9086,29456162506.9191,33114225547.6674,38085549340.1058,3.9239,23.2242452836428,0.429421381626228
Badung,Bali,Rice Field,2025,1,0.55,13385924459.5741,13385924459.5741,11728959963.8226,27321090298.091,233162276655.301,38783942550.8302,1291777916115.76,28848731736.4349,33712433380.0016,38783942550.8302,45853692837.9013,3.9239,23.1853268310451,0.514087049676788
Badung,Bali,Rice Field,2025,1,0.65,13399321620.1203,13399321620.1203,11234575675.149,29828292254.487,228704530610.394,44702251143.1015,1284225341104.95,31762437560.4073,38023200208.7762,44702251143.1015,54238309206.7779,3.9239,23.1422619737484,0.59364626421662
Badung,Bali,Rice Field,2025,1,0.75,13412321650.8653,13412321650.8653,10729857320.6922,32196899849.1248,224164824865.463,50761617832.8051,1276010191360.9,34555655989.4395,42310341323.3676,50761617832.8051,63101096746.1262,3.9239,23.0962960962678,0.668047230836577
Badung,Bali,Rice Field,2025,1,0.85,13424855671.1551,13424855671.1551,10228925371.0991,34403373527.7024,219607360044.866,56865952401.4425,1267256091405.86,37195833813.7432,46510541692.2629,56865952401.4425,72304625777.0191,3.9239,23.0484853645787,0.737412180470106
Badung,Bali,Rice Field,2025,1,0.95,13436886115.1738,13436886115.1739,9741734822.77371,36435943194.2576,215084499366.152,62934793896.2609,1258084657892.2,39663486792.1152,50576183551.7594,62934793896.2609,81721818122.8804,3.9239,22.9996850519617,0.801978061267079
Bangli,Bali,Rice Field,2025,1,0.15,2196642471.44987,2196642471.44987,2172339594.27124,2776417984.33278,40973199346.7019,3073502011.69184,216427820828.233,2820596097.32551,2951032270.41498,3073502011.69184,3226520763.4762,3.9239,21.4990705777501,0.14916638004195
Bangli,Bali,Rice Field,2025,1,0.25,2198861035.53189,2198861035.53189,2133208542.48306,3198315221.8362,40416757191.9412,3782639903.04025,215761714461.665,3282752719.1618,3537083974.1806,3782639903.04025,4098502356.23295,3.9239,21.4808930412219,0.246220677069239
Bangli,Bali,Rice Field,2025,1,0.35,2201129044.67198,2201129044.67198,2077554042.2536,3634024510.31263,39798133788.1539,4581410884.21996,214941581551.935,3767144402.21621,4175942404.24126,4581410884.21996,5117840152.1712,3.9239,21.454457097474,0.339938730706391
Bangli,Bali,Rice Field,2025,1,0.45,2203406952.06658,2203406952.06659,2009334184.24185,4072018134.22114,39128072542.5889,5456387462.03173,213968702260.548,4261347594.88578,4853631124.51361,5456387462.03173,6275535980.89756,3.9239,21.4210692525204,0.429421381626228
Bangli,Bali,Rice Field,2025,1,0.55,2205661589.64574,2205661589.64574,1932635774.00462,4501824258.7378,38419242490.5792,6390612216.4173,212852309194.923,4753540907.33254,5554955851.14982,6390612216.4173,7555528147.60101,3.9239,21.382150594175,0.514087049676788
Bangli,Bali,Rice Field,2025,1,0.65,2207867497.37315,2207867497.37315,1851172408.81018,4914944117.16627,37684691356.1986,7365794340.66748,211607682113.619,5233642083.91453,6265256575.45306,7365794340.66748,8937094235.45016,3.9239,21.3390850098037,0.59364626421662
Bangli,Bali,Rice Field,2025,1,0.75,2210006797.62539,2210006797.62539,1768005438.10031,5305223762.24396,36936616913.6883,8364213399.37996,210253770387.689,5693886309.99161,6971659670.00653,8364213399.37996,10397443215.0275,3.9239,21.2931178770057,0.668047230836577
Bangli,Bali,Rice Field,2025,1,0.85,2212068180.29712,2212068180.29712,1685461720.133,5668784062.90969,36185599697.5871,9370034727.43466,208810950728.487,6128909124.57173,7663731502.67059,9370034727.43466,11913927857.9576,3.9239,21.2453053810977,0.737412180470106
Bangli,Bali,Rice Field,2025,1,0.95,2214045531.86941,2214045531.86941,1605181756.55756,6003685417.6798,35440270216.939,10369999271.467,207299272438.883,6535499739.87462,8333625235.18942,10369999271.467,13465606891.3825,3.9239,21.1965028310778,0.801978061267079
Buleleng,Bali,Rice Field,2025,1,0.15,13973443209.7474,13973443209.7475,13818845964.8599,17661553727.944,260641721005.651,19551386433.4388,1376756528501.7,17942582780.7103,18772322932.2605,19551386433.4388,20524780540.9805,3.9239,23.3492991470857,0.14916638004195
Buleleng,Bali,Rice Field,2025,1,0.25,13987537862.7279,13987537862.7279,13569904953.0243,20345330850.5925,257101705098.98,24062375025.0057,1372517454078.03,20882460151.5309,22500328676.0827,24062375025.0057,26071659810.1983,3.9239,23.33112030657,0.246220677069239
Buleleng,Bali,Rice Field,2025,1,0.35,14001955219.8912,14001955219.8912,13215862439.7571,23116976528.2741,253166295945.186,29143548035.0629,1367299389859.85,23963786836.7485,26564257414.4237,29143548035.0629,32555914341.6516,3.9239,23.3046836450568,0.339938730706391
Buleleng,Bali,Rice Field,2025,1,0.45,14016447654.0745,14016447654.0745,12781900041.9117,25903171890.7947,248903898611.941,34709507097.7179,1361110852460.71,27107546086.0795,30875216457.4617,34709507097.7179,39920324974.4732,3.9239,23.271295947921,0.429421381626228
Buleleng,Bali,Rice Field,2025,1,0.55,14030806497.1073,14030806497.1073,12294015864.3291,28637314697.2554,244395132816.97,40652402810.806,1354010776991.45,30238551988.1947,35336567954.6406,40652402810.806,48062746307.0907,3.9239,23.2323784658427,0.514087049676788
Buleleng,Bali,Rice Field,2025,1,0.65,14044870701.2174,14044870701.2174,11775832181.2036,31265352070.0126,239722998840.65,46855904735.9123,1346096420281.6,33292680132.519,39855072198.3468,46855904735.9123,56851388559.6996,3.9239,23.1893151479145,0.59364626421662
Buleleng,Bali,Rice Field,2025,1,0.75,14058526379.5898,14058526379.5898,11246821103.6719,33748144255.1544,234965070610.571,53207309066.2204,1337488274053.99,36220545103.0342,44348850639.564,53207309066.2204,66141303219.4345,3.9239,23.1433513571043,0.668047230836577
Buleleng,Bali,Rice Field,2025,1,0.85,14071700708.064,14071700708.064,10721782037.2176,36061019014.8812,230188623217.691,59605904322.0433,1328315840076.36,38988027419.8021,48751542548.773,59605904322.0433,75788453795.3649,3.9239,23.0955432135886,0.737412180470106
Buleleng,Bali,Rice Field,2025,1,0.95,14084353510.4549,14084353510.4549,10211148317.6233,38191639047.6259,225448522650.734,65967358638.3662,1318706500594.92,41574704485.0339,53013238502.3502,65967358638.3662,85659651060.0741,3.9239,23.0467459326932,0.801978061267079
Denpasar CIty,Bali,Rice Field,2025,1,0.15,3719450985.59627,3719450985.59627,3678300292.36797,4701152209.55265,69377610910.2244,5204187861.79343,366465040147.702,4775956520.24421,4996816746.18476,5204187861.79343,5463285896.42415,3.9239,22.0257166053552,0.14916638004195
Denpasar CIty,Bali,Rice Field,2025,1,0.25,3723197170.59584,3723197170.59584,3612031811.61587,5415511936.49384,68435227870.2755,6404913251.36228,365336140768.105,5558484796.55856,5989128386.02533,6404913251.36228,6939743862.76562,3.9239,22.0075362796649,0.246220677069239
Denpasar CIty,Bali,Rice Field,2025,1,0.35,3727030659.19199,3727030659.19199,3517789032.1107,6153260663.6467,67387627802.2485,7757409257.38783,363946796449.029,6378664040.00662,7070855481.78139,7757409257.38783,8665710537.125,3.9239,21.9810985133313,0.339938730706391
Denpasar CIty,Bali,Rice Field,2025,1,0.45,3730886360.27814,3730886360.27815,3402275505.30212,6894884715.47302,66253032385.2346,9238947684.80863,362299352846.087,7215464035.48017,8218339396.30868,9238947684.80863,10625958846.4155,3.9239,21.947710310975,0.429421381626228
Denpasar CIty,Bali,Rice Field,2025,1,0.55,3734709281.04967,3734709281.04967,3272411686.33805,7622658398.59098,65052908467.0281,10820825310.7751,360409547128.584,8048874509.03812,9405860477.64586,10820825310.7751,12793304842.657,3.9239,21.90879306878,0.514087049676788
Denpasar CIty,Bali,Rice Field,2025,1,0.65,3738456846.3969,3738456846.3969,3134485277.67689,8322196194.44533,63809351137.49,12472081913.7842,358303289889.02,8861829391.24738,10608603716.8457,12472081913.7842,15132674932.3336,3.9239,21.8657308118023,0.59364626421662
Denpasar CIty,Bali,Rice Field,2025,1,0.75,3742098821.69827,3742098821.69827,2993679057.35861,8983081685.93422,62543007007.3759,14162722549.0363,356012654472.729,9641185391.10266,11804777914.9116,14162722549.0363,17605493361.1224,3.9239,21.819768921927,0.668047230836577
Denpasar CIty,Bali,Rice Field,2025,1,0.85,3745615746.01735,3745615746.01735,2853931906.10954,9598748825.16266,61271778697.236,15865943883.8338,353572096898.215,10377862096.3761,12976721805.1102,15865943883.8338,20173426921.9887,3.9239,21.7719634966097,0.737412180470106
Denpasar CIty,Bali,Rice Field,2025,1,0.95,3748996746.03983,3748996746.03982,2718020517.42617,10165914282.7672,60010264382.3648,17559301724.1789,351015499294.454,11066424292.4789,14111152385.8595,17559301724.1789,22801029017.9624,3.9239,21.7231697013687,0.801978061267079
Gianyar,Bali,Rice Field,2025,1,0.15,15553687621.9443,15553687621.9443,15381607110.4984,19658883317.3919,290117464172.32,21762435542.6943,1532452714363.94,19971693698.7565,20895268434.8383,21762435542.6943,22845909934.4021,3.9239,23.4564382890953,0.14916638004195
Gianyar,Bali,Rice Field,2025,1,0.25,15569396529.1286,15569396529.1286,15104533274.5228,22646195966.5725,286177484149.483,26783602795.1135,1527736238886.83,23244069527.7234,25044903730.1362,26783602795.1135,29020118747.2145,3.9239,23.438260752567,0.246220677069239
Gianyar,Bali,Rice Field,2025,1,0.35,15585455540.1635,15585455540.1635,14710462449.3543,25731307110.0664,281797219585.181,32439431854.3336,1521929153185.71,26673884357.7733,29568445719.7668,32439431854.3336,36237707346.7832,3.9239,23.4118248088191,0.339938730706391
Gianyar,Bali,Rice Field,2025,1,0.45,15601584637.4143,15601584637.4143,14227420545.6677,28832592865.5858,277052740938.089,38634847150.4876,1515040521654.29,30173171192.3198,34366931953.6572,38634847150.4876,44434962710.4896,3.9239,23.3784369638656,0.429421381626228
Gianyar,Bali,Rice Field,2025,1,0.55,15617548968.9169,15617548968.9169,13684344861.1015,31875905687.5938,272033753392.643,45249778887.1075,1507135717285.02,33658226740.0047,39332776810.7155,45249778887.1075,53498157371.5219,3.9239,23.3395183055201,0.514087049676788
Gianyar,Bali,Rice Field,2025,1,0.65,15633168260.7047,15633168260.7047,13107530130.7416,34801068663.3315,266832643501.073,52154716004.6532,1498322930916.73,37057661934.6432,44362177692.7632,52154716004.6532,63280562855.6943,3.9239,23.2964527211488,0.59364626421662
Gianyar,Bali,Rice Field,2025,1,0.75,15648315927.3301,15648315927.3301,12518652741.8641,37564507758.9686,261535779606.292,59224186051.2556,1488736336681.89,40316496731.4964,49363980767.5291,59224186051.2556,73620803537.8203,3.9239,23.2504855883508,0.668047230836577
Gianyar,Bali,Rice Field,2025,1,0.85,15662911885.7358,15662911885.7358,11934188396.3441,40138756150.2249,256218078920.012,66346069081.099,1478520215230.3,43396747183.8753,54264308989.8541,66346069081.099,84358521999.597,3.9239,23.2026730924429,0.737412180470106
Gianyar,Bali,Rice Field,2025,1,0.95,15676912848.1472,15676912848.1472,11365752935.4157,42510080170.3884,250940651178.312,73426482190.2172,1467816528942.27,46275678781.8159,59007601533.3236,73426482190.2172,95345440120.8161,3.9239,23.153870542423,0.801978061267079
Jembrana,Bali,Rice Field,2025,1,0.15,6881140381.20959,6881140381.20958,6805009872.16817,8697328834.99188,128351491076.218,9627965897.61934,677975700130.831,8835719948.35285,9244320633.02593,9627965897.61934,10107308132.7217,3.9239,22.6409249237715,0.14916638004195
Jembrana,Bali,Rice Field,2025,1,0.25,6888079578.1055,6888079578.1055,6682418743.10326,10018936807.6845,126608200940.591,11849373037.417,675888032533.592,10283442927.6969,11080152631.2481,11849373037.417,12838833343.5344,3.9239,22.622745846248,0.246220677069239
Jembrana,Bali,Rice Field,2025,1,0.35,6895174981.09325,6895174981.09324,6508068524.51074,11383810024.6055,124670153735.204,14351557344.376,673318004276.472,11800816446.9964,13081401864.1517,14351557344.376,16031955718.3182,3.9239,22.596308555521,0.339938730706391
Jembrana,Bali,Rice Field,2025,1,0.45,6902303890.42912,6902303890.42912,6294359352.93611,12755840033.7129,122571024423.064,17092459643.7109,670269740529.718,13348925878.2015,15204289412.8191,17092459643.7109,19658491308.1313,3.9239,22.5629197284831,0.429421381626228
Jembrana,Bali,Rice Field,2025,1,0.55,6909363273.81602,6909363273.81601,6054094019.34375,14102226445.1242,120350512661.769,20018964628.3886,666772244120.434,14890743493.8741,17401222438.5557,20018964628.3886,23668131567.5911,3.9239,22.5240005775449,0.514087049676788
Jembrana,Bali,Rice Field,2025,1,0.65,6916273920.98448,6916273920.98447,5798905717.63602,15396349582.1633,118049497244.433,23073781087.9977,662873426518.424,16394689581.6036,19626282244.1281,23073781087.9977,27995969805.0565,3.9239,22.4809350673253,0.59364626421662
Jembrana,Bali,Rice Field,2025,1,0.75,6922980087.0499,6922980087.0499,5538384069.63992,16618934612.7,115706188619.515,26201404841.8138,658632664471.952,17836443573.0933,21839145979.5524,26201404841.8138,32570620330.7656,3.9239,22.4349686109769,0.668047230836577
Jembrana,Bali,Rice Field,2025,1,0.85,6929446373.39074,6929446373.39073,5279817642.19208,17757832021.7003,113353726990.337,29352238660.1329,654113782810.903,19199203480.4281,24007133659.2743,29352238660.1329,37321148110.8479,3.9239,22.3871573966045,0.737412180470106
Jembrana,Bali,Rice Field,2025,1,0.95,6935653497.4901,6935653497.49009,5028344857.28742,18806967230.6166,111019141451.245,32484752766.3049,649379564793.292,20472913034.6451,26105667736.8378,32484752766.3049,42181961566.6117,3.9239,22.3383567126906,0.801978061267079
Karangasem,Bali,Rice Field,2025,1,0.15,7088808830.91252,7088808830.91252,7010380751.42321,8959808699.616,132225057620.747,9918531798.18013,698436576494.712,9102376368.95057,9523308362.97542,9918531798.18013,10412340277.7312,3.9239,22.6706578519848,0.14916638004195
Karangasem,Bali,Rice Field,2025,1,0.25,7095968383.21151,7095968383.2115,6884100508.24103,10321317867.2766,130429357086.032,12206998406.5887,696286977388.335,10593807034.0306,11414562195.5952,12206998406.5887,13226321567.5709,3.9239,22.6524803154565,0.246220677069239
Karangasem,Bali,Rice Field,2025,1,0.35,7103287500.19565,7103287500.19566,6704497264.72995,11727400054.9818,128432990765.717,14784720934.8826,693640317547.887,12156992707.205,13476229189.4633,14784720934.8826,16515837664.7265,3.9239,22.6260443717086,0.339938730706391
Karangasem,Bali,Rice Field,2025,1,0.45,7110638559.94468,7110638559.94468,6484344218.34089,13140854046.4257,126270628826.28,17608367373.5948,690500728196.483,13751841209.8604,15663205835.556,17608367373.5948,20251850475.5729,3.9239,22.5926565267551,0.429421381626228
Karangasem,Bali,Rice Field,2025,1,0.55,7117914525.41896,7117914525.41895,6236829943.77267,14527886069.4581,123983155649.552,20623214247.8676,686898003982.039,15340203606.1705,17926458495.0726,20623214247.8676,24382527129.9477,3.9239,22.5537378684096,0.514087049676788
Karangasem,Bali,Rice Field,2025,1,0.65,7125033234.25825,7125033234.25826,5973938631.19373,15861069661.5609,121612677687.922,23770235096.2673,682881454379.722,16889543339.2039,20218677694.3677,23770235096.2673,28840994090.9231,3.9239,22.5106722840383,0.59364626421662
Karangasem,Bali,Rice Field,2025,1,0.75,7131936993.38933,7131936993.38933,5705549594.71147,17120545352.5348,119198558511.419,26992244108.813,678512231111.122,18374802491.1123,22498318810.27,26992244108.813,33553702179.3764,3.9239,22.4647051512403,0.668047230836577
Karangasem,Bali,Rice Field,2025,1,0.85,7138589303.84824,7138589303.84824,5439171863.93909,18293794756.3066,116774942678.228,30238141065.3296,673856092083.264,19778669351.4342,24731711354.9278,30238141065.3296,38447566278.0935,3.9239,22.4168926553324,0.737412180470106
Karangasem,Bali,Rice Field,2025,1,0.95,7144970436.63139,7144970436.63138,5180099519.60657,19374558563.8151,114369681798.031,33465137530.3744,668977738619.684,21090782351.9731,26893532711.1899,33465137530.3744,43455006577.4811,3.9239,22.3680901053125,0.801978061267079
Klungkung,Bali,Rice Field,2025,1,0.15,3031408783.12696,3031408783.12696,2997870346.0385,3831510121.80095,56543801727.7445,4241491783.1628,298674547860.624,3892476765.89017,4072481188.94947,4241491783.1628,4452660598.37561,3.9239,21.8211679888732,0.14916638004195
Klungkung,Bali,Rice Field,2025,1,0.25,3034470444.15353,3034470444.15353,2943868743.30822,4413736409.40464,55775900871.2475,5220115687.6996,297755308286.43,4530261776.79824,4881243791.53585,5220115687.6996,5656011937.23191,3.9239,21.802990452345,0.246220677069239
Klungkung,Bali,Rice Field,2025,1,0.35,3037600340.30953,3037600340.30952,2867064464.5014,5015023592.52355,54922188697.2991,6322434977.03615,296623509125.574,5198731599.07004,5762880690.22622,6322434977.03615,7062717665.51592,3.9239,21.776554508597,0.339938730706391
Klungkung,Bali,Rice Field,2025,1,0.45,3040743896.24678,3040743896.24678,2772919750.71738,5619463202.39483,53997491314.1614,7529919452.768,295280917025.51,5880741492.97831,6698104134.89707,7529919452.768,8660360135.3322,3.9239,21.7431666636435,0.429421381626228
Klungkung,Bali,Rice Field,2025,1,0.55,3043855339.39197,3043855339.39197,2667074472.08559,6212603905.9166,53019292233.8221,8819167549.65553,293740273161.731,6559977713.59214,7665945722.129,8819167549.65553,10426773899.479,3.9239,21.704248005298,0.514087049676788
Klungkung,Bali,Rice Field,2025,1,0.65,3046899534.40621,3046899534.4062,2554653464.13227,6782717241.88321,52005597566.0015,10164937603.2816,292022663894.397,7222526554.56017,8646174358.46829,10164937603.2816,12333361624.887,3.9239,21.6611824209268,0.59364626421662
Klungkung,Bali,Rice Field,2025,1,0.75,3049851809.82592,3049851809.82592,2439881447.86074,7321310644.92491,50973240473.3327,11542775072.5829,290154239719.363,7857672422.60515,9621024190.92375,11542775072.5829,14348671253.4036,3.9239,21.6152152881288,0.668047230836577
Klungkung,Bali,Rice Field,2025,1,0.85,3052696557.48864,3052696557.48864,2325969532.33954,7823030839.70335,49936822296.6115,12930827815.69,288163120889.502,8458012258.56779,10576096606.8312,12930827815.69,16441449175.0747,3.9239,21.5674027922208,0.737412180470106
Klungkung,Bali,Rice Field,2025,1,0.95,3055425340.62083,3055425340.62083,2215181641.34012,8285201138.93331,48908253304.0122,14310798084.4039,286076975827.697,9019115113.66859,11500562818.7492,14310798084.4039,18582796031.3128,3.9239,21.5186002422009,0.801978061267079
Tabanan,Bali,Rice Field,2025,1,0.15,23372755275.4007,23372755275.4007,23114167358.538,29541693258.4389,435963782740.019,32702732142.9829,2302839245235.81,30011758021.7896,31399627368.8972,32702732142.9829,34330885055.6608,3.9239,23.8637115720435,0.14916638004195
Tabanan,Bali,Rice Field,2025,1,0.25,23396340167.0202,23396340167.0203,22697783943.8837,34030741225.6901,430042728681.026,40248077741.5143,2295749656295.82,34929173813.4519,37635311428.0491,40248077741.5143,43608920141.952,3.9239,23.8455331330508,0.246220677069239
Tabanan,Bali,Rice Field,2025,1,0.35,23420456848.2172,23420456848.2172,22105593906.0995,38666753516.8635,423460167990.258,48747135556.4326,2287021766311.23,40083176007.6365,44432869174.9864,48747135556.4326,54454851127.4863,3.9239,23.8190965313642,0.339938730706391
Tabanan,Bali,Rice Field,2025,1,0.45,23444687877.1966,23444687877.1966,21379715057.3337,43327082224.8972,416330468203.761,58057047003.6881,2276669516397.06,45341585313.8874,51643599780.1234,58057047003.6881,66772950042.7817,3.9239,23.785708414921,0.429421381626228
Tabanan,Bali,Rice Field,2025,1,0.55,23468682497.7567,23468682497.7567,20563632960.2156,47900314665.2182,408788459684.127,67997398049.3859,2264791338281.55,50578630383.7314,59105846414.3765,67997398049.3859,80392337623.9197,3.9239,23.7467899623232,0.514087049676788
Tabanan,Bali,Rice Field,2025,1,0.65,23492170879.7643,23492170879.7642,19696860707.1821,52296030990.2364,400972979558.007,78373588778.3286,2251549893097.51,55687043857.9883,66663637311.2177,78373588778.3286,95092547536.2741,3.9239,23.7037251050266,0.59364626421662
Tabanan,Bali,Rice Field,2025,1,0.75,23514962999.5716,23514962999.5716,18811970399.6573,56448758713.1669,393013804748.467,88997087619.04,2237146798145.28,60584214513.3146,74180006759.2361,88997087619.04,110631104281.772,3.9239,23.657759227546,0.668047230836577
Tabanan,Bali,Rice Field,2025,1,0.85,23536938093.1478,23536938093.1478,17933718552.8396,60317227443.7791,385023494091.007,99699425756.6923,2221798796367.83,65213068895.6418,81543948576.0495,99699425756.6923,126767061222.006,3.9239,23.6099484958569,0.737412180470106
Tabanan,Bali,Rice Field,2025,1,0.95,23558030298.7579,23558030298.7579,17079558623.1995,63880801428.0052,377093852655.268,110339536165.296,2205719110438.66,69539446535.0012,88671977591.7716,110339536165.296,143277620343.475,3.9239,23.5611481832398,0.801978061267079
Badung,Bali,Rice Field,2028,0,0.15,8914287477.0318,8914287477.03181,8815662945.95538,11267098943.2375,166275068691.153,12472708166.9202,878294869541.054,11446380007.1924,11975708543.5545,12472708166.9202,13093680018.5124,3.9239,22.899795856543,0.14916638004195
Badung,Bali,Rice Field,2028,0,0.25,8923301774.1475,8923301774.14751,8656874292.72273,12979233990.7421,164017150392.089,15350509564.8736,875592799334.481,13321893784.8422,14354007457.538,15350509564.8736,16632325897.7003,3.9239,22.8816195581924,0.246220677069239
Badung,Bali,Rice Field,2028,0,0.35,8932511744.76917,8932511744.76918,8431025853.63798,14747416421.4593,161506795043.703,18592052396.9128,872265170594.778,15287636905.4738,16946600501.073,18592052396.9128,20768962809.2355,3.9239,22.8551842923794,0.339938730706391
Badung,Bali,Rice Field,2028,0,0.45,8941754502.32173,8941754502.32175,8154178224.66352,16524857766.7677,158787562368.684,22142835262.1262,868316951164.986,17293184995.5315,19696760019.534,22142835262.1262,25467062295.9789,3.9239,22.8217962984339,0.429421381626228
Badung,Bali,Rice Field,2028,0,0.55,8950894034.07751,8950894034.07751,7842915749.5376,18269054549.9654,155910847800.516,25934029513.2127,863785484344.616,19290557149.8028,22542815008.9002,25934029513.2127,30661427001.3781,3.9239,22.7828765089973,0.514087049676788
Badung,Bali,Rice Field,2028,0,0.65,8959826469.28974,8959826469.28975,7512309306.33748,19945511426.0525,152929600848.785,29891394832.0618,858732742595.477,21238831102.8797,25425262960.0391,29891394832.0618,36267943427.1275,3.9239,22.7398087529697,0.59364626421662
Badung,Bali,Rice Field,2028,0,0.75,8968479361.43131,8968479361.43133,7174783489.14507,21529250439.6744,149893333734.288,33943006567.92,853235656293.554,23106490854.4014,28291852284.1462,33943006567.92,42194103197.2495,3.9239,22.6938384224078,0.668047230836577
Badung,Bali,Rice Field,2028,0,0.85,8976807350.99355,8976807350.99355,6839782468.67411,23004527120.9893,146845002454.571,38024594978.3528,847376990530.036,24871763435.2648,31100235472.8385,38024594978.3528,48347983180.2268,3.9239,22.6460217652497,0.737412180470106
Badung,Bali,Rice Field,2028,0,0.95,8984786415.1756,8984786415.1756,6513965061.96908,24363469678.156,143819652221.175,42082345298.9192,841238204036.41,26521617750.846,33818565031.5303,42082345298.9192,54644586178.6932,3.9239,22.5972141802566,0.801978061267079
Bangli,Bali,Rice Field,2028,0,0.15,877586317.742109,877586317.742109,867877012.395,1109213933.10553,16369308892.153,1227902741.60241,86465638721.9145,1126863645.34136,1178974538.36548,1227902741.60241,1289035659.075,3.9239,20.5815605717963,0.14916638004195
Bangli,Bali,Rice Field,2028,0,0.25,878474490.476846,878474490.476847,852245438.505104,1277769849.70187,16147036855.5276,1511215400.96637,86199700259.9455,1311503762.96043,1413112512.24227,1511215400.96637,1637406689.61327,3.9239,20.5633851166712,0.246220677069239
Bangli,Bali,Rice Field,2028,0,0.35,879381865.016606,879381865.016606,830011921.732657,1451843661.38379,15899911547.4498,1830337779.38862,85872170608.2106,1505026921.62759,1668347445.84039,1830337779.38862,2044648780.93681,3.9239,20.536950622185,0.339938730706391
Bangli,Bali,Rice Field,2028,0,0.45,880292334.280161,880292334.280161,802757510.470871,1626829009.15906,15632220040.9205,2179904193.90478,85483531854.6921,1702468814.47063,1939094486.52942,2179904193.90478,2507165647.40896,3.9239,20.5035632468177,0.429421381626228
Bangli,Bali,Rice Field,2028,0,0.55,881192451.973721,881192451.973722,772114845.025157,1798541342.66766,15349021197.1656,2553138375.82058,85037455033.1035,1899105641.29764,2219282046.73803,2553138375.82058,3018538476.43524,3.9239,20.4646438599108,0.514087049676788
Bangli,Bali,Rice Field,2028,0,0.65,882071953.478988,882071953.478989,739567598.512292,1963584483.13902,15055527272.5213,2942731214.95159,84540037731.0663,2090908490.77711,2503051978.0431,2942731214.95159,3570486082.18946,3.9239,20.4215762470425,0.59364626421662
Bangli,Bali,Rice Field,2028,0,0.75,882923684.465598,882923684.465599,706338947.57248,2119499232.35885,14756612482.8978,3341601537.2315,83998851869.1198,2274774487.18607,2785259959.0627,3341601537.2315,4153900740.16869,3.9239,20.3756057759601,0.668047230836577
Bangli,Bali,Rice Field,2028,0,0.85,883743171.339312,883743171.339312,673358669.044856,2264735440.80393,14456505870.1152,3743421780.27728,83422045238.3991,2448559965.21406,3061736723.48262,3743421780.27728,4759732309.37438,3.9239,20.3277886862778,0.737412180470106
Bangli,Bali,Rice Field,2028,0,0.95,884528051.848041,884528051.848043,641282336.5882,2398518047.60537,14158657859.89,4142893685.43906,82817638102.0772,2610981919.54693,3329346749.20162,4142893685.43906,5379612505.31712,3.9239,20.2789803806058,0.801978061267079
Buleleng,Bali,Rice Field,2028,0,0.15,11583395186.219,11583395186.219,11455240589.2916,14640683284.8975,216060995926.805,16207274906.948,1141273106811.47,14873644519.1572,15561464116.1607,16207274906.948,17014177575.8426,3.9239,23.1617131556249,0.14916638004195
Buleleng,Bali,Rice Field,2028,0,0.25,11595106802.7945,11595106802.7944,11248905903.1151,16865461703.5512,213126981964.92,19946741955.73,1137761815189.87,17310720309.6341,18651868302.8807,19946741955.73,21612358300.0917,3.9239,23.143536707811,0.246220677069239
Buleleng,Bali,Rice Field,2028,0,0.35,11607073235.8632,11607073235.8632,10955433066.6218,19163069395.7821,209864957553.465,24158861464.9563,1133437716677.52,19865042021.2468,22020730421.1,24158861464.9563,26987579669.3896,3.9239,23.1171013406248,0.339938730706391
Buleleng,Bali,Rice Field,2028,0,0.45,11619083236.0874,11619083236.0874,10595691873.4077,21472709612.7193,206331531864.145,28772814767.7073,1128307305716.34,22471088400.8242,25594338794.3363,28772814767.7073,33092377622.1736,3.9239,23.0837133284135,0.429421381626228
Buleleng,Bali,Rice Field,2028,0,0.55,11630960269.0254,11630960269.0254,10191232420.906,23739153520.7918,202593491708.648,33699166333.053,1122419124963.81,25066513235.7188,29292558343.5901,33699166333.053,39842035654.42,3.9239,23.0447936210196,0.514087049676788
Buleleng,Bali,Rice Field,2028,0,0.65,11642569404.034,11642569404.034,9761637994.14944,25917577965.6788,198719640153.292,38841448560.2476,1115853704248.9,27598142221.0998,33038071623.6724,38841448560.2476,47127257423.9245,3.9239,23.0017260505594,0.59364626421662
Buleleng,Bali,Rice Field,2028,0,0.75,11653816434.3072,11653816434.3072,9323053147.4458,27975526561.5231,194774311861.377,44106202604.6625,1108710999148.0,30025023418.8215,36762982866.8476,44106202604.6625,54827837970.5704,3.9239,22.9557560029253,0.668047230836577
Buleleng,Bali,Rice Field,2028,0,0.85,11664642288.7187,11664642288.7187,8887749587.3745,29892540788.2091,190813321322.866,49409916159.8702,1101098541134.43,32318864850.0838,40412265486.062,49409916159.8702,62824332429.9389,3.9239,22.907939714649,0.737412180470106
Buleleng,Bali,Rice Field,2028,0,0.95,11675015595.8314,11675015595.8314,8464379694.18371,31658391787.7672,186882203435.935,54682661887.6775,1093122162074.49,34462733621.0034,43944536456.0776,54682661887.6775,71006295128.6671,3.9239,22.859132570955,0.801978061267079
Denpasar CIty,Bali,Rice Field,2028,0,0.15,3238511540.20981,3238511540.20981,3202681791.29699,4093274986.51751,60406816606.8141,4531266176.9452,319079688426.524,4158406809.56618,4350708951.26712,4531266176.9452,4756861830.29476,3.9239,21.8872543555563,0.14916638004195
Denpasar CIty,Bali,Rice Field,2028,0,0.25,3241779980.14217,3241779980.14217,3144988534.8562,4715274903.13845,59586409604.7383,5576744556.20911,318097412760.686,4839761073.01468,5214721544.60489,5576744556.20911,6042420449.63408,3.9239,21.8690760815774,0.246220677069239
Denpasar CIty,Bali,Rice Field,2028,0,0.35,3245121920.3506,3245121920.3506,3062935441.94945,5357637993.12561,58674341087.6351,6754368592.11069,316888116840.491,5553896490.68925,6156586896.58716,6754368592.11069,7545225620.85233,3.9239,21.8426395878362,0.339938730706391
Denpasar CIty,Bali,Rice Field,2028,0,0.45,3248479395.35962,3248479395.35963,2962358219.74667,6003369915.00441,57686455657.0099,8044343432.28531,315453720382.118,6282498040.34993,7155700714.23743,8044343432.28531,9252012802.11246,3.9239,21.809251483949,0.429421381626228
Denpasar CIty,Bali,Rice Field,2028,0,0.55,3251803740.82018,3251803740.82017,2849282169.60087,6637033094.1973,56641434496.0364,9421670490.62799,313807856350.907,7008138590.78371,8189663501.2632,9421670490.62799,11139104389.1675,3.9239,21.7703329291868,0.514087049676788
Denpasar CIty,Bali,Rice Field,2028,0,0.65,3255057554.37522,3255057554.37522,2729182227.15707,7246098779.45508,55558514915.0648,10859385602.2111,311973062263.598,7715954975.74502,9236863521.15394,10859385602.2111,13175951971.6996,3.9239,21.7272678507771,0.59364626421662
Denpasar CIty,Bali,Rice Field,2028,0,0.75,3258214525.18159,3258214525.18159,2606571620.14527,7821495001.75963,54455679443.4108,12331365504.785,309977276715.818,8394500460.3067,10278322594.2313,12331365504.785,15328957605.1774,3.9239,21.6813016393108,0.668047230836577
Denpasar CIty,Bali,Rice Field,2028,0,0.85,3261257958.41953,3261257958.41953,2484880663.87578,8357503310.42816,53348525169.8201,13814266937.0204,307850535952.719,9035866903.63894,11298659587.8422,13814266937.0204,17564735295.6279,3.9239,21.6334904727566,0.737412180470106
Denpasar CIty,Bali,Rice Field,2028,0,0.95,3264178775.09983,3264178775.09983,2366527763.09828,8851264452.6421,52249773620.626,15288543542.7982,305622389173.409,9635321057.53799,12286306772.2792,15288543542.7982,19852413862.3186,3.9239,21.5846896389545,0.801978061267079
Gianyar,Bali,Rice Field,2028,0,0.15,10562666994.384,10562666994.384,10445805373.9885,13350547022.0511,197021712007.63,14779090670.4278,1040704178964.52,13562979724.2534,14190188693.5203,14779090670.4278,15514889117.3766,3.9239,23.0694663351565,0.14916638004195
Gianyar,Bali,Rice Field,2028,0,0.25,10573357079.9526,10573357079.9526,10257663072.4746,15379293346.995,194346436131.544,18189054130.0385,1037503332098.53,15785316190.5191,17008283505.1661,18189054130.0385,19707897954.9955,3.9239,23.0512908800313,0.246220677069239
Gianyar,Bali,Rice Field,2028,0,0.35,10584278279.2796,10584278279.2796,9990059500.00142,17474453296.5825,191372025202.0,22030024921.8377,1033561171000.4,18114569324.23,20080302239.3084,22030024921.8377,24609481434.3441,3.9239,23.0248563855452,0.339938730706391
Gianyar,Bali,Rice Field,2028,0,0.45,10595236726.8364,10595236726.8364,9662024223.62325,19580584534.1364,188150078615.631,26237421452.8761,1028883498101.97,20490988512.4958,23339025367.3888,26237421452.8761,30176354505.4749,3.9239,22.9914690101778,0.429421381626228
Gianyar,Bali,Rice Field,2028,0,0.55,10606070582.4477,10606070582.4477,9293207772.88807,21647321629.9773,184741485045.628,30729684259.1617,1023514498124.31,22857717891.2649,26711374997.9835,30729684259.1617,36331260061.5207,3.9239,22.952549623271,0.514087049676788
Gianyar,Bali,Rice Field,2028,0,0.65,10616656300.7222,10616656300.7222,8901467701.79848,23633788029.0792,181208979435.389,35418840573.409,1017527561896.56,25166265308.9571,30126842202.5159,35418840573.409,42974525390.5985,3.9239,22.9094820104027,0.59364626421662
Gianyar,Bali,Rice Field,2028,0,0.75,10626907771.8293,10626907771.8293,8501526217.46351,25510384715.0431,177611228059.079,40219661077.3398,1011013825382.86,27379284418.7528,33523509705.6475,40219661077.3398,49996529525.4535,3.9239,22.8635115393203,0.668047230836577
Gianyar,Bali,Rice Field,2028,0,0.85,10636771151.3947,10636771151.3948,8104574154.25723,27258454020.9538,173999131847.516,45055986955.5906,1004071355750.77,29470973971.9723,36851196037.1368,45055986955.5906,57288344576.3865,3.9239,22.815694449638,0.737412180470106
Gianyar,Bali,Rice Field,2028,0,0.95,10646218007.2498,10646218007.2498,7718502025.17877,28868667280.5679,170414220274.324,49864048137.1869,996796685235.83,31425891660.9912,40072161916.9385,49864048137.1869,64749249508.2255,3.9239,22.7668861439659,0.801978061267079
Jembrana,Bali,Rice Field,2028,0,0.15,3099043215.49218,3099043215.49217,3064756494.91007,3916995792.23642,57805363004.1099,4336124645.19469,305338341809.803,3979322676.61693,4163343218.20324,4336124645.19469,4552004894.58611,3.9239,21.8432339561671,0.14916638004195
Jembrana,Bali,Rice Field,2028,0,0.25,3102179951.26031,3102179951.26031,3009556613.8164,4512222099.83403,57020453693.8678,5336594482.52046,304399256722.753,4631347550.28557,4990161184.95773,5336594482.52046,5782217081.59174,3.9239,21.8250586004769,0.246220677069239
Jembrana,Bali,Rice Field,2028,0,0.35,3105383776.33174,3105383776.33174,2931042427.01417,5126932827.69275,56147766208.0602,6463518832.30294,303242602620.755,5314740241.17677,5891478204.9769,6463518832.30294,7220320778.95734,3.9239,21.7986239738396,0.339938730706391
Jembrana,Bali,Rice Field,2028,0,0.45,3108597588.63954,3108597588.63954,2834796992.01587,5744860585.58727,55202436317.9594,7697948348.23697,301870061391.805,6011969257.60473,6847571210.41926,7697948348.23697,8853614625.9056,3.9239,21.7652361638076,0.429421381626228
Jembrana,Bali,Rice Field,2028,0,0.55,3111773788.16887,3111773788.16887,2726585697.39656,6351227583.16385,54202327457.9894,9015952256.11791,300294587172.079,6706352445.84444,7836998247.23321,9015952256.11791,10659429604.182,3.9239,21.7263160031207,0.514087049676788
Jembrana,Bali,Rice Field,2028,0,0.65,3114876100.64462,3114876100.64462,2611647982.1529,6934040192.52956,53165846503.5834,10391718153.968,298537712300.548,7383661685.27279,8839071182.71552,10391718153.968,12608519884.6095,3.9239,21.6832472698116,0.59364626421662
Jembrana,Bali,Rice Field,2028,0,0.75,3117879301.66214,3117879301.66214,2494303441.32971,7484613792.48225,52110207747.9371,11800238741.6332,296626182097.074,8032939215.85008,9835622861.74948,11800238741.6332,14668720940.2135,3.9239,21.6372753453396,0.668047230836577
Jembrana,Bali,Rice Field,2028,0,0.85,3120767675.63161,3120767675.6316,2377835593.65651,7997474138.11084,51050347753.9315,13219168268.582,294588779475.972,8646614807.45043,10811929650.8489,13219168268.582,16808071866.9018,3.9239,21.5894564964315,0.737412180470106
Jembrana,Bali,Rice Field,2028,0,0.95,3123532984.90975,3123532984.90975,2264559644.87303,8469884274.38113,49998453700.8397,14629796140.8988,292453838862.079,9220157723.28369,11756918695.3494,14629796140.8988,18997020016.8142,3.9239,21.5406461597053,0.801978061267079
Karangasem,Bali,Rice Field,2028,0,0.15,6497431507.5629,6497431507.5629,6425546218.10082,8212344941.89727,121194304426.427,9091087452.27148,640170150782.15,8343019035.2167,8728835166.77773,9091087452.27148,9543700415.92568,3.9239,22.5835474786045,0.14916638004195
Karangasem,Bali,Rice Field,2028,0,0.25,6504007318.27709,6504007318.27708,6309813920.71686,9460291156.57498,119548657377.444,11188664137.5813,638201208346.587,9710048686.34533,10462334673.126,11188664137.5813,12122953150.8192,3.9239,22.5653720234794,0.246220677069239
Karangasem,Bali,Rice Field,2028,0,0.35,6510725294.39477,6510725294.39478,6145202475.11811,10749090498.3578,117719002868.755,13551367104.127,635776260012.939,11142846170.9303,12352030838.465,13551367104.127,15138072623.2595,3.9239,22.5389375289932,0.339938730706391
Karangasem,Bali,Rice Field,2028,0,0.45,6517466183.08013,6517466183.08013,5943417571.60229,12044638627.3693,115737081325.92,16139470165.609,632898875041.09,12604656991.7415,14356574798.6287,16139470165.609,18562432826.0567,3.9239,22.5055501536259,0.429421381626228
Karangasem,Bali,Rice Field,2028,0,0.55,6524130431.30781,6524130431.3078,5716546874.19333,13315954170.2624,113640347303.159,18902803508.725,629596232854.459,14060507303.3781,16431014024.6304,18902803508.725,22348510462.2434,3.9239,22.466630766719,0.514087049676788
Karangasem,Bali,Rice Field,2028,0,0.65,6530642042.38896,6530642042.38894,5475575130.78557,14537892661.4695,111467391054.06,21787252293.8923,625913478479.962,15480568045.2714,18531976238.0161,21787252293.8923,26434993685.2022,3.9239,22.4235631538507,0.59364626421662
Karangasem,Bali,Rice Field,2028,0,0.75,6536948047.4354,6536948047.43541,5229558437.94833,15692246807.1462,109254300064.706,24740389264.0324,621906672539.888,16841866294.8963,20621374158.7587,24740389264.0324,30754451160.8854,3.9239,22.3775926827683,0.668047230836577
Karangasem,Bali,Rice Field,2028,0,0.85,6543015325.06457,6543015325.06458,4985380632.86938,16767539684.5669,107032385112.181,27715366716.1187,617636139259.631,18128530885.795,22668339572.7967,27715366716.1187,35239877889.2338,3.9239,22.329775593086,0.737412180470106
Karangasem,Bali,Rice Field,2028,0,0.95,6548826385.74771,6548826385.7477,4747895420.37522,17758032935.2274,104827192292.994,30672957656.7593,613161258679.178,19331062764.7302,24649657851.9146,30672957656.7593,39829317166.7227,3.9239,22.280967287414,0.801978061267079
Klungkung,Bali,Rice Field,2028,0,0.15,1172739394.59695,1172739394.59695,1159764619.75768,1482268866.42386,21874695414.0589,1640875534.06219,115546082200.856,1505854595.17076,1575491616.51157,1640875534.06219,1722568900.48933,3.9239,20.8714829074728,0.14916638004195
Klungkung,Bali,Rice Field,2028,0,0.25,1173926280.87147,1173926280.87147,1138875777.11095,1707514132.432,21577668023.8202,2019472955.08736,115190702331.566,1752593560.19018,1888375739.91368,2019472955.08736,2188105364.75383,3.9239,20.8533074523477,0.246220677069239
Klungkung,Bali,Rice Field,2028,0,0.35,1175138826.97311,1175138826.9731,1109164601.72872,1940133092.41335,21247428617.9343,2445923752.35609,114753016695.723,2011203143.4842,2229452230.57498,2445923752.35609,2732312622.74974,3.9239,20.8268729578615,0.339938730706391
Klungkung,Bali,Rice Field,2028,0,0.45,1176355508.6275,1176355508.6275,1072743886.04862,2173970159.67904,20889706113.653,2913057636.56004,114233669518.923,2275049424.12878,2591257917.56825,2913057636.56004,3350384872.75129,3.9239,20.7934855824942,0.429421381626228
Klungkung,Bali,Rice Field,2028,0,0.55,1177558357.23358,1177558357.23358,1031795366.0032,2403433420.41197,20511260787.1234,3411819319.25009,113637566490.517,2537819875.9766,2965679194.52941,3411819319.25009,4033744503.36695,3.9239,20.7545661955873,0.514087049676788
Klungkung,Bali,Rice Field,2028,0,0.65,1178733655.93865,1178733655.93865,988301709.140479,2623984480.43389,20119057900.015,3932441463.26586,112972855961.353,2794130569.33295,3344887678.88652,3932441463.26586,4771325169.71873,3.9239,20.711498582719,0.59364626421662
Klungkung,Bali,Rice Field,2028,0,0.75,1179871844.2415,1179871844.2415,943897475.393206,2832337054.88976,19719610982.5643,4465461327.88355,112249656468.298,3039835057.83316,3722008892.05999,4465461327.88355,5550956003.70652,3.9239,20.6655281116366,0.668047230836577
Klungkung,Bali,Rice Field,2028,0,0.85,1180966943.97213,1180966943.97213,899825147.586601,3026419642.23416,19318571403.5805,5002423241.53179,111478856097.742,3272068710.71948,4091471344.66541,5002423241.53179,6360543087.43177,3.9239,20.6177110219543,0.737412180470106
Klungkung,Bali,Rice Field,2028,0,0.95,1182015798.39708,1182015798.39708,856960784.337531,3205196510.2596,18920550048.7215,5536247015.61161,110671172517.437,3489117017.5842,4449084964.2091,5536247015.61161,7188903684.00859,3.9239,20.5689027162823,0.801978061267079
Tabanan,Bali,Rice Field,2028,0,0.15,18448901658.2874,18448901658.2874,18244789520.3726,23318251841.6151,344120873195.071,25813366124.5406,1817708450270.5,23689289765.467,24784781708.8704,25813366124.5406,27098521965.8916,3.9239,23.6271453704773,0.14916638004195
Tabanan,Bali,Rice Field,2028,0,0.25,18467557538.6855,18467557538.6855,17916162442.1581,26861665849.5776,339447912763.941,31769229127.5815,1812116278417.93,27570830419.3641,29706880406.1744,31769229127.5815,34422060722.8421,3.9239,23.6089690721267,0.246220677069239
Tabanan,Bali,Rice Field,2028,0,0.35,18486618382.6074,18486618382.6074,17448749241.3737,30521074844.6614,334252511665.529,38477887007.8106,1805229458183.3,31639108631.3275,35072479644.8547,38477887007.8106,42983194495.2932,3.9239,23.5825338063138,0.339938730706391
Tabanan,Bali,Rice Field,2028,0,0.45,18505747081.9654,18505747081.9654,16875788733.3757,34199645977.5152,328624820575.615,45826544324.3981,1797058270954.57,35789766727.0838,40764176556.2923,45826544324.3981,52706324429.6936,3.9239,23.5491458123683,0.429421381626228
Tabanan,Bali,Rice Field,2028,0,0.55,18524662146.4616,18524662146.4616,16231603675.5897,37809414566.2922,322671206862.368,53672754140.4911,1787680001973.21,39923504004.9199,46654337575.6877,53672754140.4911,63456518864.6503,3.9239,23.5102260229316,0.514087049676788
Tabanan,Bali,Rice Field,2028,0,0.65,18543148606.4533,18543148606.4533,15547384575.1949,41278989461.7596,316501254191.078,61862869590.7134,1777222908697.41,43955628238.778,52619817029.0605,61862869590.7134,75059697520.345,3.9239,23.4671582669041,0.59364626421662
Tabanan,Bali,Rice Field,2028,0,0.75,18561056527.4836,18561056527.4836,14848845221.9869,44556676589.3047,310217432455.692,70248036286.8743,1765846205303.83,47820914295.0942,58552475659.5356,70248036286.8743,87324406179.5595,3.9239,23.4211879363422,0.668047230836577
Tabanan,Bali,Rice Field,2028,0,0.85,18578292034.0612,18578292034.0612,14155531157.5686,47609891384.3706,303908642869.729,78695242346.5511,1753721181425.21,51474301100.0781,64364671575.4145,78695242346.5511,100060401839.939,3.9239,23.3733712791841,0.737412180470106
Tabanan,Bali,Rice Field,2028,0,0.95,18594805408.8877,18594805408.8878,13481223389.2419,50422342481.6712,297647414579.572,87093113383.4564,1741016423068.03,54888819657.7402,69990493586.6896,87093113383.4564,113091775328.767,3.9239,23.3245636941909,0.801978061267079
Badung,Bali,Rice Field,2028,1,0.15,9543837595.75179,9543837595.7518,9438247944.31013,12062810714.4387,178017845610.161,13353563190.6645,940322332848.176,12254753072.4552,12821464163.9309,13353563190.6645,14018389686.1527,3.9239,22.9680362007584,0.14916638004195
Badung,Bali,Rice Field,2028,1,0.25,9553472238.5272,9553472238.52719,9268229442.55378,13895837521.392,175600168253.063,16434574408.3362,937427839203.099,14262696214.85,15367698552.4007,16434574408.3362,17806913600.7671,3.9239,22.9498581996358,0.246220677069239
Badung,Bali,Rice Field,2028,1,0.35,9563307072.44854,9563307072.44853,9026407294.82478,15788848175.4613,172912067671.717,19904984315.6208,933862715588.863,16367217902.0371,18143334042.7205,19904984315.6208,22235623595.714,3.9239,22.9234202619536,0.339938730706391
Badung,Bali,Rice Field,2028,1,0.45,9573166620.07135,9573166620.07137,8729976513.46756,17691742345.7748,170000170699.798,23706427116.746,929632193589.794,18514324153.1576,21087624972.6604,23706427116.746,27265390770.8873,3.9239,22.8900285164698,0.429421381626228
Badung,Bali,Rice Field,2028,1,0.55,9582905102.07964,9582905102.07963,8396693901.78078,19559008897.9394,166919511410.695,27765197844.3138,924776261847.618,20652638477.119,24134534063.4782,27765197844.3138,32826390763.8619,3.9239,22.8511038822001,0.514087049676788
Badung,Bali,Rice Field,2028,1,0.65,9592411867.06785,9592411867.06786,8042696494.86954,21353712725.7745,163726800182.562,32001799531.8395,919361349122.82,22738343896.75,27220347958.4279,32001799531.8395,38828547864.9567,3.9239,22.8080302488423,0.59364626421662
Badung,Bali,Rice Field,2028,1,0.75,9601610369.47595,9601610369.47597,7681288295.58078,23049110773.1815,160475073811.038,36339217686.7002,913469942330.039,24737696687.3473,30289119405.3868,36339217686.7002,45172801593.5126,3.9239,22.7620531168584,0.668047230836577
Badung,Bali,Rice Field,2028,1,0.85,9610453296.19527,9610453296.19527,7322582227.86216,24628347791.4735,157210351374.326,40708637253.5059,907190794381.711,26627386724.7663,33295507949.0828,40708637253.5059,51760722509.8106,3.9239,22.7142288660824,0.737412180470106
Badung,Bali,Rice Field,2028,1,0.95,9618916236.1033,9618916236.10332,6973708822.96701,26082998885.672,153970180691.709,45052440396.9562,900611260560.286,28393465109.026,36205417606.1506,45052440396.9562,58501301302.1197,3.9239,22.6654130325311,0.801978061267079
Bangli,Bali,Rice Field,2028,1,0.15,944746006.424978,944746006.424978,934293669.980808,1194099557.37293,17622014941.6038,1321871350.94791,93082657767.1404,1213099962.01945,1269198783.38945,1321871350.94791,1387682631.81647,3.9239,20.6553013685939,0.14916638004195
Bangli,Bali,Rice Field,2028,1,0.25,945700640.790773,945700640.790772,917464384.045801,1375552481.88284,17382705208.4981,1626862690.44764,92796219646.1201,1411867917.02733,1521252378.78173,1626862690.44764,1762710895.29512,3.9239,20.6371243186608,0.246220677069239
Bangli,Bali,Rice Field,2028,1,0.35,946674811.765042,946674811.765042,893526931.845662,1562943107.57343,17116620628.717,1970400734.5392,92443367529.3591,1620196110.94233,1796014413.16944,1970400734.5392,2201111458.87961,3.9239,20.6106870340744,0.339938730706391
Bangli,Bali,Rice Field,2028,1,0.45,947650995.781304,947650995.781304,864183322.453574,1751311547.83502,16828374292.461,2346707223.97118,92024604702.7601,1832739198.66516,2087471115.57694,2346707223.97118,2699010237.66001,3.9239,20.5772954830273,0.429421381626228
Bangli,Bali,Rice Field,2028,1,0.55,948614664.994576,948614664.994577,831191260.672216,1936152187.2233,16523412755.4443,2748485304.92867,91543880950.792,2044410908.96066,2389084802.73463,2748485304.92867,3249494317.8227,3.9239,20.5383704835845,0.514087049676788
Bangli,Bali,Rice Field,2028,1,0.65,949554819.784533,949554819.784534,796148176.975846,2113808406.06581,16207349558.7689,3167864704.76328,91007768669.7614,2250873329.90812,2694547832.00819,3167864704.76328,3843645923.60589,3.9239,20.4952958784642,0.59364626421662
Bangli,Bali,Rice Field,2028,1,0.75,950463877.074162,950463877.074161,760371101.659329,2281632595.53153,15885435354.9993,3597220924.74662,90424433982.2242,2448785797.2333,2998321401.8689,3597220924.74662,4471657824.9587,3.9239,20.449317163726,0.668047230836577
Bangli,Bali,Rice Field,2028,1,0.85,951337175.934958,951337175.934959,724861198.791092,2437956058.23923,15562226577.1173,4029741241.88741,89802666093.0722,2635840590.29721,3295916803.02327,4029741241.88741,5123785326.16467,3.9239,20.4014907445467,0.737412180470106
Bangli,Bali,Rice Field,2028,1,0.95,952172340.127769,952172340.127768,690324407.276898,2581944730.2497,15241441307.9982,4459721505.86215,89151117492.2654,2810656778.12261,3583958562.60383,4459721505.86215,5791018405.20078,3.9239,20.3526722005408,0.801978061267079
Buleleng,Bali,Rice Field,2028,1,0.15,12603348588.4562,12603348588.4562,12463909586.9957,15929840262.4022,235085827968.147,17634375072.0189,1241765697236.0,16183314446.4191,16931698664.3141,17634375072.0189,18512327990.7913,3.9239,23.2461030721168,0.14916638004195
Buleleng,Bali,Rice Field,2028,1,0.25,12616068311.0008,12616068311.0008,12239384053.2386,18350483576.1659,231893039807.003,21703073837.5559,1237942955266.64,18834947676.9235,20294185179.9263,21703073837.5559,23515349475.7003,3.9239,23.2279247903165,0.246220677069239
Buleleng,Bali,Rice Field,2028,1,0.35,12629049640.6391,12629049640.6391,11920034036.2785,20850334080.6522,228343089848.371,26285994281.4487,1233234330275.9,21614113799.5543,23959605661.1357,26285994281.4487,29363774691.4826,3.9239,23.201486353972,0.339938730706391
Buleleng,Bali,Rice Field,2028,1,0.45,12642060530.2133,12642060530.2133,11528566867.2269,23363228333.5894,224497549601.558,31306055609.2942,1227646705485.79,24449507243.4522,27847737527.5042,31306055609.2942,36005925122.288,3.9239,23.1680938675112,0.429421381626228
Buleleng,Bali,Rice Field,2028,1,0.55,12654908349.1401,12654908349.1401,11088432018.3615,25829063563.3786,220429097031.045,36665920226.9762,1221232884232.81,27273279273.02,31871370254.5418,36665920226.9762,43349585759.7068,3.9239,23.1291682413298,0.514087049676788
Buleleng,Bali,Rice Field,2028,1,0.65,12667447028.5591,12667447028.5591,10620940095.9218,28199062818.1295,216212626939.887,42260602026.4702,1214080603659.25,30027564581.345,35946362670.9069,42260602026.4702,51275798004.8618,3.9239,23.0860933701156,0.59364626421662
Buleleng,Bali,Rice Field,2028,1,0.75,12679575668.0598,12679575668.0598,10143660534.4479,30437909151.0667,211918184859.192,47988393888.7392,1206298819528.55,32667801017.8258,39998830054.6363,47988393888.7392,59653738685.7595,3.9239,23.0401147694172,0.668047230836577
Buleleng,Bali,Rice Field,2028,1,0.85,12691232053.0274,12691232053.0275,9669948692.01075,32523343828.9535,207606549757.591,53758417633.7759,1198004769704.95,35163205467.4777,43968895605.8421,53758417633.7759,68353418965.6212,3.9239,22.9922888405041,0.737412180470106
Buleleng,Bali,Rice Field,2028,1,0.95,12702384253.9603,12702384253.9603,9209221389.41986,34444241555.808,203327313679.789,59494582908.7099,1189313849323.5,37495357612.3845,47811532528.1942,59494582908.7099,77254650134.8133,3.9239,22.9434711439461,0.801978061267079
Denpasar CIty,Bali,Rice Field,2028,1,0.15,3438779564.42969,3438779564.42969,3400734120.76513,4346401178.58456,64142345617.9213,4811477537.3816,338811425669.533,4415560722.81126,4619754738.13794,4811477537.3816,5051023919.39399,3.9239,21.9472571631337,0.14916638004195
Denpasar CIty,Bali,Rice Field,2028,1,0.25,3442244191.22063,3442244191.22064,3339467385.78153,5006856648.12606,63271096000.9719,5921597601.35549,337767824474.554,5139040756.16814,5537187920.12593,5921597601.35549,6416069819.99857,3.9239,21.9290771658842,0.246220677069239
Denpasar CIty,Bali,Rice Field,2028,1,0.35,3445784056.25807,3445784056.25807,3252332075.73197,5688927574.69038,62302469365.8898,7172025019.71659,336482895689.983,5897321717.77911,6537279489.00466,7172025019.71659,8011784698.18289,3.9239,21.9026381377273,0.339938730706391
Denpasar CIty,Bali,Rice Field,2028,1,0.45,3449337376.61515,3449337376.61514,3145524932.33963,6374566593.5428,61253289125.495,8541736330.8344,334958660923.223,6670953597.56511,7598147602.45951,8541736330.8344,9824077570.82766,3.9239,21.8692466232947,0.429421381626228
Denpasar CIty,Bali,Rice Field,2028,1,0.55,3452852498.70819,3452852498.70819,3025444289.68202,7047379894.31305,60143395548.4433,10004182628.6124,333209605276.547,7441429672.00645,8696004537.09535,10004182628.6124,11827800042.3874,3.9239,21.8303237902666,0.514087049676788
Denpasar CIty,Bali,Rice Field,2028,1,0.65,3456289918.01372,3456289918.01371,2897904217.84285,7694063081.2192,58993222624.48,11530728518.854,331259687972.092,8192966466.80462,9807899777.17022,11530728518.854,13990508370.215,3.9239,21.7872536291747,0.59364626421662
Denpasar CIty,Bali,Rice Field,2028,1,0.75,3459622025.60659,3459622025.60658,2767697620.48527,8304983042.74527,57821873472.6486,13093632532.9229,329138614316.325,8913409004.22236,10913680163.9268,13093632532.9229,16276521680.9981,3.9239,21.7412816275804,0.668047230836577
Denpasar CIty,Bali,Rice Field,2028,1,0.85,3462831477.26173,3462831477.26174,2638467453.30078,8874068198.11794,56645918409.0639,14668106293.5583,326878321120.477,9594360439.19447,11997012984.0959,14668106293.5583,18650385540.4762,3.9239,21.69346407543,0.737412180470106
Denpasar CIty,Bali,Rice Field,2028,1,0.95,3465909022.05596,3465909022.05597,2512782077.88034,9398283438.71187,55478873636.9291,16233394262.3775,324510227215.12,10230795702.2683,13045615581.6673,16233394262.3775,21079317358.4356,3.9239,21.6446563738329,0.801978061267079
Gianyar,Bali,Rice Field,2028,1,0.15,11371003921.0909,11371003921.0909,11245199146.1747,14372234078.4923,212099336367.411,15910100929.3338,1120346907271.91,14600923773.1494,15276131621.0034,15910100929.3338,16702208361.0871,3.9239,23.143207131954,0.14916638004195
Gianyar,Bali,Rice Field,2028,1,0.25,11382493941.7343,11382493941.7343,11042641130.5232,16556209350.2199,209218994037.31,19580989923.5871,1116899325620.21,16993303503.1623,18309859630.478,19580989923.5871,21216064810.8992,3.9239,23.125030082021,0.246220677069239
Gianyar,Bali,Rice Field,2028,1,0.35,11394219105.845,11394219105.845,10754528917.3172,18811651050.965,206016388490.997,23715828726.6545,1112652382234.4,19500750683.432,21616907396.906,23715828726.6545,26492673014.1894,3.9239,23.0985927974345,0.339938730706391
Gianyar,Bali,Rice Field,2028,1,0.45,11405968499.0164,11405968499.0164,10401347961.6029,21078861770.3093,202547043082.268,28245069959.4967,1107612134685.45,22058928508.4356,25124892911.9177,28245069959.4967,32485404316.9047,3.9239,23.0652012463874,0.429421381626228
Gianyar,Bali,Rice Field,2028,1,0.55,11417567263.4761,11417567263.4761,10004254074.6435,23303611725.2888,198876512791.993,33080888373.0238,1101826122750.58,24606618396.9191,28755128336.0428,33080888373.0238,39111054588.4681,3.9239,23.0262762469447,0.514087049676788
Gianyar,Bali,Rice Field,2028,1,0.65,11428883007.3166,11428883007.3166,9582473998.93151,25441889682.8838,195072362444.42,38128557024.1881,1095373452076.9,27091609052.8049,32431694608.8782,38128557024.1881,46262289092.9134,3.9239,22.9832016418243,0.59364626421662
Gianyar,Bali,Rice Field,2028,1,0.75,11439824460.294,11439824460.294,9151859568.23523,27461828908.3375,191197789121.617,43296307115.5064,1088352410469.75,29473692095.9536,36087926474.9234,43296307115.5064,53821067583.8618,3.9239,22.9372229270862,0.668047230836577
Gianyar,Bali,Rice Field,2028,1,0.85,11450335523.2706,11450335523.2706,8724460836.71771,29343344887.5732,187307634248.632,48502140417.4862,1080868785180.55,31725091700.634,39669797634.3795,48502140417.4862,61670102480.897,3.9239,22.8893965079069,0.737412180470106
Gianyar,Bali,Rice Field,2028,1,0.95,11460387595.7288,11460387595.7288,8308774515.67584,31076398790.8329,183446648832.262,53677401529.3591,1073026717953.83,33829186921.6924,43136680749.3691,53677401529.3591,69700948768.0506,3.9239,22.840577963901,0.801978061267079
Jembrana,Bali,Rice Field,2028,1,0.15,3373084692.24405,3373084692.24405,3335766073.46372,4263366990.27887,62916962275.3413,4719558472.51569,332338730084.556,4331205301.97721,4531498369.45695,4719558472.51569,4954528530.67423,3.9239,21.9279681971208,0.14916638004195
Jembrana,Bali,Rice Field,2028,1,0.25,3376488010.92905,3376488010.92906,3275674520.63345,4911212135.37244,62062446827.7096,5808479060.70052,331315544877.572,5040871169.2021,5431412644.76551,5808479060.70052,6293505521.70641,3.9239,21.9097896453254,0.246220677069239
Jembrana,Bali,Rice Field,2028,1,0.35,3379960237.16284,3379960237.16284,3190203714.03101,5580253631.86386,61112323261.035,7035019894.10899,330055159972.095,5784666881.73607,6412399724.21565,7035019894.10899,7858737885.61628,3.9239,21.883350611902,0.339938730706391
Jembrana,Bali,Rice Field,2028,1,0.45,3383438962.10193,3383438962.10193,3085430750.98808,6252782672.21017,60083065921.3355,8378549370.57704,328559389911.939,6543507303.57511,7452987583.13695,8378549370.57704,9636391918.40021,3.9239,21.8499571121055,0.429421381626228
Jembrana,Bali,Rice Field,2028,1,0.55,3386872532.9128,3386872532.9128,2967631593.99816,6912712721.4327,58994125725.1336,9813014419.74926,326842360117.054,7299232669.5537,8529834078.86443,9813014419.74926,11601784641.3462,3.9239,21.8110300285358,0.514087049676788
Jembrana,Bali,Rice Field,2028,1,0.65,3390221914.51035,3390221914.51035,2842509922.06373,7546988790.96485,57865549734.9126,11310315234.5952,324927561112.189,8036355490.85302,9620418873.59743,11310315234.5952,13723075666.9572,3.9239,21.7679532741945,0.59364626421662
Jembrana,Bali,Rice Field,2028,1,0.75,3393460259.01862,3393460259.01863,2714768207.2149,8146158655.13179,56716088716.9556,12843230074.7874,322844171740.142,8742949086.44075,10704967086.5221,12843230074.7874,15965249692.2227,3.9239,21.7219724118128,0.668047230836577
Jembrana,Bali,Rice Field,2028,1,0.85,3396571120.57511,3396571120.57511,2587981082.33247,8704265270.10085,55562013869.3044,14387435992.0115,320623591633.122,9410774911.2658,11767453340.5729,14387435992.0115,18293515387.7212,3.9239,21.674143903795,0.737412180470106
Jembrana,Bali,Rice Field,2028,1,0.95,3399546170.4196,3399546170.41961,2464669048.03227,9218331545.71333,54416602170.2834,15922568349.7141,318296727689.854,10034903434.759,12795827071.3971,15922568349.7141,20675705030.0244,3.9239,21.6253233749941,0.801978061267079
Karangasem,Bali,Rice Field,2028,1,0.15,6994665190.97867,6994665190.97867,6917278683.50128,8840817057.40744,130469029420.269,9786807737.26197,689160919167.431,8981491342.44457,9396833106.71046,9786807737.26197,10274058143.5452,3.9239,22.6572882754021,0.14916638004195
Karangasem,Bali,Rice Field,2028,1,0.25,7001733067.1307,7001733067.1307,6792678823.09641,10184249520.9894,128697239490.878,12044887995.279,687040202338.945,10453119998.7399,11262975432.7552,12044887995.279,13050674421.7275,3.9239,22.639111225469,0.246220677069239
Karangasem,Bali,Rice Field,2028,1,0.35,7008945587.48796,7008945587.48797,6615451862.06524,11571643251.9178,126727215235.264,14588358496.8132,684427772752.7,11995530293.5353,13297245410.7852,14588358496.8132,16296483497.3474,3.9239,22.6126739408826,0.339938730706391
Karangasem,Bali,Rice Field,2028,1,0.45,7016173011.90903,7016173011.90902,6398199053.58903,12966276479.4903,124593110829.503,17374438443.0302,681327356612.735,13569146617.0419,15455118571.5533,17374438443.0302,19982802606.2735,3.9239,22.5792823898355,0.429421381626228
Karangasem,Bali,Rice Field,2028,1,0.55,7023307779.83168,7023307779.83168,6153934008.22098,14334790744.0807,122335251221.681,20349103737.4685,677768197143.946,15136311478.1261,17688191529.0859,20349103737.4685,24058450248.6196,3.9239,22.5403573903927,0.514087049676788
Karangasem,Bali,Rice Field,2028,1,0.65,7030268452.79427,7030268452.79428,5894483705.12513,15650113340.2576,119995197678.294,23454084832.797,673798954739.026,16664908052.4701,19949764061.2376,23454084832.797,28457401423.7213,3.9239,22.4972827852724,0.59364626421662
Karangasem,Bali,Rice Field,2028,1,0.75,7036998887.57477,7036998887.57475,5629599110.05981,16892642028.6848,117611824729.083,26632931830.8511,669480089344.668,18130202890.0726,22198828254.7815,26632931830.8511,33107045831.8892,3.9239,22.4513040705342,0.668047230836577
Karangasem,Bali,Rice Field,2028,1,0.85,7043464575.81413,7043464575.81414,5366692593.55874,18050022187.689,115218867074.12,29835205019.7519,664876674054.693,19515110199.4996,24402150819.0406,29835205019.7519,37935236162.1412,3.9239,22.4034776513549,0.737412180470106
Karangasem,Bali,Rice Field,2028,1,0.95,7049647924.42686,7049647924.42685,5110990752.24949,19116078614.6626,112843852477.153,33018672284.7926,660052769759.464,20809405910.1838,26534740589.8199,33018672284.7926,42875264445.3664,3.9239,22.354659107349,0.801978061267079
Klungkung,Bali,Rice Field,2028,1,0.15,1262486478.22276,1262486478.22276,1248518773.31916,1595703537.86388,23548716196.2203,1766448013.72264,124388561569.838,1621094228.88968,1696060413.39029,1766448013.72264,1854393188.02984,3.9239,20.9452237042704,0.14916638004195
Klungkung,Bali,Rice Field,2028,1,0.25,1263762178.74995,1263762178.74996,1226029399.68159,1838183381.19724,23228920928.3935,2174015168.7832,124005787520.33,1886712557.8319,2032885606.41158,2174015168.7832,2355552344.43085,3.9239,20.9270466543373,0.246220677069239
Klungkung,Bali,Rice Field,2028,1,0.35,1265063986.51006,1265063986.51006,1194041215.00522,2088597915.33779,22873345798.4084,2633093198.72047,123534262874.347,2165106460.59685,2400056624.63698,2633093198.72047,2941397407.34364,3.9239,20.9006093697509,0.339938730706391
Klungkung,Bali,Rice Field,2028,1,0.45,1266368484.34589,1266368484.34589,1154828654.35102,2340319126.26314,22488155388.0279,3135960478.756,122974660184.769,2449132825.84734,2789537123.38953,3135960478.756,3606751345.28992,3.9239,20.8672178187038,0.429421381626228
Klungkung,Bali,Rice Field,2028,1,0.55,1267656258.35389,1267656258.35388,1110740580.30319,2587326053.27498,22080628058.7316,3672866050.20643,122332257642.188,2731994748.7906,3192590641.57735,3672866050.20643,4342376267.70918,3.9239,20.828292819261,0.514087049676788
Klungkung,Bali,Rice Field,2028,1,0.65,1268912609.48073,1268912609.48073,1063911677.0625,2824732268.84565,21658265318.5316,4233292681.21163,121615838095.551,3007895374.92149,3600788126.86141,4233292681.21163,5136355139.50575,3.9239,20.7852182141407,0.59364626421662
Klungkung,Bali,Rice Field,2028,1,0.75,1270127404.2809,1270127404.2809,1016101923.42472,3048999710.54772,21228083738.8869,4807051573.42544,120836314127.96,3272370495.39885,4006727947.49305,4807051573.42544,5975582326.73797,3.9239,20.7392394994025,0.668047230836577
Klungkung,Bali,Rice Field,2028,1,0.85,1271294414.24517,1271294414.24517,968649198.66138,3257898458.52362,20796172189.1752,5385038723.65768,120005430962.211,3522336248.44138,4404411734.864,5385038723.65768,6847035761.57723,3.9239,20.6914130802232,0.737412180470106
Klungkung,Bali,Rice Field,2028,1,0.95,1272410463.94885,1272410463.94885,922496865.662524,3450313933.36472,20367499231.659,5959631540.64662,119134751125.695,3755947263.25709,4789328764.58509,5959631540.64662,7738675138.06286,3.9239,20.6425945362173,0.801978061267079
Tabanan,Bali,Rice Field,2028,1,0.15,19751810977.6417,19751810977.6417,19533283910.773,24965047309.3466,368423582428.106,27636373039.0179,1946079738902.89,25362288894.4123,26535147322.2154,27636373039.0179,29012289921.5155,3.9239,23.6953857146928,0.14916638004195
Tabanan,Bali,Rice Field,2028,1,0.25,19771750717.922,19771750717.922,19181415673.7351,28758657442.0263,363419986580.709,34012796629.7267,1940089329826.88,29517903761.5479,31804803248.4868,34012796629.7267,36852973241.5091,3.9239,23.6772077135702,0.246220677069239
Tabanan,Bali,Rice Field,2028,1,0.35,19792104771.3792,19792104771.3793,18680943478.538,32676409419.9604,357856726095.719,41195115043.6669,1932710993069.39,33873396418.1047,37549224923.4781,41195115043.6669,46018577938.5048,3.9239,23.650769775888,0.339938730706391
Tabanan,Bali,Rice Field,2028,1,0.45,19812509972.0144,19812509972.0144,18067453914.9762,36614616203.6988,351830299304.746,49062535135.0944,1923955555854.11,38317021573.6629,43642693858.5784,49062535135.0944,56428123313.6051,3.9239,23.6173780304042,0.429421381626228
Tabanan,Bali,Rice Field,2028,1,0.55,19832664616.7165,19832664616.7165,17377696248.6154,40479088499.3764,345454604061.152,57462517994.0011,1913905778190.83,42742451062.9984,49948540099.5789,57462517994.0011,67937101709.9678,3.9239,23.5784533961345,0.514087049676788
Tabanan,Bali,Rice Field,2028,1,0.65,19852339702.6735,19852339702.6735,16645067492.3383,44193385857.4986,338847007478.374,66230537659.0481,1902699140239.63,47059001799.5628,56334903253.1555,66230537659.0481,80359093527.1491,3.9239,23.5353797627767,0.59364626421662
Tabanan,Bali,Rice Field,2028,1,0.75,19871376812.1192,19871376812.1192,15897101449.6954,47702161172.2788,332117273867.865,75207205866.8071,1890506355922.43,51196838178.4087,62685995562.2803,75207205866.8071,93489084391.2448,3.9239,23.4894026307928,0.668047230836577
Tabanan,Bali,Rice Field,2028,1,0.85,19889678026.4155,19889678026.4155,15154727705.9023,50970531024.6833,325360643757.867,84250103810.08,1877511107194.47,55107717848.2437,68907980968.5347,84250103810.08,107123365923.056,3.9239,23.4415783800167,0.737412180470106
Tabanan,Bali,Rice Field,2028,1,0.95,19907192824.5983,19907192824.5983,14432703522.2885,53981059353.8553,318654825661.502,93239986313.0793,1863894183492.87,58762772334.2006,74930294836.7008,93239986313.0793,121073586350.618,3.9239,23.3927625464655,0.801978061267079
