Regency/City,Province,Exposure,Climate Change,CV,AAL,Lognormal_Mean,Lognormal_Median,VaR_95%,TVaR_95%,VaR_99%,TVaR_99%,PML_25,PML_50,PML_100,PML_250,Prob_Any_Loss (%),μ,σ
Badung,Bali,Airport,0,0.15,1759189149.87016,1759189149.87016,1739726101.87808,2223504487.88273,32813536414.3304,2461425316.74881,173327011145.227,2258884691.10135,2363344976.93846,2461425316.74881,2583970943.25126,3.864,21.2769935250684,0.14916638004195
Badung,Bali,Airport,0,0.25,1764722725.02544,1764722725.02545,1712032516.51947,2566846864.15568,32436961106.6401,3035803759.135,173162193766.76,2634613206.80622,2838729855.45443,3035803759.135,3289303020.85465,3.864,21.2609471077796,0.246220677069239
Badung,Bali,Airport,0,0.35,1770214959.32275,1770214959.32275,1670832181.92091,2922593096.60766,32006870272.0776,3684510048.00531,172862560677.55,3029652164.58987,3358419957.77205,3684510048.00531,4115922789.13669,3.864,21.2365876517861,0.339938730706391
Badung,Bali,Airport,0,0.45,1775555570.92319,1775555570.92319,1619167308.75832,3281325075.39539,31530293174.9945,4396881450.44625,172420859862.314,3433891072.47899,3911166647.74683,4396881450.44625,5056970007.72414,3.864,21.2051778471045,0.429421381626228
Badung,Bali,Airport,0,0.55,1780644546.36639,1780644546.36639,1560229079.22454,3634351186.35262,31016097363.9503,5159181646.23504,171837014947.659,3837563628.21312,4484550979.21195,5159181646.23504,6099625642.52858,3.864,21.1680984930838,0.514087049676788
Badung,Bali,Airport,0,0.65,1785401652.85322,1785401652.85322,1496958618.36739,3974490933.40532,30473889540.3238,5956381624.37336,171117472335.453,4232207430.10193,5066426974.74923,5956381624.37336,7227020117.22262,3.864,21.1267012989606,0.59364626421662
Badung,Bali,Airport,0,0.75,1789770620.35977,1789770620.35977,1431816496.28782,4296427338.73085,29913062637.9226,6773745411.42353,170273693937.996,4611185107.77499,5645987906.43169,6773745411.42353,8420353463.66826,3.864,21.0822097522231,0.668047230836577
Badung,Bali,Airport,0,0.85,1793718773.6936,1793718773.6936,1366704858.68043,4596695747.54716,29342128824.5307,7597960745.72303,169320333708.786,4969801318.47909,6214355956.71416,7597960745.72303,9660749274.18343,3.864,21.035668466974,0.737412180470106
Badung,Bali,Airport,0,0.95,1797233787.15409,1797233787.15409,1302993477.72346,4873443714.13538,28768356451.0862,8417764131.3942,168273529661.809,5305139745.03587,6764753762.54634,8417764131.3942,10930598906.5608,3.864,20.9879301294921,0.801978061267079
Buleleng,Bali,Airport,0,0.15,71829538.7556908,71829538.7556908,71034842.0852649,90788021.1730574,1339811120.23023,100502578.245606,7077123722.24614,92232631.9918906,96497855.06385,100502578.245606,105506244.75233,3.864,18.0786810482305,0.14916638004195
Buleleng,Bali,Airport,0,0.25,72046006.4308152,72046006.4308152,69894892.8042776,104793270.387115,1324261015.82128,123938754.826302,7069464425.64464,107559877.451872,115893078.567607,123938754.826302,134288034.733601,3.864,18.0625031402182,0.246220677069239
Buleleng,Bali,Airport,0,0.35,72260642.4654548,72260642.4654549,68203811.2273967,119301022.575681,1306528903.16419,150402673.888343,7056295410.33948,123671202.023892,137091590.227132,150402673.888343,168013055.993499,3.864,18.0380110043519,0.339938730706391
Buleleng,Bali,Airport,0,0.45,72468983.9540059,72468983.9540058,66086024.9258475,133926697.722597,1286903292.45832,179457932.209004,7037326643.73951,140153651.683171,159633569.164852,179457932.209004,206399328.946433,3.864,18.0064678592593,0.429421381626228
Buleleng,Bali,Airport,0,0.55,72666995.4041144,72666995.4041145,63671977.4088179,148315609.364341,1265747624.47619,210542991.155075,7012561603.5717,156608582.607581,183011733.622471,210542991.155075,248921925.174189,3.864,17.9692551086621,0.514087049676788
Buleleng,Bali,Airport,0,0.65,72851455.2278427,72851455.2278427,61081837.5739965,162174963.726354,1243455328.89883,243043949.541842,6982270266.53967,172690817.002598,206730276.812632,243043949.541842,294891030.071116,3.864,17.9277251225706,0.59364626421662
Buleleng,Bali,Airport,0,0.75,73020122.458805,73020122.4588049,58416097.967044,175288188.799535,1220410857.1745,276359279.686626,6946927076.25641,188129862.79899,230348360.643947,276359279.686626,343538570.847633,3.864,17.8831020599345,0.668047230836577
Buleleng,Bali,Airport,0,0.85,73171717.3245946,73171717.3245945,55752408.3775894,187514412.403725,1196962415.47904,309945931.370609,6907136044.48321,202734621.81941,253504118.977779,309945931.370609,394093893.313446,3.864,17.8364311669694,0.737412180470106
Buleleng,Bali,Airport,0,0.95,73305785.2226702,73305785.2226703,53146652.7656296,198778601.179585,1173407140.62133,343344763.42569,6863560718.82124,216386670.173648,275921580.122704,343344763.42569,445838566.761155,3.864,17.7885656836407,0.801978061267079
Badung,Bali,Airport,1,0.15,2055858965.0,2055858965.0,2033113667.0,2598476483.0,38347214121.0,2876520302.0,202556893759.0,2639823207.0,2761899685.0,2876520302.0,3019732034.0,3.9239,21.43283428,0.14916638
Badung,Bali,Airport,1,0.25,2057878735.0,2057878735.0,1996435621.0,2993251859.0,37825394064.0,3540111946.0,201927923973.0,3072275557.0,3310300095.0,3540111946.0,3835722544.0,3.9239,21.41462924,0.2462206771
Badung,Bali,Airport,1,0.35,2059957120.0,2059957120.0,1944307742.0,3400952200.0,37245635042.0,4287576867.0,201156057832.0,3525534295.0,3908113571.0,4287576867.0,4789601631.0,3.9239,21.38817183,0.3399387307
Badung,Bali,Airport,1,0.45,2062065154.0,2062065154.0,1880441559.0,3810810659.0,36618126688.0,5106376940.0,200243266213.0,3987995215.0,4542285573.0,5106376940.0,5872979594.0,3.9239,21.35477246,0.4294213816
Badung,Bali,Airport,1,0.55,2064177175.0,2064177175.0,1808664879.0,4213050146.0,35954800964.0,5980679872.0,199198680547.0,4448620174.0,5198627538.0,5980679872.0,7070871082.0,3.9239,21.31585477,0.5140870497
Badung,Bali,Airport,1,0.65,2066272235.0,2066272235.0,1732452765.0,4599738244.0,35267891536.0,6893410203.0,198036829078.0,4897997428.0,5863452277.0,6893410203.0,8363939276.0,3.9239,21.27280402,0.5936462642
Badung,Bali,Airport,1,0.75,2068334419.0,2068334419.0,1654667535.0,4965132650.0,34568796876.0,7828025905.0,196775462625.0,5328880004.0,6524741765.0,7828025905.0,9730915622.0,3.9239,21.22686594,0.6680472308
Badung,Bali,Airport,1,0.85,2070352459.0,2070352459.0,1577482940.0,5305614504.0,33867376225.0,8769745258.0,195433517400.0,5736261742.0,7172756020.0,8769745258.0,11150664365.0,3.9239,21.17909634,0.7374121805
Badung,Bali,Airport,1,0.95,2072318965.0,2072318965.0,1502430076.0,5619374566.0,33171650280.0,9706189799.0,194029529872.0,6117146129.0,7800169135.0,9706189799.0,12603639867.0,3.9239,21.13034968,0.8019780613
Buleleng,Bali,Airport,1,0.15,75122632.5,75122632.5,74291502.2,94950284.63,1401236039.0,105110214.8,7401581212.0,96461125.01,100921891.3,105110214.8,110343279.2,3.9239,18.12350713,0.14916638
Buleleng,Bali,Airport,1,0.25,75196059.42,75196059.42,72950893.09,109375125.4,1382161413.0,129357704.0,7378561191.0,112262696.3,120960248.2,129357704.0,140159483.4,3.9239,18.10529708,0.2462206771
Buleleng,Bali,Airport,1,0.35,75271732.05,75271732.05,71045853.29,124272277.4,1360971757.0,156669929.6,7350330128.0,128824561.5,142804175.2,156669929.6,175014133.6,3.9239,18.07883605,0.3399387307
Buleleng,Bali,Airport,1,0.45,75348652.14,75348652.14,68712056.28,139248484.1,1338040403.0,186588973.2,7316965802.0,145722875.8,165976858.2,186588973.2,214600928.4,3.9239,18.04543523,0.4294213816
Buleleng,Bali,Airport,1,0.55,75425920.99,75425920.99,66089391.9,153946662.7,1313803877.0,218536612.5,7278805385.0,162554492.8,189960084.1,218536612.5,258372667.8,3.9239,18.00651881,0.5140870497
Buleleng,Bali,Airport,1,0.65,75502792.18,75502792.18,63304834.12,168077117.3,1288709319.0,251889228.0,7236381199.0,178975681.8,214253964.9,251889228.0,305623217.7,3.9239,17.96347225,0.5936462642
Buleleng,Bali,Airport,1,0.75,75578687.71,75578687.71,60462950.17,181430143.3,1263173053.0,286042682.4,7190341708.0,194721779.0,238419578.4,286042682.4,355575880.8,3.9239,17.91754134,0.6680472308
Buleleng,Bali,Airport,1,0.85,75653187.99,75653187.99,57643138.45,193873584.1,1237554973.0,320457120.2,7141377581.0,209609956.1,262101198.0,320457120.2,407458789.9,3.9239,17.86978178,0.7374121805
Buleleng,Bali,Airport,1,0.95,75726008.26,75726008.26,54901313.09,205341364.9,1212147698.0,354680443.2,7090164222.0,223530772.1,285031253.6,354680443.2,460558124.9,3.9239,17.82104782,0.8019780613
Badung,Bali,Educational Facilities,0,0.15,954609005.0,954609005.0,944047547.8,1206565767.0,17805985984.0,1335671478.0,94054425958.0,1225764533.0,1282449017.0,1335671478.0,1402169819.0,3.9239,20.66568709,0.14916638
Badung,Bali,Educational Facilities,0,0.25,955545299.2,955545299.2,927015105.6,1389871859.0,17563657603.0,1643798184.0,93762219927.0,1426565335.0,1537088479.0,1643798184.0,1781060557.0,3.9239,20.64748042,0.246220677
Badung,Bali,Educational Facilities,0,0.35,956509002.2,956509002.2,902809014.7,1579179179.0,17294430480.0,1990869533.0,93403682173.0,1637026935.0,1814671662.0,1990869533.0,2223976913.0,3.9239,20.62102159,0.339938731
Badung,Bali,Educational Facilities,0,0.45,957486838.2,957486838.2,873152838.7,1769488730.0,17003039057.0,2371064126.0,92979744849.0,1851761533.0,2109137359.0,2371064126.0,2727023757.0,3.9239,20.58762117,0.429421382
Badung,Bali,Educational Facilities,0,0.55,958467020.4,958467020.4,839824051.2,1956261153.0,16695025678.0,2777031199.0,92494659897.0,2065644254.0,2413897947.0,2777031199.0,3283243715.0,3.9239,20.54870297,0.51408705
Badung,Bali,Educational Facilities,0,0.65,959439899.4,959439899.4,804436258.9,2135813628.0,16376071720.0,3200842890.0,91955180050.0,2274305428.0,2722598682.0,3200842890.0,3883659144.0,3.9239,20.50565229,0.593646264
Badung,Bali,Educational Facilities,0,0.75,960398123.3,960398123.3,768318498.6,2305480214.0,16051469888.0,3634819069.0,91369549956.0,2474380501.0,3029659850.0,3634819069.0,4518395582.0,3.9239,20.45971492,0.668047231
Badung,Bali,Educational Facilities,0,0.85,961336462.5,961336462.5,732480048.4,2463580854.0,15725797566.0,4072096926.0,90746561289.0,2663545305.0,3330559427.0,4072096926.0,5177640257.0,3.9239,20.41194666,0.73741218
Badung,Bali,Educational Facilities,0,0.95,962251465.8,962251465.8,697631767.7,2609275650.0,15402778071.0,4506929445.0,90094817788.0,2840408706.0,3621896200.0,4506929445.0,5852318655.0,3.9239,20.36320197,0.801978061
Bangli,Bali,Educational Facilities,0,0.15,63221781.3,63221781.3,62522317.82,79908356.91,1179253648.0,88458761.29,6229030228.0,81179851.49,84933947.71,88458761.29,92862808.91,3.9239,17.95103414,0.14916638
Bangli,Bali,Educational Facilities,0,0.25,63283584.63,63283584.63,61394095.01,92048041.57,1163200963.0,108865002.6,6209657862.0,94478166.72,101797862.3,108865002.6,117955576.3,3.9239,17.93282422,0.246220677
Bangli,Bali,Educational Facilities,0,0.35,63347230.88,63347230.88,59790813.22,104585140.2,1145367454.0,131850376.4,6185895382.0,108416254.3,120181226.2,131850376.4,147288502.9,3.9239,17.90636258,0.339938731
Bangli,Bali,Educational Facilities,0,0.45,63411864.17,63411864.17,57826642.62,117188638.5,1126067075.0,157029413.1,6157806787.0,122637352.4,139682684.3,157029413.1,180603694.1,3.9239,17.87296017,0.429421382
Bangli,Bali,Educational Facilities,0,0.55,63476720.98,63476720.98,55619312.75,129557971.9,1105667137.0,183915388.7,6125675264.0,136802123.8,159866039.4,183915388.7,217440496.9,3.9239,17.83404105,0.51408705
Bangli,Bali,Educational Facilities,0,0.65,63541172.92,63541172.92,53275690.81,141449300.9,1084544019.0,211983378.7,6089948938.0,150621247.4,180310526.8,211983378.7,257204497.5,3.9239,17.7909907,0.593646264
Bangli,Bali,Educational Facilities,0,0.75,63604738.08,63604738.08,50883790.46,152686122.1,1063048243.0,240724871.6,6051174145.0,163871960.8,200646707.4,240724871.6,299241908.7,3.9239,17.74505497,0.668047231
Bangli,Bali,Educational Facilities,0,0.85,63667070.58,63667070.58,48510444.32,163157211.1,1041482876.0,269685477.0,6009932992.0,176400390.0,220575178.8,269685477.0,342903031.9,3.9239,17.69728968,0.73741218
Bangli,Bali,Educational Facilities,0,0.95,63727939.13,63727939.13,46202719.78,172806969.6,1020094371.0,298484684.7,5966794823.0,188114437.4,239870749.8,298484684.7,387587050.1,3.9239,17.64854922,0.801978061
Buleleng,Bali,Educational Facilities,0,0.15,2028396313.0,2028396313.0,2005954852.0,2563765418.0,37834962936.0,2838095061.0,199851000000.0,2604559822.0,2725005573.0,2838095061.0,2979393737.0,3.9239,21.41938602,0.14916638
Buleleng,Bali,Educational Facilities,0,0.25,2030383175.0,2030383175.0,1969761010.0,2953258669.0,37320004523.0,3492812093.0,199230000000.0,3031226522.0,3266070786.0,3492812093.0,3784473003.0,3.9239,21.40117806,0.246220677
Buleleng,Bali,Educational Facilities,0,0.35,2032429281.0,2032429281.0,1918325361.0,3355504232.0,36747910193.0,4230280662.0,198468000000.0,3478421499.0,3855888250.0,4230280662.0,4725596715.0,3.9239,21.37471843,0.339938731
Buleleng,Bali,Educational Facilities,0,0.45,2034506906.0,2034506906.0,1855310600.0,3759881491.0,36128747678.0,5038133316.0,197567000000.0,3934698083.0,4481580687.0,5038133316.0,5794490791.0,3.9239,21.34131796,0.429421382
Buleleng,Bali,Educational Facilities,0,0.55,2036591310.0,2036591310.0,1784493705.0,4156746532.0,35474297490.0,5900753482.0,196537000000.0,4389168379.0,5129152571.0,5900753482.0,6976375270.0,3.9239,21.30240057,0.51408705
Buleleng,Bali,Educational Facilities,0,0.65,2038662134.0,2038662134.0,1709303252.0,4538275270.0,34796632224.0,6801298551.0,195391000000.0,4832549033.0,5785103208.0,6801298551.0,8252178008.0,3.9239,21.25935167,0.593646264
Buleleng,Bali,Educational Facilities,0,0.75,2040703771.0,2040703771.0,1632563017.0,4898803999.0,34106996189.0,7723452183.0,194147000000.0,5257692093.0,6437578470.0,7723452183.0,9600921409.0,3.9239,21.21341702,0.668047231
Buleleng,Bali,Educational Facilities,0,0.85,2042705031.0,2042705031.0,1556417278.0,5234763480.0,33415112256.0,8652634332.0,192824000000.0,5659659868.0,7076971243.0,8652634332.0,11001758714.0,3.9239,21.1656524,0.73741218
Buleleng,Bali,Educational Facilities,0,0.95,2044658447.0,2044658447.0,1482376216.0,5544369313.0,32728887834.0,9576635306.0,191440000000.0,6035496812.0,7696055473.0,9576635306.0,12435411324.0,3.9239,21.11691219,0.801978061
Denpasar CIty,Bali,Educational Facilities,0,0.15,347527938.0,347527938.0,343683011.5,439253465.0,6482316383.0,486254741.2,34240763014.0,446242826.6,466878963.3,486254741.2,510463638.2,3.9239,19.65523031,0.14916638
Denpasar CIty,Bali,Educational Facilities,0,0.25,347869456.3,347869456.3,337482944.1,505987490.5,6394108187.0,598430216.9,34134449194.0,519345872.8,559582192.4,598430216.9,648401041.9,3.9239,19.63702553,0.246220677
Denpasar CIty,Bali,Educational Facilities,0,0.35,348221014.3,348221014.3,328671314.2,574906638.9,6296108149.0,724784196.0,34003992507.0,595966350.9,660638640.5,724784196.0,809647891.0,3.9239,19.61056876,0.339938731
Denpasar CIty,Bali,Educational Facilities,0,0.45,348577749.6,348577749.6,317875546.1,644190995.4,6190039231.0,863197450.2,33849729238.0,674142810.4,767841734.1,863197450.2,992786288.5,3.9239,19.5771705,0.429421382
Denpasar CIty,Bali,Educational Facilities,0,0.55,348935337.4,348935337.4,305742693.7,712187932.1,6077918482.0,1010993908.0,33673203844.0,752009468.7,878793194.3,1010993908.0,1195283436.0,3.9239,19.53825444,0.51408705
Denpasar CIty,Bali,Educational Facilities,0,0.65,349290231.0,349290231.0,292860164.4,777556609.7,5961813634.0,1165287323.0,33476871346.0,827975435.3,991179461.1,1165287323.0,1413870947.0,3.9239,19.4952058,0.593646264
Denpasar CIty,Bali,Educational Facilities,0,0.75,349639724.7,349639724.7,279711779.7,839326366.5,5843651061.0,1323281572.0,33263730440.0,900815709.6,1102969081.0,1323281572.0,1644953847.0,3.9239,19.44927027,0.668047231
Denpasar CIty,Bali,Educational Facilities,0,0.85,349981891.6,349981891.6,266664963.8,896885452.0,5725096878.0,1482478030.0,33036979684.0,969684039.7,1212515632.0,1482478030.0,1884959535.0,3.9239,19.40150361,0.73741218
Denpasar CIty,Bali,Educational Facilities,0,0.95,350315459.4,350315459.4,253978509.6,949927986.9,5607506423.0,1640784259.0,32799749963.0,1034073853.0,1318580720.0,1640784259.0,2130584126.0,3.9239,19.35276021,0.801978061
Gianyar,Bali,Educational Facilities,0,0.15,964905824.1,964905824.1,954230446.5,1219580299.0,17998048929.0,1350078599.0,95068937034.0,1238986151.0,1296282059.0,1350078599.0,1417294219.0,3.9239,20.67641576,0.14916638
Gianyar,Bali,Educational Facilities,0,0.25,965849871.0,965849871.0,937012008.6,1404860196.0,17753063559.0,1661524855.0,94773348892.0,1441949373.0,1553664395.0,1661524855.0,1800267460.0,3.9239,20.65820666,0.246220677
Gianyar,Bali,Educational Facilities,0,0.35,966822355.7,966822355.7,912543359.6,1596206341.0,17480903973.0,2012335658.0,94410787375.0,1654677827.0,1834237971.0,2012335658.0,2247956468.0,3.9239,20.63174616,0.339938731
Gianyar,Bali,Educational Facilities,0,0.45,967810263.0,967810263.0,882566991.7,1788566991.0,17186362302.0,2396628448.0,93982233201.0,1871726842.0,2131877641.0,2396628448.0,2756425962.0,3.9239,20.59834526,0.429421382
Gianyar,Bali,Educational Facilities,0,0.55,968801933.1,968801933.1,848879666.2,1977355033.0,16875044009.0,2806975240.0,93492006927.0,2087917585.0,2439926411.0,2806975240.0,3318646119.0,3.9239,20.559428,0.51408705
Gianyar,Bali,Educational Facilities,0,0.65,969787731.4,969787731.4,813112332.6,2158848985.0,16552692307.0,3235364890.0,92946942798.0,2298834459.0,2751962683.0,3235364890.0,3925545511.0,3.9239,20.51637983,0.593646264
Gianyar,Bali,Educational Facilities,0,0.75,970760238.7,970760238.7,776608190.9,2330354952.0,16224655548.0,3674036571.0,92355372183.0,2501077571.0,3062348049.0,3674036571.0,4567146340.0,3.9239,20.47044652,0.668047231
Gianyar,Bali,Educational Facilities,0,0.85,971714106.5,971714106.5,740387183.4,2490175253.0,15895557828.0,4116055285.0,91726172019.0,2692298324.0,3366512875.0,4116055285.0,5233532975.0,3.9239,20.42268383,0.73741218
Gianyar,Bali,Educational Facilities,0,0.95,972645738.6,972645738.6,705167609.6,2637461133.0,15569159399.0,4555613449.0,91068025051.0,2871090897.0,3661020045.0,4555613449.0,5915535599.0,3.9239,20.37394608,0.801978061
Jembrana,Bali,Educational Facilities,0,0.15,1669826867.0,1669826867.0,1651352492.0,2110556181.0,31146693192.0,2336391244.0,164522000000.0,2144139161.0,2243293133.0,2336391244.0,2452711868.0,3.9239,21.22486048,0.14916638
Jembrana,Bali,Educational Facilities,0,0.25,1671462729.0,1671462729.0,1621557031.0,2431197152.0,30722770641.0,2875371164.0,164011000000.0,2495382259.0,2688711990.0,2875371164.0,3115473794.0,3.9239,21.20665265,0.246220677
Jembrana,Bali,Educational Facilities,0,0.35,1673147064.0,1673147064.0,1579213837.0,2762335745.0,30251806839.0,3482473773.0,163384000000.0,2863524340.0,3174264493.0,3482473773.0,3890230445.0,3.9239,21.18019299,0.339938731
Jembrana,Bali,Educational Facilities,0,0.45,1674856960.0,1674856960.0,1527338080.0,3095228463.0,29742088527.0,4147517329.0,162642000000.0,3239141853.0,3689349288.0,4147517329.0,4770169716.0,3.9239,21.14679224,0.429421382
Jembrana,Bali,Educational Facilities,0,0.55,1676571999.0,1676571999.0,1469039058.0,3421935864.0,29203313188.0,4857645230.0,161794000000.0,3613271238.0,4222444404.0,4857645230.0,5743123510.0,3.9239,21.10787432,0.51408705
Jembrana,Bali,Educational Facilities,0,0.65,1678275399.0,1678275399.0,1407139295.0,3736016681.0,28645419392.0,5598991539.0,160850000000.0,3978269877.0,4762435242.0,5598991539.0,6793390189.0,3.9239,21.06482461,0.593646264
Jembrana,Bali,Educational Facilities,0,0.75,1679954315.0,1679954315.0,1343963452.0,4032808207.0,28077664302.0,6358123608.0,159826000000.0,4328253147.0,5299562770.0,6358123608.0,7903699488.0,3.9239,21.01888889,0.668047231
Jembrana,Bali,Educational Facilities,0,0.85,1681599558.0,1681599558.0,1281276820.0,4309372044.0,27508052873.0,7123038249.0,158737000000.0,4659156064.0,5825917855.0,7123038249.0,9056888933.0,3.9239,20.97112293,0.73741218
Jembrana,Bali,Educational Facilities,0,0.95,1683205014.0,1683205014.0,1220322682.0,4564239196.0,26943095647.0,7883683745.0,157597000000.0,4968545485.0,6335551632.0,7883683745.0,10237087138.0,3.9239,20.92238115,0.801978061
Karangasem,Bali,Educational Facilities,0,0.15,376887343.3,376887343.3,372717594.8,476361907.7,7029947045.0,527333884.8,37133446830.0,483941735.4,506321227.5,527333884.8,553587966.5,3.9239,19.73633157,0.14916638
Karangasem,Bali,Educational Facilities,0,0.25,377257760.9,377257760.9,365993787.4,548733739.8,6934287831.0,648986105.6,37018156206.0,563220649.4,606856167.2,648986105.6,703178507.9,3.9239,19.71812692,0.246220677
Karangasem,Bali,Educational Facilities,0,0.35,377639000.4,377639000.4,356437726.2,623475205.5,6828008334.0,786014536.8,36876676627.0,646314058.6,716449914.2,786014536.8,878047583.7,3.9239,19.6916701,0.339938731
Karangasem,Bali,Educational Facilities,0,0.45,378025769.5,378025769.5,344729828.8,698612567.8,6712976793.0,936120795.7,36709371029.0,731094726.9,832709381.8,936120795.7,1076657363.0,3.9239,19.65827156,0.429421382
Karangasem,Bali,Educational Facilities,0,0.55,378413366.4,378413366.4,331571811.7,772353511.0,6591380543.0,1096402591.0,36517913380.0,815539167.8,953033572.3,1096402591.0,1296260884.0,3.9239,19.61935497,0.51408705
Karangasem,Bali,Educational Facilities,0,0.65,378797940.4,378797940.4,317600715.0,843243859.0,6465462029.0,1263729698.0,36304965875.0,897922019.5,1074913367.0,1263729698.0,1533313432.0,3.9239,19.57630554,0.593646264
Karangasem,Bali,Educational Facilities,0,0.75,379176558.0,379176558.0,303341246.4,910230904.1,6337310491.0,1435069634.0,36073780878.0,976914738.4,1196145605.0,1435069634.0,1783916110.0,3.9239,19.53036896,0.668047231
Karangasem,Bali,Educational Facilities,0,0.85,379547134.8,379547134.8,289191884.9,972651190.4,6208732989.0,1607712577.0,35827827898.0,1051599548.0,1314944702.0,1607712577.0,2044194308.0,3.9239,19.48260099,0.73741218
Karangasem,Bali,Educational Facilities,0,0.95,379908298.3,379908298.3,275433301.1,1030172992.0,6081199575.0,1779389231.0,35570503266.0,1121427066.0,1429967603.0,1779389231.0,2310564858.0,3.9239,19.43385606,0.801978061
Klungkung,Bali,Educational Facilities,0,0.15,1057366416.0,1057366416.0,1045668087.0,1336444675.0,19722683834.0,1479447771.0,104179000000.0,1357710063.0,1420496261.0,1479447771.0,1553104222.0,3.9239,20.76792184,0.14916638
Klungkung,Bali,Educational Facilities,0,0.25,1058405986.0,1058405986.0,1026804630.0,1539486089.0,19454316149.0,1820746583.0,103855000000.0,1580129473.0,1702549998.0,1820746583.0,1972784709.0,3.9239,20.74971752,0.246220677
Klungkung,Bali,Educational Facilities,0,0.35,1059475476.0,1059475476.0,999994781.2,1749174977.0,19156144812.0,2205183057.0,103458000000.0,1813249940.0,2010017803.0,2205183057.0,2463384027.0,3.9239,20.72326062,0.339938731
Klungkung,Bali,Educational Facilities,0,0.45,1060559859.0,1060559859.0,967147343.2,1959973384.0,18833408449.0,2626308097.0,102989000000.0,2051102817.0,2336185033.0,2626308097.0,3020586619.0,3.9239,20.68986141,0.429421382
Klungkung,Bali,Educational Facilities,0,0.55,1061645859.0,1061645859.0,930230990.9,2166852387.0,18492242817.0,3075978213.0,102452000000.0,2288010565.0,2673753718.0,3075978213.0,3636684434.0,3.9239,20.65094349,0.51408705
Klungkung,Bali,Educational Facilities,0,0.65,1062722660.0,1062722660.0,891033029.9,2365731861.0,18138939711.0,3545410475.0,101854000000.0,2519132168.0,3015683749.0,3545410475.0,4301731225.0,3.9239,20.60789206,0.593646264
Klungkung,Bali,Educational Facilities,0,0.75,1063782072.0,1063782072.0,851025657.7,2553658176.0,17779362001.0,4026096332.0,101205000000.0,2740740066.0,3355793556.0,4026096332.0,5004787180.0,3.9239,20.56195284,0.668047231
Klungkung,Bali,Educational Facilities,0,0.85,1064818318.0,1064818318.0,811326942.9,2728769920.0,17418581289.0,4510432684.0,100515000000.0,2950259293.0,3689073313.0,4510432684.0,5734980838.0,3.9239,20.51418167,0.73741218
Klungkung,Bali,Educational Facilities,0,0.95,1065827630.0,1065827630.0,772724428.4,2890136499.0,17060723768.0,4992052599.0,99792569378.0,3146148578.0,4011754912.0,4992052599.0,6482258689.0,3.9239,20.46543305,0.801978061
Tabanan,Bali,Educational Facilities,0,0.15,1182762951.0,1182762951.0,1169677279.0,1494938011.0,22061661277.0,1654900310.0,116534000000.0,1518725330.0,1588957548.0,1654900310.0,1737291921.0,3.9239,20.87999372,0.14916638
Tabanan,Bali,Educational Facilities,0,0.25,1183919108.0,1183919108.0,1148570244.0,1722049027.0,21761343881.0,2036663340.0,116171000000.0,1767512185.0,1904450185.0,2036663340.0,2206731202.0,3.9239,20.86178374,0.246220677
Tabanan,Bali,Educational Facilities,0,0.35,1185110316.0,1185110316.0,1118576275.0,1956595842.0,21427720934.0,2466678323.0,115727000000.0,2028268948.0,2248369960.0,2466678323.0,2755497309.0,3.9239,20.83532253,0.339938731
Tabanan,Bali,Educational Facilities,0,0.45,1186320761.0,1186320761.0,1081831414.0,2192386497.0,21066668931.0,2937735001.0,115201000000.0,2294322034.0,2613209222.0,2937735001.0,3378766964.0,3.9239,20.8019212,0.429421382
Tabanan,Bali,Educational Facilities,0,0.55,1187536244.0,1187536244.0,1040538149.0,2423798600.0,20685060280.0,3440728925.0,114600000000.0,2559323762.0,2990808490.0,3440728925.0,4067923911.0,3.9239,20.76300387,0.51408705
Tabanan,Bali,Educational Facilities,0,0.65,1188745008.0,1188745008.0,996695663.3,2646270798.0,20289935324.0,3965840913.0,113932000000.0,2817861990.0,3373296852.0,3965840913.0,4811849520.0,3.9239,20.71995603,0.593646264
Tabanan,Bali,Educational Facilities,0,0.75,1189937972.0,1189937972.0,951950377.5,2856501261.0,19887849697.0,4503558604.0,113207000000.0,3065769542.0,3753763372.0,4503558604.0,5598314225.0,3.9239,20.67402347,0.668047231
Tabanan,Bali,Educational Facilities,0,0.85,1191108569.0,1191108569.0,907552450.8,3052409205.0,19484470811.0,5045381856.0,112436000000.0,3300167800.0,4126607104.0,5045381856.0,6415164638.0,3.9239,20.62626192,0.73741218
Tabanan,Bali,Educational Facilities,0,0.95,1192252364.0,1192252364.0,864382288.9,3232954350.0,19084406961.0,5584192363.0,111630000000.0,3519333684.0,4487615204.0,5584192363.0,7251161470.0,3.9239,20.57752569,0.801978061
Badung,Bali,Educational Facilities,1,0.15,1042596707.0,1042596707.0,1031061785.0,1317776692.0,19447189646.0,1458782264.0,102724000000.0,1338745036.0,1400654211.0,1458782264.0,1531409853.0,3.9239,20.75385497,0.14916638
Badung,Bali,Educational Facilities,1,0.25,1043622069.0,1043622069.0,1012462123.0,1517982398.0,19182576372.0,1795314218.0,102405000000.0,1558058071.0,1678768614.0,1795314218.0,1945228661.0,3.9239,20.73565095,0.246220677
Badung,Bali,Educational Facilities,1,0.35,1044676108.0,1044676108.0,986026274.6,1724741488.0,18888560681.0,2174379783.0,102013000000.0,1787921414.0,1981940709.0,2174379783.0,2428974052.0,3.9239,20.70919356,0.339938731
Badung,Bali,Educational Facilities,1,0.45,1045743727.0,1045743727.0,953636193.3,1932592350.0,18570303757.0,2589618297.0,101550000000.0,2022448695.0,2303548283.0,2589618297.0,2978388707.0,3.9239,20.67579281,0.429421382
Badung,Bali,Educational Facilities,1,0.55,1046811696.0,1046811696.0,917233061.4,2136575397.0,18233854448.0,3032998191.0,101020000000.0,2256040656.0,2636393898.0,3032998191.0,3585869778.0,3.9239,20.63687215,0.51408705
Badung,Bali,Educational Facilities,1,0.65,1047869338.0,1047869338.0,878579357.1,2332666813.0,17885417775.0,3495857450.0,100430000000.0,2483923094.0,2973534539.0,3495857450.0,4241607357.0,3.9239,20.59381679,0.593646264
Badung,Bali,Educational Facilities,1,0.75,1048908648.0,1048908648.0,839126918.1,2517953831.0,17530777252.0,3969804878.0,99790189870.0,2702420009.0,3308874038.0,3969804878.0,4934812016.0,3.9239,20.54787253,0.668047231
Badung,Bali,Educational Facilities,1,0.85,1049924047.0,1049924047.0,799978412.0,2690600931.0,17174936836.0,4447342477.0,99108897448.0,2908992195.0,3637471966.0,4447342477.0,5654762119.0,3.9239,20.5000953,0.73741218
Badung,Bali,Educational Facilities,1,0.95,1050911963.0,1050911963.0,761910577.9,2849690640.0,16821968387.0,4922191587.0,98396027632.0,3102119971.0,3955612624.0,4922191587.0,6391543068.0,3.9239,20.45133975,0.801978061
Bangli,Bali,Educational Facilities,1,0.15,74761843.16,74761843.16,73934704.51,94494269.59,1394506363.0,104605405.0,7366033848.0,95997853.9,100437196.6,104605405.0,109813336.7,3.9239,18.11869289,0.14916638
Bangli,Bali,Educational Facilities,1,0.25,74836020.3,74836020.3,72601603.84,108851436.7,1375543617.0,128738338.6,7343232602.0,111725181.9,120381090.0,128738338.6,139488399.0,3.9239,18.10049757,0.246220677
Bangli,Bali,Educational Facilities,1,0.35,74911890.55,74911890.55,70706213.89,123678185.5,1354465541.0,155920958.6,7315191388.0,128208707.2,142121490.4,155920958.6,174177466.9,3.9239,18.07404402,0.339938731
Bangli,Bali,Educational Facilities,1,0.45,74988210.48,74988210.48,68383361.77,138582367.9,1331639685.0,185696396.7,7281963990.0,145025788.4,165182882.8,185696396.7,213574352.5,3.9239,18.0406401,0.429421382
Bangli,Bali,Educational Facilities,1,0.55,75063938.98,75063938.98,65772217.5,153207846.1,1307498706.0,217487817.6,7243873142.0,161774365.7,189048432.9,217487817.6,257132692.8,3.9239,18.00170808,0.51408705
Bangli,Bali,Educational Facilities,1,0.65,75138276.77,75138276.77,62999208.5,167265667.8,1282487637.0,250673147.1,7201445107.0,178111615.8,213219581.0,250673147.1,304147717.7,3.9239,17.95863272,0.593646264
Bangli,Bali,Educational Facilities,1,0.75,75210660.68,75210660.68,60168528.54,180546677.3,1257022089.0,284649810.4,7155328661.0,193773590.0,237258605.0,284649810.4,353844420.0,3.9239,17.91265999,0.668047231
Bangli,Bali,Educational Facilities,1,0.85,75280730.86,75280730.86,57359348.71,192919102.2,1231462220.0,318879440.0,7106219023.0,208578000.6,260810816.7,318879440.0,405452781.5,3.9239,17.8648464,0.73741218
Bangli,Bali,Educational Facilities,1,0.95,75348287.7,75348287.7,54627465.9,204317124.3,1206101518.0,352911300.7,7054798555.0,222415802.9,283609520.6,352911300.7,458260865.7,3.9239,17.81604735,0.801978061
Buleleng,Bali,Educational Facilities,1,0.15,2188904331.0,2188904331.0,2164687066.0,2766637462.0,40828862541.0,3062674947.0,215665000000.0,2810659948.0,2940636632.0,3062674947.0,3215154658.0,3.9239,21.49554165,0.14916638
Buleleng,Bali,Educational Facilities,1,0.25,2191050874.0,2191050874.0,2125631573.0,3186955087.0,40273200421.0,3769204298.0,214995000000.0,3271092670.0,3524520563.0,3769204298.0,4083944836.0,3.9239,21.47733481,0.246220677
Buleleng,Bali,Educational Facilities,1,0.35,2193260825.0,2193260825.0,2070127557.0,3621034221.0,39655870228.0,4565034040.0,214173000000.0,3753678259.0,4161014960.0,4565034040.0,5099545773.0,3.9239,21.45087606,0.339938731
Buleleng,Bali,Educational Facilities,1,0.45,2195503977.0,2195503977.0,2002127291.0,4057412999.0,38987731613.0,5436816999.0,213201000000.0,4246063390.0,4836222572.0,5436816999.0,6253027472.0,3.9239,21.4174761,0.429421382
Buleleng,Bali,Educational Facilities,1,0.55,2197753409.0,2197753409.0,1925706500.0,4485683415.0,38281494114.0,6367699311.0,212089000000.0,4736497559.0,5535039109.0,6367699311.0,7528438552.0,3.9239,21.37855875,0.51408705
Buleleng,Bali,Educational Facilities,1,0.65,2199987000.0,2199987000.0,1844565056.0,4897401305.0,37550184135.0,7339503757.0,210852000000.0,5214961749.0,6242894120.0,7339503757.0,8905195242.0,3.9239,21.33550934,0.593646264
Buleleng,Bali,Educational Facilities,1,0.75,2202187827.0,2202187827.0,1761750262.0,5286453961.0,36805935723.0,8334620939.0,209510000000.0,5673741427.0,6946994044.0,8334620939.0,10360657219.0,3.9239,21.28957362,0.668047231
Buleleng,Bali,Educational Facilities,1,0.85,2204343798.0,2204343798.0,1679576210.0,5648989080.0,36059242205.0,9337315245.0,208082000000.0,6107507418.0,7636970308.0,9337315245.0,11872325285.0,3.9239,21.24180734,0.73741218
Buleleng,Bali,Educational Facilities,1,0.95,2206446885.0,2206446885.0,1599672742.0,5983080652.0,35318638520.0,10334409232.0,206588000000.0,6513069778.0,8305024071.0,10334409232.0,13419392666.0,3.9239,21.19306491,0.801978061
Denpasar CIty,Bali,Educational Facilities,1,0.15,376885671.6,376885671.6,372715941.6,476359794.7,7029915863.0,527331545.8,37133282122.0,483939588.9,506318981.7,527331545.8,553585511.0,3.9239,19.73632714,0.14916638
Denpasar CIty,Bali,Educational Facilities,1,0.25,377255060.6,377255060.6,365991167.7,548729812.1,6934238197.0,648981460.3,37017891239.0,563216618.0,606851823.5,648981460.3,703173474.7,3.9239,19.71811976,0.246220677
Denpasar CIty,Bali,Educational Facilities,1,0.35,377635418.1,377635418.1,356434345.0,623469291.2,6827943563.0,786007080.7,36876326814.0,646307927.6,716443117.9,786007080.7,878039254.5,3.9239,19.69166062,0.339938731
Denpasar CIty,Bali,Educational Facilities,1,0.45,378021567.7,378021567.7,344725997.0,698604802.7,6712902177.0,936110390.6,36708962998.0,731086600.7,832700126.1,936110390.6,1076645396.0,3.9239,19.65826045,0.429421382
Denpasar CIty,Bali,Educational Facilities,1,0.55,378408893.7,378408893.7,331567892.7,772344382.0,6591302635.0,1096389632.0,36517481750.0,815529528.4,953022307.7,1096389632.0,1296245562.0,3.9239,19.61934315,0.51408705
Denpasar CIty,Bali,Educational Facilities,1,0.65,378793600.2,378793600.2,317597076.0,843234197.3,6465387949.0,1263715218.0,36304549904.0,897911731.4,1074901051.0,1263715218.0,1533295863.0,3.9239,19.57629408,0.593646264
Denpasar CIty,Bali,Educational Facilities,1,0.75,379172780.5,379172780.5,303338224.4,910221836.0,6337247356.0,1435055338.0,36073421496.0,976905005.9,1196133688.0,1435055338.0,1783898338.0,3.9239,19.53035899,0.668047231
Denpasar CIty,Bali,Educational Facilities,1,0.85,379544353.7,379544353.7,289189766.0,972644063.5,6208687496.0,1607700796.0,35827565378.0,1051591842.0,1314935067.0,1607700796.0,2044179329.0,3.9239,19.48259366,0.73741218
Denpasar CIty,Bali,Educational Facilities,1,0.95,379906934.8,379906934.8,275432312.6,1030169295.0,6081177751.0,1779382845.0,35570375608.0,1121423041.0,1429962471.0,1779382845.0,2310556565.0,3.9239,19.43385247,0.801978061
Gianyar,Bali,Educational Facilities,1,0.15,1027703538.0,1027703538.0,1016333389.0,1298952662.0,19169392601.0,1437944014.0,101256000000.0,1319621480.0,1380646302.0,1437944014.0,1509534140.0,3.9239,20.73946727,0.14916638
Gianyar,Bali,Educational Facilities,1,0.25,1028710747.0,1028710747.0,997996015.6,1496293393.0,18908494804.0,1769662683.0,100942000000.0,1535796463.0,1654782288.0,1769662683.0,1917435141.0,3.9239,20.72125984,0.246220677
Gianyar,Bali,Educational Facilities,1,0.35,1029747314.0,1029747314.0,971935607.4,1700094317.0,18618636410.0,2143307120.0,100555000000.0,1762371379.0,1953618069.0,2143307120.0,2394263146.0,3.9239,20.69480011,0.339938731
Gianyar,Bali,Educational Facilities,1,0.45,1030798952.0,1030798952.0,940007731.9,1904973578.0,18304914639.0,2552609935.0,100099000000.0,1993545782.0,2270628162.0,2552609935.0,2935824409.0,3.9239,20.66139866,0.429421382
Gianyar,Bali,Educational Facilities,1,0.55,1031853000.0,1031853000.0,904126014.0,2106044231.0,17973296904.0,2989657352.0,99576605414.0,2223802359.0,2598720441.0,2989657352.0,3534628531.0,3.9239,20.6224793,0.51408705
Gianyar,Bali,Educational Facilities,1,0.65,1032899112.0,1032899112.0,866027667.1,2299341524.0,17629900481.0,3445914416.0,98995699381.0,2448436906.0,2931053591.0,3445914416.0,4181010280.0,3.9239,20.57942741,0.593646264
Gianyar,Bali,Educational Facilities,1,0.75,1033929422.0,1033929422.0,827143537.3,2481995504.0,17280424207.0,3913112997.0,98365108852.0,2663827363.0,3261620760.0,3913112997.0,4864339088.0,3.9239,20.5334888,0.668047231
Gianyar,Bali,Educational Facilities,1,0.85,1034938342.0,1034938342.0,788560213.9,2652197626.0,16929796682.0,4383864967.0,97694302993.0,2867471763.0,3585553846.0,4383864967.0,5574050949.0,3.9239,20.48571933,0.73741218
Gianyar,Bali,Educational Facilities,1,0.95,1035922194.0,1035922194.0,751043004.0,2809043843.0,16582026862.0,4851983504.0,96992547825.0,3057872628.0,3899191419.0,4851983504.0,6300376770.0,3.9239,20.43697347,0.801978061
Jembrana,Bali,Educational Facilities,1,0.15,1792848807.0,1792848807.0,1773013361.0,2266048179.0,33441378165.0,2508521294.0,176643000000.0,2302105333.0,2408564323.0,2508521294.0,2633411662.0,3.9239,21.2959464,0.14916638
Jembrana,Bali,Educational Facilities,1,0.25,1794604077.0,1794604077.0,1741021686.0,2610310267.0,32986203337.0,3087207823.0,176094000000.0,2679224070.0,2886796945.0,3087207823.0,3344999488.0,3.9239,21.27773795,0.246220677
Jembrana,Bali,Educational Facilities,1,0.35,1796410902.0,1796410902.0,1695557441.0,2965842127.0,32480513387.0,3739034055.0,175421000000.0,3074485473.0,3408118428.0,3739034055.0,4176830915.0,3.9239,21.2512774,0.339938731
Jembrana,Bali,Educational Facilities,1,0.45,1798244626.0,1798244626.0,1639857946.0,3323255707.0,31933205127.0,4453067293.0,174624000000.0,3477771278.0,3961145751.0,4453067293.0,5121590836.0,3.9239,21.21787546,0.429421382
Jembrana,Bali,Educational Facilities,1,0.55,1800083333.0,1800083333.0,1577261653.0,3674026358.0,31354691219.0,5215502955.0,173713000000.0,3879457212.0,4533507538.0,5215502955.0,6166213509.0,3.9239,21.17895605,0.51408705
Jembrana,Bali,Educational Facilities,1,0.65,1801909054.0,1801909054.0,1510799143.0,4011238136.0,30755643909.0,6011452919.0,172700000000.0,4271337418.0,5113269959.0,6011452919.0,7293839434.0,3.9239,21.13590458,0.593646264
Jembrana,Bali,Educational Facilities,1,0.75,1803708073.0,1803708073.0,1442966458.0,4329884840.0,30146004159.0,6826494492.0,171600000000.0,4647093717.0,5689954819.0,6826494492.0,8485925149.0,3.9239,21.08996687,0.668047231
Jembrana,Bali,Educational Facilities,1,0.85,1805470608.0,1805470608.0,1375659044.0,4626811733.0,29534368463.0,7647739998.0,170430000000.0,5002361765.0,6255070301.0,7647739998.0,9724043214.0,3.9239,21.04219876,0.73741218
Jembrana,Bali,Educational Facilities,1,0.95,1807190179.0,1807190179.0,1310211856.0,4900441824.0,28927728610.0,8464397218.0,169206000000.0,5334529383.0,6802229432.0,8464397218.0,10991152701.0,3.9239,20.99345468,0.801978061
Karangasem,Bali,Educational Facilities,1,0.15,421933229.3,421933229.3,417265108.9,533297075.5,7870172110.0,590361265.4,41571667003.0,541782850.6,566837158.0,590361265.4,619753256.5,3.9239,19.84923233,0.14916638
Karangasem,Bali,Educational Facilities,1,0.25,422348077.1,422348077.1,409737819.4,614319077.9,7763082526.0,726553731.0,41442612216.0,630537481.0,679388370.1,726553731.0,787223276.6,3.9239,19.83102805,0.246220677
Karangasem,Bali,Educational Facilities,1,0.35,422774733.7,422774733.7,399039465.3,697993490.4,7644097676.0,879959660.4,41284208268.0,723562062.5,802080615.0,879959660.4,982992575.0,3.9239,19.80457088,0.339938731
Karangasem,Bali,Educational Facilities,1,0.45,423207161.6,423207161.6,385931711.8,782110283.7,7515307376.0,1048005339.0,41096850977.0,818474689.1,932234261.0,1048005339.0,1205338745.0,3.9239,19.771171,0.429421382
Karangasem,Bali,Educational Facilities,1,0.55,423640043.2,423640043.2,371200145.4,864662572.1,7379159896.0,1227440895.0,40882410010.0,913009631.5,1066936899.0,1227440895.0,1451185570.0,3.9239,19.73225195,0.51408705
Karangasem,Bali,Educational Facilities,1,0.65,424069061.9,424069061.9,355557997.8,944022113.4,7238166117.0,1414761302.0,40643866239.0,1005235002.0,1203379044.0,1414761302.0,1716563685.0,3.9239,19.68919894,0.593646264
Karangasem,Bali,Educational Facilities,1,0.75,424490961.3,424490961.3,339592769.1,1019010230.0,7094665971.0,1606571071.0,40384864522.0,1093663276.0,1339093852.0,1606571071.0,1997107281.0,3.9239,19.64325772,0.668047231
Karangasem,Bali,Educational Facilities,1,0.85,424903454.7,424903454.7,323750648.4,1088884128.0,6950683735.0,1799836082.0,40109294613.0,1177266905.0,1472082109.0,1799836082.0,2288477883.0,3.9239,19.59548417,0.73741218
Karangasem,Bali,Educational Facilities,1,0.95,425305060.8,425305060.8,308345928.2,1153272485.0,6807866442.0,1992015569.0,39820965012.0,1255430873.0,1600840153.0,1992015569.0,2586663497.0,3.9239,19.54673285,0.801978061
Klungkung,Bali,Educational Facilities,1,0.15,1140346786.0,1140346786.0,1127730392.0,1441326646.0,21270487483.0,1595552388.0,112355000000.0,1464260906.0,1531974461.0,1595552388.0,1674989276.0,3.9239,20.84347295,0.14916638
Klungkung,Bali,Educational Facilities,1,0.25,1141468568.0,1141468568.0,1107387170.0,1660303328.0,20981070293.0,1963636848.0,112006000000.0,1704136362.0,1836164320.0,1963636848.0,2127606765.0,3.9239,20.82526918,0.246220677
Klungkung,Bali,Educational Facilities,1,0.35,1142622358.0,1142622358.0,1078473661.0,1886448986.0,20659505440.0,2378244256.0,111578000000.0,1955552506.0,2167762571.0,2378244256.0,2656708654.0,3.9239,20.7988126,0.339938731
Klungkung,Bali,Educational Facilities,1,0.45,1143791822.0,1143791822.0,1043048360.0,2113790662.0,20311440575.0,2832418836.0,111071000000.0,2212071866.0,2519527126.0,2832418836.0,3257640049.0,3.9239,20.76541338,0.429421382
Klungkung,Bali,Educational Facilities,1,0.55,1144962562.0,1144962562.0,1003234412.0,2336904383.0,19943492017.0,3317377321.0,110492000000.0,2467570910.0,2883586726.0,3317377321.0,3922087098.0,3.9239,20.72649503,0.51408705
Klungkung,Bali,Educational Facilities,1,0.65,1146122884.0,1146122884.0,960959415.6,2551389489.0,19562445298.0,3823646783.0,109847000000.0,2716828327.0,3252348225.0,3823646783.0,4639321985.0,3.9239,20.68344273,0.593646264
Klungkung,Bali,Educational Facilities,1,0.75,1147263960.0,1147263960.0,917811168.1,2754060318.0,19174624006.0,4342050259.0,109147000000.0,2955823739.0,3619144471.0,4342050259.0,5397545334.0,3.9239,20.63750223,0.668047231
Klungkung,Bali,Educational Facilities,1,0.85,1148379586.0,1148379586.0,874995558.2,2942909243.0,18785498733.0,4864387407.0,108403000000.0,3181779922.0,3978572129.0,4864387407.0,6185031575.0,3.9239,20.58972937,0.73741218
Klungkung,Bali,Educational Facilities,1,0.95,1149465740.0,1149465740.0,833362010.1,3116932601.0,18399520618.0,5383791214.0,107624000000.0,3393034576.0,4326567162.0,5383791214.0,6990937431.0,3.9239,20.54097869,0.801978061
Tabanan,Bali,Educational Facilities,1,0.15,1235324313.0,1235324313.0,1221657121.0,1561372269.0,23042069882.0,1728443208.0,121712000000.0,1586216684.0,1659569984.0,1728443208.0,1814496258.0,3.9239,20.92347407,0.14916638
Tabanan,Bali,Educational Facilities,1,0.25,1236532350.0,1236532350.0,1199612586.0,1798576706.0,22728415735.0,2127172447.0,121334000000.0,1846060242.0,1989083752.0,2127172447.0,2304798106.0,3.9239,20.9052645,0.246220677
Tabanan,Bali,Educational Facilities,1,0.35,1237777090.0,1237777090.0,1168286249.0,2043547739.0,22379977372.0,2576298488.0,120870000000.0,2118406027.0,2348288415.0,2576298488.0,2877952705.0,3.9239,20.87880377,0.339938731
Tabanan,Bali,Educational Facilities,1,0.45,1239042005.0,1239042005.0,1129909050.0,2289818279.0,22002892121.0,3068290792.0,120321000000.0,2396283929.0,2729342773.0,3068290792.0,3528922643.0,3.9239,20.84540298,0.429421382
Tabanan,Bali,Educational Facilities,1,0.55,1240312249.0,1240312249.0,1086781324.0,2531516075.0,21604337342.0,3593640405.0,119693000000.0,2673064191.0,3123724789.0,3593640405.0,4248708936.0,3.9239,20.80648625,0.51408705
Tabanan,Bali,Educational Facilities,1,0.65,1241575514.0,1241575514.0,1040991064.0,2763877033.0,21191665754.0,4142091817.0,118996000000.0,2943094125.0,3523213762.0,4142091817.0,5025698952.0,3.9239,20.76343904,0.593646264
Tabanan,Bali,Educational Facilities,1,0.75,1242822294.0,1242822294.0,994257835.0,2983452527.0,20771723871.0,4703709913.0,118239000000.0,3202021302.0,3920591589.0,4703709913.0,5847119674.0,3.9239,20.71750712,0.668047231
Tabanan,Bali,Educational Facilities,1,0.85,1244045708.0,1244045708.0,947887337.7,3188069221.0,20350430598.0,5269616726.0,117433000000.0,3446839097.0,4310008328.0,5269616726.0,6700277570.0,3.9239,20.66974621,0.73741218
Tabanan,Bali,Educational Facilities,1,0.95,1245241104.0,1245241104.0,902799095.1,3376640521.0,19932598756.0,5832377499.0,116591000000.0,3675747763.0,4687063811.0,5832377499.0,7573433767.0,3.9239,20.6210106,0.801978061
Badung,Bali,Electricity,0,0.15,580819856.4,580819856.4,574393870.5,734119783.2,10833828477.0,812672531.1,57226233878.0,745801031.1,780289993.4,812672531.1,853132610.8,3.9239,20.1688259,0.14916638
Badung,Bali,Electricity,0,0.25,581380764.5,581380764.5,564022188.4,845637318.1,10686225649.0,1000133270.0,57047584400.0,867962665.6,935208069.9,1000133270.0,1083647577.0,3.9239,20.15060415,0.246220677
Badung,Bali,Electricity,0,0.35,581961415.6,581961415.6,549289145.2,960807842.5,10522317323.0,1211289438.0,56828883966.0,996003707.5,1104086723.0,1211289438.0,1353117168.0,3.9239,20.12413554,0.339938731
Badung,Bali,Electricity,0,0.45,582555250.4,582555250.4,531244660.8,1076594381.0,10345008704.0,1442605580.0,56570843985.0,1126650895.0,1283243793.0,1442605580.0,1659178951.0,3.9239,20.09073323,0.429421382
Badung,Bali,Electricity,0,0.55,583156080.7,583156080.7,510970635.1,1190239792.0,10157684650.0,1689617478.0,56276139084.0,1256791295.0,1468677832.0,1689617478.0,1997610242.0,3.9239,20.05182268,0.51408705
Badung,Bali,Electricity,0,0.65,583758520.1,583758520.1,489448604.6,1299507560.0,9963804297.0,1947510532.0,55948913375.0,1383771065.0,1656529167.0,1947510532.0,2362961052.0,3.9239,20.00879002,0.593646264
Badung,Bali,Electricity,0,0.75,584358176.1,584358176.1,467486540.9,1402778890.0,9766582670.0,2211620567.0,55594177318.0,1505546961.0,1843408959.0,2211620567.0,2749236319.0,3.9239,19.96288112,0.668047231
Badung,Bali,Electricity,0,0.85,584951656.5,584951656.5,445697666.1,1499033645.0,9568794793.0,2477779566.0,55217245390.0,1620707525.0,2026570644.0,2477779566.0,3150477864.0,3.9239,19.9151514,0.73741218
Badung,Bali,Electricity,0,0.95,585536465.9,585536465.9,424513606.2,1587761720.0,9372693685.0,2742496772.0,54823300438.0,1728407734.0,2203948111.0,2742496772.0,3561175124.0,3.9239,19.86645462,0.801978061
Bangli,Bali,Electricity,0,0.15,0.0,0.0,0.0,0.0,0.0,0.0,0.0,0.0,0.0,0.0,0.0,0.0,-inf,0.14916638
Bangli,Bali,Electricity,0,0.25,0.0,0.0,0.0,0.0,0.0,0.0,0.0,0.0,0.0,0.0,0.0,0.0,-inf,0.246220677
Bangli,Bali,Electricity,0,0.35,0.0,0.0,0.0,0.0,0.0,0.0,0.0,0.0,0.0,0.0,0.0,0.0,-inf,0.339938731
Bangli,Bali,Electricity,0,0.45,0.0,0.0,0.0,0.0,0.0,0.0,0.0,0.0,0.0,0.0,0.0,0.0,-inf,0.429421382
Bangli,Bali,Electricity,0,0.55,0.0,0.0,0.0,0.0,0.0,0.0,0.0,0.0,0.0,0.0,0.0,0.0,-inf,0.51408705
Bangli,Bali,Electricity,0,0.65,0.0,0.0,0.0,0.0,0.0,0.0,0.0,0.0,0.0,0.0,0.0,0.0,-inf,0.593646264
Bangli,Bali,Electricity,0,0.75,0.0,0.0,0.0,0.0,0.0,0.0,0.0,0.0,0.0,0.0,0.0,0.0,-inf,0.668047231
Bangli,Bali,Electricity,0,0.85,0.0,0.0,0.0,0.0,0.0,0.0,0.0,0.0,0.0,0.0,0.0,0.0,-inf,0.73741218
Bangli,Bali,Electricity,0,0.95,0.0,0.0,0.0,0.0,0.0,0.0,0.0,0.0,0.0,0.0,0.0,0.0,-inf,0.801978061
Buleleng,Bali,Electricity,0,0.15,328214296.2,328214296.2,324583049.0,414842236.0,6122065816.0,459231446.5,32337854615.0,421443168.3,440932465.0,459231446.5,482094949.5,3.9239,19.59805199,0.14916638
Buleleng,Bali,Electricity,0,0.25,328532038.8,328532038.8,318722893.5,477860584.9,6038671580.0,565164591.8,32236978512.0,490476399.5,528476056.8,565164591.8,612357631.3,3.9239,19.57983261,0.246220677
Buleleng,Bali,Electricity,0,0.35,328860581.8,328860581.8,310397808.2,542942912.6,5946056394.0,684487559.9,32113434570.0,562831744.3,623908376.4,684487559.9,764632993.2,3.9239,19.55336528,0.339938731
Buleleng,Bali,Electricity,0,0.45,329196054.0,329196054.0,300200961.0,608372547.9,5845859327.0,815201758.3,31967609249.0,636658975.6,725148031.4,815201758.3,937585169.9,3.9239,19.51996268,0.429421382
Buleleng,Bali,Electricity,0,0.55,329534859.1,329534859.1,288743686.0,672590949.4,5739991901.0,954783592.4,31801005216.0,710198445.9,829933115.0,954783592.4,1128826795.0,3.9239,19.48104995,0.51408705
Buleleng,Bali,Electricity,0,0.65,329873911.6,329873911.6,276580675.4,734333850.7,5630408781.0,1100511418.0,31615961514.0,781949998.5,936081851.0,1100511418.0,1335276794.0,3.9239,19.43801311,0.593646264
Buleleng,Bali,Electricity,0,0.75,330210732.5,330210732.5,264168586.0,792686170.1,5518927516.0,1249748660.0,31415311299.0,850758636.1,1041678627.0,1249748660.0,1553546054.0,3.9239,19.39209804,0.668047231
Buleleng,Bali,Electricity,0,0.85,330543438.5,330543438.5,251854042.0,847071257.9,5407117490.0,1400139257.0,31202062513.0,915826516.6,1145170924.0,1400139257.0,1780266411.0,3.9239,19.34436028,0.73741218
Buleleng,Bali,Electricity,0,0.95,330870671.3,330870671.3,239881049.3,897200801.0,5296253320.0,1549710054.0,30979150362.0,976676023.8,1245390908.0,1549710054.0,2012322840.0,3.9239,19.29565373,0.801978061
Denpasar CIty,Bali,Electricity,0,0.15,90465660.04,90465660.04,89464779.9,114342906.9,1687424135.0,126577898.6,8913278295.0,116162320.9,121534153.0,126577898.6,132879762.8,3.9239,18.30935559,0.14916638
Denpasar CIty,Bali,Electricity,0,0.25,90556564.9,90556564.9,87852772.28,131717482.5,1664499319.0,155781957.3,8885800141.0,135194905.4,145669130.2,155781957.3,168790245.8,3.9239,18.29117293,0.246220677
Denpasar CIty,Bali,Electricity,0,0.35,90649976.54,90649976.54,85560737.86,149661482.8,1639022438.0,188678074.2,8852024997.0,155143812.4,171979503.8,188678074.2,210770055.0,3.9239,18.26473707,0.339938731
Denpasar CIty,Bali,Electricity,0,0.45,90744435.39,90744435.39,82751802.1,167700744.6,1611438526.0,224714185.9,8812021338.0,175498031.0,199890454.0,224714185.9,258449747.0,3.9239,18.23135635,0.429421382
Denpasar CIty,Bali,Electricity,0,0.55,90838669.38,90838669.38,79594287.23,185404564.0,1582270319.0,263193008.8,8766177292.0,195771342.7,228777070.9,263193008.8,311169277.5,3.9239,18.19245288,0.51408705
Denpasar CIty,Bali,Electricity,0,0.65,90931658.92,90931658.92,76241068.94,202423389.4,1552054870.0,303362361.9,8715123348.0,215549056.9,258036397.0,303362361.9,368076800.7,3.9239,18.14941084,0.593646264
Denpasar CIty,Bali,Electricity,0,0.75,91022648.04,91022648.04,72818118.43,218504086.0,1521293367.0,344493443.7,8659636234.0,234511771.7,287138901.6,344493443.7,428235250.4,3.9239,18.10347536,0.668047231
Denpasar CIty,Bali,Electricity,0,0.85,91111119.5,91111119.5,69421144.23,233487044.7,1490419928.0,385934918.9,8600548416.0,252438770.5,315655350.5,385934918.9,490713312.7,3.9239,18.05570205,0.73741218
Denpasar CIty,Bali,Electricity,0,0.95,91196752.64,91196752.64,66117594.01,247292391.3,1459788207.0,427141287.2,8538677367.0,269197875.4,343262840.9,427141287.2,554649668.7,3.9239,18.00694544,0.801978061
Gianyar,Bali,Electricity,0,0.15,332252246.7,332252246.7,328576325.1,419945951.6,6197384287.0,464881273.1,32735700350.0,426628093.8,446357163.1,464881273.1,488026061.0,3.9239,19.61027971,0.14916638
Gianyar,Bali,Electricity,0,0.25,332576106.0,332576106.0,322646214.9,483742812.7,6113004644.0,572121488.8,32633799796.0,496513921.8,534981336.1,572121488.8,619895451.3,3.9239,19.59206697,0.246220677
Gianyar,Bali,Electricity,0,0.35,332910255.3,332910255.3,314220126.3,549628850.8,6019277657.0,692916515.1,32508887633.0,569762598.7,631591344.0,692916515.1,774048879.8,3.9239,19.56560434,0.339938731
Gianyar,Bali,Electricity,0,0.45,333250438.5,333250438.5,303898241.5,615865275.1,5917857035.0,825241797.8,32361322898.0,644500078.9,734078967.6,825241797.8,949132485.7,3.9239,19.53220347,0.429421382
Gianyar,Bali,Electricity,0,0.55,333592786.0,333592786.0,292299306.1,680873305.2,5810674765.0,966540898.0,32192606139.0,718943904.2,840152998.6,966540898.0,1142727287.0,3.9239,19.49328886,0.51408705
Gianyar,Bali,Electricity,0,0.65,333934050.4,333934050.4,279984872.8,743372144.6,5699708717.0,1114056682.0,32005095624.0,791574359.1,947603290.2,1114056682.0,1351711586.0,3.9239,19.45024613,0.593646264
Gianyar,Bali,Electricity,0,0.75,334271686.2,334271686.2,267417349.0,802434677.9,5586799657.0,1265118153.0,31801658908.0,861221323.0,1054489260.0,1265118153.0,1572651668.0,3.9239,19.4043211,0.668047231
Gianyar,Bali,Electricity,0,0.85,334603817.4,334603817.4,254947804.4,857476638.6,5473538249.0,1417338497.0,31585347077.0,927076483.4,1159238146.0,1417338497.0,1802135114.0,3.9239,19.35656939,0.73741218
Gianyar,Bali,Electricity,0,0.95,334929143.2,334929143.2,242823439.1,908205899.2,5361217359.0,1568718855.0,31359141767.0,988655968.0,1260666919.0,1568718855.0,2037006066.0,3.9239,19.30784515,0.801978061
Jembrana,Bali,Electricity,0,0.15,199885263.3,199885263.3,197673803.3,252642406.4,3728389507.0,279675808.4,19694025096.0,256662429.6,268531575.0,279675808.4,293599873.8,3.9239,19.10212877,0.14916638
Jembrana,Bali,Electricity,0,0.25,200080613.1,200080613.1,194106706.3,291023789.2,3677635571.0,344193152.2,19632771431.0,298706997.0,321849320.5,344193152.2,372934374.2,3.9239,19.0839186,0.246220677
Jembrana,Bali,Electricity,0,0.35,200282006.0,200282006.0,189037845.0,330661994.0,3621255233.0,416865228.6,19557658939.0,342774650.0,379971416.9,416865228.6,465675238.3,3.9239,19.05745779,0.339938731
Jembrana,Bali,Electricity,0,0.45,200486799.6,200486799.6,182828224.1,370510714.4,3560242030.0,496473726.2,19468895794.0,387737699.0,441629255.1,496473726.2,571007604.2,3.9239,19.0240576,0.429421382
Jembrana,Bali,Electricity,0,0.55,200692612.4,200692612.4,175850059.7,409619896.0,3495757544.0,581480253.6,19367379920.0,432523532.7,505444083.8,581480253.6,687475671.2,3.9239,18.98514226,0.51408705
Jembrana,Bali,Electricity,0,0.65,200897463.5,200897463.5,168441195.8,447218779.1,3428991511.0,670225637.0,19254528022.0,476217626.7,570085911.3,670225637.0,813200776.4,3.9239,18.94209726,0.593646264
Jembrana,Bali,Electricity,0,0.75,201099816.2,201099816.2,160879852.9,482749430.7,3361051595.0,761102535.5,19132065395.0,518115822.8,634386952.8,761102535.5,946116510.4,3.9239,18.89616839,0.668047231
Jembrana,Bali,Electricity,0,0.85,201298551.5,201298551.5,153377281.0,515860239.3,3292895251.0,852674630.5,19001829283.0,557731692.1,697400769.3,852674630.5,1084169305.0,3.9239,18.84841133,0.73741218
Jembrana,Bali,Electricity,0,0.95,201492906.8,201492906.8,146082243.3,546375406.0,3225300908.0,943739081.6,18865616078.0,594774055.5,758415465.6,943739081.6,1225460017.0,3.9239,18.79968033,0.801978061
Karangasem,Bali,Electricity,0,0.15,184905260.1,184905260.1,182859533.6,233708624.1,3448972776.0,258716061.6,18218095584.0,237427374.7,248407010.6,258716061.6,271596615.7,3.9239,19.02422884,0.14916638
Karangasem,Bali,Electricity,0,0.25,185085750.7,185085750.7,179559552.9,269213271.9,3402018465.0,318397904.5,18161410950.0,276320668.5,297728611.3,318397904.5,344985141.4,3.9239,19.00601748,0.246220677
Karangasem,Bali,Electricity,0,0.35,185272106.1,185272106.1,174870625.5,305880918.8,3349864508.0,385623753.1,18091933134.0,317085806.0,351494904.8,385623753.1,430775753.8,3.9239,18.97955698,0.339938731
Karangasem,Bali,Electricity,0,0.45,185461971.4,185461971.4,169126760.1,342743999.2,3293431321.0,459267124.6,18009862997.0,358679963.7,408532793.2,459267124.6,528215304.6,3.9239,18.94615905,0.429421382
Karangasem,Bali,Electricity,0,0.55,185653194.3,185653194.3,162672282.3,378923973.5,3233793944.0,537905532.3,17916035399.0,400111267.2,467567328.9,537905532.3,635957910.3,3.9239,18.9072482,0.51408705
Karangasem,Bali,Electricity,0,0.65,185843959.3,185843959.3,155819681.3,413708103.1,3172052786.0,620004771.6,17811761577.0,440534030.0,527368643.8,620004771.6,752266600.7,3.9239,18.86421001,0.593646264
Karangasem,Bali,Electricity,0,0.75,186032835.1,186032835.1,148826268.1,446580444.2,3109231868.0,704078527.6,17698635604.0,479297083.6,586856843.7,704078527.6,875230719.2,3.9239,18.8182902,0.668047231
Karangasem,Bali,Electricity,0,0.85,186218759.9,186218759.9,141887394.9,477215823.5,3046216008.0,788798583.5,17578353437.0,515950578.3,645156686.1,788798583.5,1002951397.0,3.9239,18.77054431,0.73741218
Karangasem,Bali,Electricity,0,0.95,186400991.3,186400991.3,135140613.1,505451625.5,2983724320.0,873052570.8,17452572367.0,550225192.9,701609782.8,873052570.8,1133672473.0,3.9239,18.72182637,0.801978061
Klungkung,Bali,Electricity,0,0.15,18013138.47,18013138.47,17813847.46,22767474.57,335992735.7,25203654.23,1774774164.0,23129748.57,24199364.99,25203654.23,26458454.68,3.9239,16.69548666,0.14916638
Klungkung,Bali,Electricity,0,0.25,18030423.61,18030423.61,17492080.24,26225840.27,331413055.0,31017239.71,1769222815.0,26918218.65,29003707.55,31017239.71,33607277.8,3.9239,16.67725878,0.246220677
Klungkung,Bali,Electricity,0,0.35,18048236.57,18048236.57,17034978.91,29797314.35,326326225.9,37565442.92,1762421210.0,30888835.68,34240789.57,37565442.92,41963913.95,3.9239,16.65077937,0.339938731
Klungkung,Bali,Electricity,0,0.45,18066349.49,18066349.49,16475092.62,33387614.87,320822003.7,44738445.94,1754389197.0,34939980.04,39796278.25,44738445.94,51454873.61,3.9239,16.61736026,0.429421382
Klungkung,Bali,Electricity,0,0.55,18084565.04,18084565.04,15845983.59,36911162.62,315005390.2,52397631.09,1745209441.0,38975026.87,45545953.59,52397631.09,61948959.38,3.9239,16.57842663,0.51408705
Klungkung,Bali,Electricity,0,0.65,18102724.54,18102724.54,15178113.83,40298559.4,308983934.9,60393545.42,1735011537.0,42911624.5,51370027.46,60393545.42,73276931.4,3.9239,16.53536507,0.593646264
Klungkung,Bali,Electricity,0,0.75,18120708.14,18120708.14,14496566.51,43499599.86,302857735.7,68581449.6,1723952710.0,46686395.76,57163358.16,68581449.6,85252694.27,3.9239,16.48942239,0.668047231
Klungkung,Bali,Electricity,0,0.85,18138430.33,18138430.33,13820383.23,46482674.32,296713268.2,76832045.07,1712199884.0,50255589.84,62840766.48,76832045.07,97691360.68,3.9239,16.44165511,0.73741218
Klungkung,Bali,Electricity,0,0.95,18155833.51,18155833.51,13162969.01,49232010.51,290620782.8,85037085.99,1699915843.0,53593046.52,68338211.72,85037085.99,110421991.5,3.9239,16.39291807,0.801978061
Tabanan,Bali,Electricity,0,0.15,186027715.6,186027715.6,183969570.6,235127337.3,3469909544.0,260286580.8,18328687364.0,238868662.3,249914949.4,260286580.8,273245325.5,3.9239,19.03028092,0.14916638
Tabanan,Bali,Electricity,0,0.25,186218354.2,186218354.2,180658339.7,270860680.7,3422836589.0,320346291.1,18272546887.0,278011570.0,299550515.4,320346291.1,347096224.5,3.9239,19.01211818,0.246220677
Tabanan,Bali,Electricity,0,0.35,186414159.8,186414159.8,175948562.5,307766429.0,3370513732.0,388000813.8,18203455371.0,319040385.3,353661588.6,388000813.8,433431140.4,3.9239,18.98570225,0.339938731
Tabanan,Bali,Electricity,0,0.45,186611854.2,186611854.2,170175363.0,344869046.4,3313850926.0,462114626.9,18121525954.0,360903815.5,411065737.5,462114626.9,531490292.5,3.9239,18.95234001,0.429421382
Tabanan,Bali,Electricity,0,0.55,186808582.3,186808582.3,163684651.7,381282156.5,3253919031.0,541253115.9,18027533463.0,402601306.5,470477172.0,541253115.9,639915709.7,3.9239,18.91345228,0.51408705
Tabanan,Bali,Electricity,0,0.65,187002061.8,187002061.8,156790685.0,416286160.7,3191819705.0,623868384.5,17922757097.0,443279255.6,530654986.8,623868384.5,756954414.6,3.9239,18.87042226,0.593646264
Tabanan,Bali,Electricity,0,0.75,187190611.1,187190611.1,149752488.9,449359739.2,3128582184.0,708460362.9,17808783128.0,482279990.8,590509149.4,708460362.9,880677720.8,3.9239,18.82449442,0.668047231
Tabanan,Bali,Electricity,0,0.85,187373093.5,187373093.5,142766927.0,480173990.8,3065098904.0,793688191.2,17687318201.0,519148854.7,649155885.8,793688191.2,1009168496.0,3.9239,18.77672398,0.73741218
Tabanan,Bali,Electricity,0,0.95,187548821.7,187548821.7,135972789.5,508564123.8,3002097664.0,878428702.7,17560042793.0,553613400.3,705930194.7,878428702.7,1140653464.0,3.9239,18.72796535,0.801978061
Badung,Bali,Electricity,1,0.15,730801446.1,730801446.1,722716116.7,923687083.4,13631382313.0,1022524031.0,72003417254.0,938384709.2,981779547.0,1022524031.0,1073431872.0,3.9239,20.39852706,0.14916638
Badung,Bali,Electricity,1,0.25,731518960.1,731518960.1,709677632.9,1064018229.0,13445881170.0,1258411861.0,71779790742.0,1092108968.0,1176720106.0,1258411861.0,1363493251.0,3.9239,20.38032139,0.246220677
Badung,Bali,Electricity,1,0.35,732257368.1,732257368.1,691147235.9,1208943760.0,13239785633.0,1524114129.0,71505374562.0,1253229224.0,1389225498.0,1524114129.0,1702569947.0,3.9239,20.35386344,0.339938731
Badung,Bali,Electricity,1,0.45,733006423.6,733006423.6,668444321.1,1354636485.0,13016718718.0,1815174022.0,71180874263.0,1417620634.0,1614655336.0,1815174022.0,2087679800.0,3.9239,20.32046366,0.429421382
Badung,Bali,Electricity,1,0.55,733757043.4,733757043.4,642929594.5,1497621065.0,12780922473.0,2125963814.0,70809539327.0,1581359597.0,1847966162.0,2125963814.0,2513496187.0,3.9239,20.28154578,0.51408705
Badung,Bali,Electricity,1,0.65,734501803.4,734501803.4,615838348.2,1635077885.0,12536745885.0,2450413910.0,70396536167.0,1741100656.0,2084292766.0,2450413910.0,2973145735.0,3.9239,20.23849507,0.593646264
Badung,Bali,Electricity,1,0.75,735235058.6,735235058.6,588188046.9,1764965840.0,12288240802.0,2782644350.0,69948175439.0,1894267855.0,2319363276.0,2782644350.0,3459068443.0,3.9239,20.19255726,0.668047231
Badung,Bali,Electricity,1,0.85,735952804.5,735952804.5,560751377.8,1885998617.0,12038911737.0,3117400900.0,69471188169.0,2039081751.0,2549715575.0,3117400900.0,3963751523.0,3.9239,20.14478819,0.73741218
Badung,Bali,Electricity,1,0.95,736652408.9,736652408.9,534072579.2,1997533141.0,11791609545.0,3450283580.0,68972162591.0,2174477244.0,2772745644.0,3450283580.0,4480247407.0,3.9239,20.0960423,0.801978061
Bangli,Bali,Electricity,1,0.15,0.0,0.0,0.0,0.0,0.0,0.0,0.0,0.0,0.0,0.0,0.0,0.0,-inf,0.14916638
Bangli,Bali,Electricity,1,0.25,0.0,0.0,0.0,0.0,0.0,0.0,0.0,0.0,0.0,0.0,0.0,0.0,-inf,0.246220677
Bangli,Bali,Electricity,1,0.35,0.0,0.0,0.0,0.0,0.0,0.0,0.0,0.0,0.0,0.0,0.0,0.0,-inf,0.339938731
Bangli,Bali,Electricity,1,0.45,0.0,0.0,0.0,0.0,0.0,0.0,0.0,0.0,0.0,0.0,0.0,0.0,-inf,0.429421382
Bangli,Bali,Electricity,1,0.55,0.0,0.0,0.0,0.0,0.0,0.0,0.0,0.0,0.0,0.0,0.0,0.0,-inf,0.51408705
Bangli,Bali,Electricity,1,0.65,0.0,0.0,0.0,0.0,0.0,0.0,0.0,0.0,0.0,0.0,0.0,0.0,-inf,0.593646264
Bangli,Bali,Electricity,1,0.75,0.0,0.0,0.0,0.0,0.0,0.0,0.0,0.0,0.0,0.0,0.0,0.0,-inf,0.668047231
Bangli,Bali,Electricity,1,0.85,0.0,0.0,0.0,0.0,0.0,0.0,0.0,0.0,0.0,0.0,0.0,0.0,-inf,0.73741218
Bangli,Bali,Electricity,1,0.95,0.0,0.0,0.0,0.0,0.0,0.0,0.0,0.0,0.0,0.0,0.0,0.0,-inf,0.801978061
Buleleng,Bali,Electricity,1,0.15,417008644.7,417008644.7,412395008.2,527072710.2,7778315565.0,583470876.6,41086464186.0,535459443.7,560221330.3,583470876.6,612519819.7,3.9239,19.83749221,0.14916638
Buleleng,Bali,Electricity,1,0.25,417419321.2,417419321.2,404956223.9,607150041.5,7672488202.0,718074928.4,40958981463.0,623179177.6,671459982.1,718074928.4,778036467.0,3.9239,19.81928953,0.246220677
Buleleng,Bali,Electricity,1,0.35,417841649.6,417841649.6,394383332.6,689849057.1,7554903658.0,869691981.9,40802489620.0,715119286.2,792721656.6,869691981.9,971522672.2,3.9239,19.79283392,0.339938731
Buleleng,Bali,Electricity,1,0.45,418269605.2,418269605.2,381429048.0,772985406.0,7427626313.0,1035778265.0,40617374171.0,808925548.0,921357887.3,1035778265.0,1191276062.0,3.9239,19.75943541,0.429421382
Buleleng,Bali,Electricity,1,0.55,418697886.3,418697886.3,366869748.9,854575475.5,7293075103.0,1213121650.0,40405478509.0,902358521.3,1054490083.0,1213121650.0,1434256134.0,3.9239,19.72051744,0.51408705
Buleleng,Bali,Electricity,1,0.65,419122193.4,419122193.4,351410327.5,933009866.5,7153731154.0,1398257769.0,40169745684.0,993508692.2,1189341336.0,1398257769.0,1696539554.0,3.9239,19.67746512,0.593646264
Buleleng,Bali,Electricity,1,0.75,419539287.7,419539287.7,335631430.1,1007123508.0,7011906916.0,1587830470.0,39913776353.0,1080905728.0,1323473364.0,1587830470.0,1973811087.0,3.9239,19.63152418,0.668047231
Buleleng,Bali,Electricity,1,0.85,419946899.4,419946899.4,319974054.0,1076182150.0,6869603086.0,1778840755.0,39641414358.0,1163533930.0,1454910075.0,1778840755.0,2261782484.0,3.9239,19.58375047,0.73741218
Buleleng,Bali,Electricity,1,0.95,420343563.8,420343563.8,304748845.7,1139818711.0,6728447663.0,1968777240.0,39356424111.0,1240785346.0,1582165173.0,1968777240.0,2556488161.0,3.9239,19.53499854,0.801978061
Denpasar CIty,Bali,Electricity,1,0.15,106402083.8,106402083.8,105224888.7,134485544.6,1984680642.0,148875851.6,10483440719.0,136625466.5,142943600.1,148875851.6,156287851.6,3.9239,18.47161041,0.14916638
Denpasar CIty,Bali,Electricity,1,0.25,106508441.2,106508441.2,103328365.4,154920007.8,1957707075.0,183223529.4,10451066941.0,159009991.7,171329290.2,183223529.4,198523276.4,3.9239,18.45342249,0.246220677
Denpasar CIty,Bali,Electricity,1,0.35,106617390.1,106617390.1,100631714.6,176023395.8,1927725758.0,221912510.2,10411252586.0,182471402.8,202272593.5,221912510.2,247895852.1,3.9239,18.42697802,0.339938731
Denpasar CIty,Bali,Electricity,1,0.45,106727158.1,106727158.1,97326790.64,197237701.7,1895259512.0,264292861.0,10364073459.0,206408316.0,235096951.0,264292861.0,303970231.2,3.9239,18.39358485,0.429421382
Denpasar CIty,Bali,Electricity,1,0.55,106836237.4,106836237.4,93611610.82,218056100.5,1860923421.0,309543842.5,10309985875.0,230248569.0,269066925.2,309543842.5,365969196.1,3.9239,18.35466498,0.51408705
Denpasar CIty,Bali,Electricity,1,0.65,106943451.2,106943451.2,89666053.94,238067314.6,1825350006.0,356780227.2,10249734572.0,253504228.5,303472994.4,356780227.2,432889972.8,3.9239,18.31160282,0.593646264
Denpasar CIty,Bali,Electricity,1,0.75,107047953.9,107047953.9,85638363.15,256973575.6,1789129911.0,405144423.8,10184238325.0,275799549.6,337692130.2,405144423.8,503629682.8,3.9239,18.26564391,0.668047231
Denpasar CIty,Bali,Electricity,1,0.85,107149191.4,107149191.4,81641181.78,274587209.3,1752774974.0,453870117.2,10114482330.0,296874961.9,371219404.9,453870117.2,577092400.5,3.9239,18.21784437,0.73741218
Denpasar CIty,Bali,Electricity,1,0.95,107246842.7,107246842.7,77753900.2,290814392.1,1716702312.0,502315631.9,10041434170.0,316575112.1,403675074.3,502315631.9,652264735.8,3.9239,18.16905927,0.801978061
Gianyar,Bali,Electricity,1,0.15,399243212.0,399243212.0,394826125.9,504618320.1,7446943198.0,558613807.7,39336095640.0,512647761.4,536354740.3,558613807.7,586425205.6,3.9239,19.79395604,0.14916638
Gianyar,Bali,Electricity,1,0.25,399636347.6,399636347.6,387704205.4,581284125.3,7345623469.0,687483370.2,39214039510.0,596630385.3,642854322.2,687483370.2,744890416.4,3.9239,19.77575325,0.246220677
Gianyar,Bali,Electricity,1,0.35,400040580.6,400040580.6,377581644.9,660459812.1,7233046417.0,832640991.5,39064204480.0,684653468.0,758949789.0,832640991.5,930133447.2,3.9239,19.74929738,0.339938731
Gianyar,Bali,Electricity,1,0.45,400450130.6,400450130.6,365179085.9,740054029.6,7111188311.0,991651165.5,38886958532.0,774463019.4,882105421.4,991651165.5,1140524314.0,3.9239,19.71589844,0.429421382
Gianyar,Bali,Electricity,1,0.55,400859916.8,400859916.8,351239836.3,818167622.1,6982365029.0,1161438497.0,38684066204.0,863914945.8,1009565180.0,1161438497.0,1373151892.0,3.9239,19.67697984,0.51408705
Gianyar,Bali,Electricity,1,0.65,401265824.2,401265824.2,336438768.7,893259719.7,6848952101.0,1338686103.0,38458345468.0,951181040.8,1138670390.0,1338686103.0,1624259829.0,3.9239,19.63392673,0.593646264
Gianyar,Bali,Electricity,1,0.75,401664757.2,401664757.2,321331805.8,964214868.8,6713163634.0,1520180729.0,38213244290.0,1034853587.0,1267086595.0,1520180729.0,1889716588.0,3.9239,19.58798481,0.668047231
Gianyar,Bali,Electricity,1,0.85,402054550.9,402054550.9,306341170.2,1030330101.0,6576915289.0,1703051080.0,37952443677.0,1113960152.0,1392921862.0,1703051080.0,2165416490.0,3.9239,19.54020997,0.73741218
Gianyar,Bali,Electricity,1,0.95,402433811.6,402433811.6,291764285.4,1091253983.0,6441765908.0,1884892733.0,37679548655.0,1187918691.0,1514753206.0,1884892733.0,2447562811.0,3.9239,19.49145679,0.801978061
Jembrana,Bali,Electricity,1,0.15,247104869.6,247104869.6,244370988.5,312325020.1,4609160213.0,345744618.8,24346414649.0,317294707.7,331967743.4,345744618.8,362958015.7,3.9239,19.31419807,0.14916638
Jembrana,Bali,Electricity,1,0.25,247348561.9,247348561.9,239963352.2,359776565.1,4546456827.0,425506898.8,24270906128.0,369274888.7,397884459.3,425506898.8,461038077.1,3.9239,19.29599677,0.246220677
Jembrana,Bali,Electricity,1,0.35,247598991.7,247598991.7,233698377.3,408781487.3,4476783322.0,515350391.8,24178191186.0,423755780.2,469740350.4,515350391.8,575691854.3,3.9239,19.26954186,0.339938731
Jembrana,Bali,Electricity,1,0.45,247852510.7,247852510.7,226022034.6,458045172.8,4401361722.0,613767388.9,24068490848.0,479342093.0,545965718.7,613767388.9,705910157.5,3.9239,19.23614305,0.429421382
Jembrana,Bali,Electricity,1,0.55,248105931.7,248105931.7,217394364.4,506391963.0,4321624858.0,718854064.3,23942893480.0,534706548.5,624854467.1,718854064.3,849890735.5,3.9239,19.19722361,0.51408705
Jembrana,Bali,Electricity,1,0.65,248356690.4,248356690.4,208233081.7,552867985.1,4239042985.0,828557106.4,23803142020.0,588717406.5,704760765.6,828557106.4,1005308131.0,3.9239,19.1541686,0.593646264
Jembrana,Bali,Electricity,1,0.75,248602872.3,248602872.3,198882297.9,596782719.0,4154986794.0,940887366.6,23651371251.0,640503229.7,784239496.8,940887366.6,1169604660.0,3.9239,19.10822374,0.668047231
Jembrana,Bali,Electricity,1,0.85,248843151.4,248843151.4,189603381.0,637701000.2,4070642463.0,1054067407.0,23489861433.0,689462049.6,862119493.4,1054067407.0,1340238687.0,3.9239,19.06044498,0.73741218
Jembrana,Bali,Electricity,1,0.95,249076686.6,249076686.6,180580456.7,675405292.9,3986975403.0,1166608826.0,23320846460.0,735233578.9,937519906.8,1166608826.0,1514859879.0,3.9239,19.01168698,0.801978061
Karangasem,Bali,Electricity,1,0.15,223690907.6,223690907.6,221216070.3,282731244.1,4172427815.0,312984230.9,22039515439.0,287230038.2,300512757.7,312984230.9,328566604.4,3.9239,19.21465048,0.14916638
Karangasem,Bali,Electricity,1,0.25,223910454.5,223910454.5,217225048.2,325685072.2,4115646386.0,385186970.1,21971058096.0,334283359.2,360181961.3,385186970.1,417351306.3,3.9239,19.19644446,0.246220677
Karangasem,Bali,Electricity,1,0.35,224136138.5,224136138.5,211552767.3,370044738.1,4052556595.0,466515012.8,21887029388.0,383600044.5,425227047.6,466515012.8,521138427.5,3.9239,19.16998502,0.339938731
Karangasem,Bali,Electricity,1,0.45,224364748.7,224364748.7,204603039.3,414638487.2,3984266344.0,555603675.6,21787638484.0,433917203.2,494227235.8,555603675.6,639014527.8,3.9239,19.13658227,0.429421382
Karangasem,Bali,Electricity,1,0.55,224593473.9,224593473.9,196792374.8,458402301.5,3912073899.0,650729833.0,21673877701.0,484033575.5,565638372.5,650729833.0,769348444.7,3.9239,19.0976598,0.51408705
Karangasem,Bali,Electricity,1,0.65,224820045.3,224820045.3,188498931.8,500472949.8,3837310902.0,750035144.5,21547329601.0,532924938.6,637970923.9,750035144.5,910035558.5,3.9239,19.0546029,0.593646264
Karangasem,Bali,Electricity,1,0.75,225042762.0,225042762.0,180034209.6,540225581.9,3761218426.0,851719409.7,21409929261.0,579802697.0,709917068.8,851719409.7,1058761150.0,3.9239,19.00865744,0.668047231
Karangasem,Bali,Electricity,1,0.85,225260437.9,225260437.9,171634784.3,577266465.6,3684870161.0,954174082.1,21263741602.0,624122152.0,780416955.2,954174082.1,1213225085.0,3.9239,18.96087943,0.73741218
Karangasem,Bali,Electricity,1,0.95,225472312.1,225472312.1,163467298.6,611398823.0,3609139718.0,1056052226.0,21110788183.0,665557331.9,848673490.6,1056052226.0,1371300398.0,3.9239,18.91212352,0.801978061
Klungkung,Bali,Electricity,1,0.15,26308401.29,26308401.29,26017334.42,33252165.26,490721355.2,36810234.41,2592078609.0,33781270.72,35343458.12,36810234.41,38642885.28,3.9239,17.07427358,0.14916638
Klungkung,Bali,Electricity,1,0.25,26334456.64,26334456.64,25548175.6,38304327.63,484047569.4,45302438.35,2584050298.0,39315585.54,42361560.39,45302438.35,49085335.92,3.9239,17.05607647,0.246220677
Klungkung,Bali,Electricity,1,0.35,26361239.41,26361239.41,24881276.1,43521932.7,476631815.6,54868054.86,2574190961.0,45116207.85,50012068.93,54868054.86,61292458.0,3.9239,17.02962611,0.339938731
Klungkung,Bali,Electricity,1,0.45,26388356.18,26388356.18,24064109.49,48767144.36,468604092.4,65346574.17,2562523606.0,51034584.44,58127867.29,65346574.17,75156828.63,3.9239,16.99623206,0.429421382
Klungkung,Bali,Electricity,1,0.55,26415461.89,26415461.89,23145647.95,53914783.53,460116837.8,76535300.91,2549163520.0,56929394.46,66527306.5,76535300.91,90486576.36,3.9239,16.95731733,0.51408705
Klungkung,Bali,Electricity,1,0.65,26442277.91,26442277.91,22170359.12,58863277.99,451326487.2,88215611.32,2534295715.0,62680128.51,75035143.98,88215611.32,107034108.6,3.9239,16.91426678,0.593646264
Klungkung,Bali,Electricity,1,0.75,26468595.57,26468595.57,21174876.46,63539090.62,442378899.5,100175701.7,2518147013.0,68193986.62,83497498.96,100175701.7,124527091.8,3.9239,16.86832596,0.668047231
Klungkung,Bali,Electricity,1,0.85,26494269.93,26494269.93,20187025.95,67895870.69,433400314.9,112226300.9,2500959845.0,73406857.06,91789653.19,112226300.9,142694887.7,3.9239,16.82055068,0.73741218
Klungkung,Bali,Electricity,1,0.95,26519208.79,26519208.79,19226411.35,71910439.41,424493494.7,124208907.1,2482971830.0,78280360.38,99817797.05,124208907.1,161287216.3,3.9239,16.77179548,0.801978061
Tabanan,Bali,Electricity,1,0.15,185508651.6,185508651.6,183456249.3,234471272.9,3460227625.0,259560315.9,18277545721.0,238202158.7,249217623.9,259560315.9,272482902.4,3.9239,19.02748677,0.14916638
Tabanan,Bali,Electricity,1,0.25,185695442.1,185695442.1,180151040.4,270100087.9,3413225061.0,319446739.7,18221236494.0,277230897.0,298709359.8,319446739.7,346121557.7,3.9239,19.00930617,0.246220677
Tabanan,Bali,Electricity,1,0.35,185887489.8,185887489.8,175451460.6,306896906.2,3360991127.0,386904607.4,18152025726.0,318139010.7,352662399.7,386904607.4,432206581.1,3.9239,18.98287298,0.339938731
Tabanan,Bali,Electricity,1,0.45,186081752.2,186081752.2,169691951.6,343889388.5,3304437381.0,460801913.5,18070048747.0,359878608.2,409898036.9,460801913.5,529980506.0,3.9239,18.9494953,0.429421382
Tabanan,Bali,Electricity,1,0.55,186275605.0,186275605.0,163217648.5,380194333.1,3244635383.0,539708884.7,17976099710.0,401452658.2,469134869.4,539708884.7,638089987.6,3.9239,18.91059513,0.51408705
Tabanan,Bali,Electricity,1,0.65,186466963.4,186466963.4,156342035.1,415094975.6,3182686449.0,622083211.8,17871471892.0,442010830.9,529136540.2,622083211.8,754788421.8,3.9239,18.8675567,0.593646264
Tabanan,Bali,Electricity,1,0.75,186654294.3,186654294.3,149323435.5,448072285.9,3119618533.0,706430564.5,17757759471.0,480898218.2,588817291.1,706430564.5,878154505.3,3.9239,18.82162522,0.668047231
Tabanan,Bali,Electricity,1,0.85,186836556.5,186836556.5,142358118.4,478799027.6,3056322089.0,791415489.8,17636671118.0,517662288.1,647297048.2,791415489.8,1006278773.0,3.9239,18.7738564,0.73741218
Tabanan,Bali,Electricity,1,0.95,187013109.3,187013109.3,135584398.3,507111466.7,2993522505.0,875919568.5,17509884477.0,552032065.0,703913783.3,875919568.5,1137395314.0,3.9239,18.72510487,0.801978061
Badung,Bali,Healthcare Facilities,0,0.15,2619695841.0,2619695841.0,2590712450.0,3311130846.0,48864265034.0,3665430556.0,258110000000.0,3363817262.0,3519374256.0,3665430556.0,3847919329.0,3.9239,21.67519875,0.14916638
Badung,Bali,Healthcare Facilities,0,0.25,2622298534.0,2622298534.0,2544003256.0,3814218899.0,48199864127.0,4511067736.0,257311000000.0,3914916634.0,4218224786.0,4511067736.0,4887756228.0,3.9239,21.65700476,0.246220677
Badung,Bali,Healthcare Facilities,0,0.35,2624963052.0,2624963052.0,2477593312.0,4333766843.0,47461383965.0,5463575308.0,256329000000.0,4492519370.0,4980032655.0,5463575308.0,6103295643.0,3.9239,21.63055349,0.339938731
Badung,Bali,Healthcare Facilities,0,0.45,2627646185.0,2627646185.0,2396207064.0,4856035743.0,46661707425.0,6506948562.0,255166000000.0,5081818290.0,5788138816.0,6506948562.0,7483814173.0,3.9239,21.59715293,0.429421382
Badung,Bali,Healthcare Facilities,0,0.55,2630311552.0,2630311552.0,2304720826.0,5368548107.0,45815993624.0,7620979217.0,253832000000.0,5668727070.0,6624436229.0,7620979217.0,9010173210.0,3.9239,21.55822539,0.51408705
Badung,Bali,Healthcare Facilities,0,0.65,2632931040.0,2632931040.0,2207564222.0,5861180048.0,44939831630.0,8783873387.0,252347000000.0,6241234453.0,7471457653.0,8783873387.0,10657683419.0,3.9239,21.51515558,0.593646264
Badung,Bali,Healthcare Facilities,0,0.75,2635484671.0,2635484671.0,2108387736.0,6326603119.0,44047777484.0,9974519635.0,250733000000.0,6790092276.0,8313866821.0,9974519635.0,12399193630.0,3.9239,21.46918939,0.668047231
Badung,Bali,Healthcare Facilities,0,0.85,2637959516.0,2637959516.0,2009965074.0,6760199797.0,43152443454.0,11174055346.0,249013000000.0,7308913121.0,9139236135.0,11174055346.0,14207726347.0,3.9239,21.42138318,0.73741218
Badung,Bali,Healthcare Facilities,0,0.95,2640348235.0,2640348235.0,1914250975.0,7159663144.0,42264105933.0,12366687530.0,247214000000.0,7793875488.0,9938220493.0,12366687530.0,16058337948.0,3.9239,21.37259225,0.801978061
Bangli,Bali,Healthcare Facilities,0,0.15,9183246329.0,9183246329.0,9081646132.0,11607046023.0,171292000000.0,12849030478.0,904794000000.0,11791736294.0,12337035551.0,12849030478.0,13488738082.0,3.9239,22.92952131,0.14916638
Bangli,Bali,Healthcare Facilities,0,0.25,9192212090.0,9192212090.0,8917755619.0,13370372832.0,168960000000.0,15813108554.0,901979000000.0,13723358933.0,14786576117.0,15813108554.0,17133553372.0,3.9239,22.91131014,0.246220677
Bangli,Bali,Healthcare Facilities,0,0.35,9201450993.0,9201450993.0,8684866410.0,15191430288.0,166369000000.0,19151820213.0,898527000000.0,15747915681.0,17456827201.0,19151820213.0,21394272845.0,3.9239,22.88484785,0.339938731
Bangli,Bali,Healthcare Facilities,0,0.45,9210841431.0,9210841431.0,8399564382.0,17022145321.0,163566000000.0,22809186316.0,894447000000.0,17813594054.0,20289500590.0,22809186316.0,26233450322.0,3.9239,22.85144568,0.429421382
Bangli,Bali,Healthcare Facilities,0,0.55,9220274024.0,9220274024.0,8078950782.0,18818867531.0,160603000000.0,26714522343.0,889781000000.0,19871112575.0,23221248164.0,26714522343.0,31584192355.0,3.9239,22.81252785,0.51408705
Bangli,Bali,Healthcare Facilities,0,0.65,9229658003.0,9229658003.0,7738547833.0,20546184659.0,157535000000.0,30791595403.0,884594000000.0,21878453576.0,26190962800.0,30791595403.0,37360178285.0,3.9239,22.76947989,0.593646264
Bangli,Bali,Healthcare Facilities,0,0.75,9238923129.0,9238923129.0,7391138503.0,22178463241.0,154413000000.0,34966555178.0,878965000000.0,23803265212.0,29144990795.0,34966555178.0,43466462957.0,3.9239,22.72354762,0.668047231
Bangli,Bali,Healthcare Facilities,0,0.85,9248018455.0,9248018455.0,7046428872.0,23699549634.0,151282000000.0,39173410140.0,872978000000.0,25623199682.0,32039848953.0,39173410140.0,49808692917.0,3.9239,22.67578678,0.73741218
Bangli,Bali,Healthcare Facilities,0,0.95,9256909420.0,9256909420.0,6711254086.0,25101368196.0,148176000000.0,43356896939.0,866717000000.0,27324880286.0,34842830842.0,43356896939.0,56299611497.0,3.9239,22.62705167,0.801978061
Buleleng,Bali,Healthcare Facilities,0,0.15,5200972636.0,5200972636.0,5143430910.0,6573702435.0,97011913136.0,7277105887.0,512434000000.0,6678302597.0,6987135270.0,7277105887.0,7639407150.0,3.9239,22.36098619,0.14916638
Buleleng,Bali,Healthcare Facilities,0,0.25,5206116356.0,5206116356.0,5050674738.0,7572466345.0,95692423155.0,8955938165.0,510847000000.0,7772384133.0,8374549566.0,8955938165.0,9703787464.0,3.9239,22.34278768,0.246220677
Buleleng,Bali,Healthcare Facilities,0,0.35,5211392846.0,5211392846.0,4918816686.0,8603915969.0,94226056498.0,10846947827.0,508896000000.0,8919090608.0,9886960706.0,10846947827.0,12116997694.0,3.9239,22.31633383,0.339938731
Buleleng,Bali,Healthcare Facilities,0,0.45,5216721059.0,5216721059.0,4757240120.0,9640789567.0,92638466012.0,12918381397.0,506586000000.0,10089040392.0,11491313340.0,12918381397.0,14857773177.0,3.9239,22.28293353,0.429421382
Buleleng,Bali,Healthcare Facilities,0,0.55,5222031668.0,5222031668.0,4575627223.0,10658329888.0,90959783625.0,15130144864.0,503940000000.0,11254283644.0,13151679979.0,15130144864.0,17888150857.0,3.9239,22.24400962,0.51408705
Buleleng,Bali,Healthcare Facilities,0,0.65,5227270112.0,5227270112.0,4382771256.0,11636450339.0,89220961427.0,17438997882.0,500995000000.0,12390988534.0,14833403038.0,17438997882.0,21159152732.0,3.9239,22.20094707,0.593646264
Buleleng,Bali,Healthcare Facilities,0,0.75,5232396699.0,5232396699.0,4185917359.0,12560610822.0,87450876898.0,19803053378.0,497795000000.0,13480805563.0,16506052869.0,19803053378.0,24616914125.0,3.9239,22.15499172,0.668047231
Buleleng,Bali,Healthcare Facilities,0,0.85,5237384846.0,5237384846.0,3990569436.0,13421649482.0,85674534442.0,22184884863.0,494390000000.0,14511060761.0,18144970211.0,22184884863.0,28207912295.0,3.9239,22.10719977,0.73741218
Buleleng,Bali,Healthcare Facilities,0,0.95,5242218535.0,5242218535.0,3800605469.0,14214988140.0,83912294824.0,24553154670.0,490825000000.0,15474170418.0,19731610775.0,24553154670.0,31882656891.0,3.9239,22.05842622,0.801978061
Denpasar CIty,Bali,Healthcare Facilities,0,0.15,3287260692.0,3287260692.0,3250891599.0,4154890849.0,61316117384.0,4599475099.0,323883000000.0,4221003098.0,4416199955.0,4599475099.0,4828466633.0,3.9239,21.90219513,0.14916638
Denpasar CIty,Bali,Healthcare Facilities,0,0.25,3290480241.0,3290480241.0,3192234728.0,4786111024.0,60481557857.0,5660522270.0,322876000000.0,4912467311.0,5293060698.0,5660522270.0,6133193868.0,3.9239,21.88398705,0.246220677
Denpasar CIty,Bali,Healthcare Facilities,0,0.35,3293795693.0,3293795693.0,3108876589.0,5437997518.0,59554400950.0,6855677760.0,321641000000.0,5637199708.0,6248929902.0,6855677760.0,7658396900.0,3.9239,21.85752727,0.339938731
Denpasar CIty,Bali,Healthcare Facilities,0,0.45,3297162143.0,3297162143.0,3006753064.0,6093338329.0,58550963262.0,8164898526.0,320181000000.0,6376649558.0,7262938325.0,8164898526.0,9390666414.0,3.9239,21.82412662,0.429421382
Denpasar CIty,Bali,Healthcare Facilities,0,0.55,3300539512.0,3300539512.0,2891985228.0,6736504327.0,57490336896.0,9562875931.0,318511000000.0,7113171695.0,8312404478.0,9562875931.0,11306049533.0,3.9239,21.78520903,0.51408705
Denpasar CIty,Bali,Healthcare Facilities,0,0.65,3303894813.0,3303894813.0,2770129515.0,7354815628.0,56392087134.0,11022314402.0,316654000000.0,7831721312.0,9375448810.0,11022314402.0,13373637377.0,3.9239,21.74215991,0.593646264
Denpasar CIty,Bali,Healthcare Facilities,0,0.75,3307202752.0,3307202752.0,2645762202.0,7939093512.0,55274436824.0,12516771263.0,314638000000.0,8520714278.0,10432860240.0,12516771263.0,15559433054.0,3.9239,21.69622503,0.668047231
Denpasar CIty,Bali,Healthcare Facilities,0,0.85,3310445197.0,3310445197.0,2522358355.0,8483553599.0,54153143095.0,14022617717.0,312494000000.0,9172148468.0,11469069248.0,14022617717.0,17829651726.0,3.9239,21.64846016,0.73741218
Denpasar CIty,Bali,Healthcare Facilities,0,0.95,3313610043.0,3313610043.0,2402365404.0,8985304055.0,53041020896.0,15520066430.0,310251000000.0,9781234064.0,12472365124.0,15520066430.0,20153049966.0,3.9239,21.59971967,0.801978061
Gianyar,Bali,Healthcare Facilities,0,0.15,1087196719.0,1087196719.0,1075168358.0,1374148302.0,20279097973.0,1521185785.0,107118000000.0,1396013626.0,1460571141.0,1521185785.0,1596920224.0,3.9239,20.7957431,0.14916638
Gianyar,Bali,Healthcare Facilities,0,0.25,1088266864.0,1088266864.0,1055773937.0,1582919712.0,20003182059.0,1872115427.0,106785000000.0,1624709770.0,1750584154.0,1872115427.0,2028443015.0,3.9239,20.77753992,0.246220677
Gianyar,Bali,Healthcare Facilities,0,0.35,1089365599.0,1089365599.0,1028206824.0,1798523034.0,19696581604.0,2267396100.0,106377000000.0,1864405691.0,2066724806.0,2267396100.0,2532881485.0,3.9239,20.75108217,0.339938731
Gianyar,Bali,Healthcare Facilities,0,0.45,1090476717.0,1090476717.0,994429169.2,2015261395.0,19364671629.0,2700392445.0,105894000000.0,2108961457.0,2402085429.0,2700392445.0,3105792994.0,3.9239,20.71767943,0.429421382
Gianyar,Bali,Healthcare Facilities,0,0.55,1091586185.0,1091586185.0,956465181.3,2227961530.0,19013757393.0,3162726342.0,105341000000.0,2352536586.0,2749158391.0,3162726342.0,3739245489.0,3.9239,20.67875494,0.51408705
Gianyar,Bali,Healthcare Facilities,0,0.65,1092682813.0,1092682813.0,916152929.2,2432426298.0,18650310586.0,3645362274.0,104726000000.0,2590151248.0,3100701554.0,3645362274.0,4423005131.0,3.9239,20.63569386,0.593646264
Gianyar,Bali,Healthcare Facilities,0,0.75,1093758331.0,1093758331.0,875006664.5,2625617574.0,18280365697.0,4139547487.0,104057000000.0,2817971235.0,3450356284.0,4139547487.0,5145816812.0,3.9239,20.58974206,0.668047231
Gianyar,Bali,Healthcare Facilities,0,0.85,1094807084.0,1094807084.0,834176562.6,2805621004.0,17909145494.0,4637461217.0,103346000000.0,3033348242.0,3792969680.0,4637461217.0,5896496650.0,3.9239,20.54195564,0.73741218
Gianyar,Bali,Healthcare Facilities,0,0.95,1095825552.0,1095825552.0,794472904.8,2971479942.0,17540901092.0,5132554871.0,102601000000.0,3234697530.0,4124666519.0,5132554871.0,6664703096.0,3.9239,20.49318944,0.801978061
Jembrana,Bali,Healthcare Facilities,0,0.15,3107262640.0,3107262640.0,3072884983.0,3927384628.0,57958677044.0,4347625114.0,306148000000.0,3989876819.0,4174385428.0,4347625114.0,4564077931.0,3.9239,21.84588269,0.14916638
Jembrana,Bali,Healthcare Facilities,0,0.25,3110324853.0,3110324853.0,3017458329.0,4524069126.0,57170163259.0,5350605933.0,305198000000.0,4643507345.0,5003263060.0,5350605933.0,5797398532.0,3.9239,21.8276807,0.246220677
Jembrana,Bali,Healthcare Facilities,0,0.35,3113472772.0,3113472772.0,2938677293.0,5140287614.0,56294021568.0,6480355197.0,304032000000.0,5328584234.0,5906824501.0,6480355197.0,7239128484.0,3.9239,21.80122542,0.339938731
Jembrana,Bali,Healthcare Facilities,0,0.45,3116660996.0,3116660996.0,2842150187.0,5759762210.0,55345626211.0,7717916097.0,302653000000.0,6027563737.0,6865333162.0,7717916097.0,8876580064.0,3.9239,21.76782671,0.429421382
Jembrana,Bali,Healthcare Facilities,0,0.55,3119849728.0,3119849728.0,2733661965.0,6367710830.0,54342997951.0,9039351223.0,301074000000.0,6723757342.0,7857337492.0,9039351223.0,10687093863.0,3.9239,21.72890793,0.51408705
Jembrana,Bali,Healthcare Facilities,0,0.65,3123006823.0,3123006823.0,2618465135.0,6952140032.0,53304624654.0,10418843527.0,299317000000.0,7402935166.0,8862143701.0,10418843527.0,12641431748.0,3.9239,21.68585416,0.593646264
Jembrana,Bali,Healthcare Facilities,0,0.75,3126108179.0,3126108179.0,2500886543.0,7504367594.0,52247739858.0,11831382577.0,297409000000.0,8054140188.0,9861581575.0,11831382577.0,14707435431.0,3.9239,21.63991112,0.668047231
Jembrana,Bali,Healthcare Facilities,0,0.85,3129137009.0,3129137009.0,2384212518.0,8018921915.0,51187255540.0,13254619683.0,295379000000.0,8669803462.0,10840925288.0,13254619683.0,16853148071.0,3.9239,21.59213473,0.73741218
Jembrana,Bali,Healthcare Facilities,0,0.95,3132082574.0,3132082574.0,2270758092.0,8493067649.0,50135307148.0,14669840140.0,293254000000.0,9245394711.0,11789099188.0,14669840140.0,19049017778.0,3.9239,21.54337957,0.801978061
Karangasem,Bali,Healthcare Facilities,0,0.15,5854867172.0,5854867172.0,5790090987.0,7400184019.0,109209000000.0,8192023174.0,576860000000.0,7517935080.0,7865595875.0,8192023174.0,8599874919.0,3.9239,22.47941384,0.14916638
Karangasem,Bali,Healthcare Facilities,0,0.25,5860598847.0,5860598847.0,5685616018.0,8524432513.0,107722000000.0,10081826317.0,575067000000.0,8749482796.0,9427348944.0,10081826317.0,10923690855.0,3.9239,22.46120532,0.246220677
Karangasem,Bali,Healthcare Facilities,0,0.35,5866501864.0,5866501864.0,5537146807.0,9685489188.0,106071000000.0,12210486049.0,572867000000.0,10040283513.0,11129821742.0,12210486049.0,13640190186.0,3.9239,22.43474519,0.339938731
Karangasem,Bali,Healthcare Facilities,0,0.45,5872496630.0,5872496630.0,5355255966.0,10852699157.0,104284000000.0,14542305475.0,570267000000.0,11357298010.0,12935845735.0,14542305475.0,16725491342.0,3.9239,22.40134434,0.429421382
Karangasem,Bali,Healthcare Facilities,0,0.55,5878512010.0,5878512010.0,5150845743.0,11998226790.0,102395000000.0,17032209676.0,567292000000.0,12669100032.0,14805024869.0,17032209676.0,20136934500.0,3.9239,22.36242676,0.51408705
Karangasem,Bali,Healthcare Facilities,0,0.65,5884489367.0,5884489367.0,4933812545.0,13099489182.0,100439000000.0,19631585016.0,563985000000.0,13948894683.0,16698391432.0,19631585016.0,23819471080.0,3.9239,22.31937786,0.593646264
Karangasem,Bali,Healthcare Facilities,0,0.75,5890383671.0,5890383671.0,4712306937.0,14140139051.0,98448043405.0,22293336873.0,560394000000.0,15176050581.0,18581730303.0,22293336873.0,27712552650.0,3.9239,22.27344342,0.668047231
Karangasem,Bali,Healthcare Facilities,0,0.85,5896162574.0,5896162574.0,4492518089.0,15109874429.0,96450995753.0,24975382120.0,556576000000.0,16336315907.0,20427311991.0,24975382120.0,31756008325.0,3.9239,22.2256792,0.73741218
Karangasem,Bali,Healthcare Facilities,0,0.95,5901804428.0,5901804428.0,4278804868.0,16003544947.0,94470299142.0,27642479227.0,552581000000.0,17421159932.0,22214279521.0,27642479227.0,35894193339.0,3.9239,22.17693957,0.801978061
Klungkung,Bali,Healthcare Facilities,0,0.15,2334261231.0,2334261231.0,2308435788.0,2950359444.0,43540153658.0,3266055665.0,229987000000.0,2997305298.0,3135913245.0,3266055665.0,3428660980.0,3.9239,21.55983598,0.14916638
Klungkung,Bali,Healthcare Facilities,0,0.25,2336563817.0,2336563817.0,2266799863.0,3398608417.0,42947840233.0,4019526194.0,229274000000.0,3488333778.0,3758592425.0,4019526194.0,4355169405.0,3.9239,21.54163492,0.246220677
Klungkung,Bali,Healthcare Facilities,0,0.35,2338931442.0,2338931442.0,2207619986.0,3861533792.0,42289708848.0,4868231597.0,228398000000.0,4002987698.0,4437378631.0,4868231597.0,5438244193.0,3.9239,21.51518084,0.339938731
Klungkung,Bali,Healthcare Facilities,0,0.45,2341330040.0,2341330040.0,2135109214.0,4326907643.0,41577308983.0,5797932091.0,227362000000.0,4528088253.0,5157445993.0,5797932091.0,6668355520.0,3.9239,21.48178364,0.429421382
Klungkung,Bali,Healthcare Facilities,0,0.55,2343729664.0,2343729664.0,2053613218.0,4783625516.0,40824176626.0,6790646170.0,226176000000.0,5051098903.0,5902680118.0,6790646170.0,8028482490.0,3.9239,21.44286662,0.51408705
Klungkung,Bali,Healthcare Facilities,0,0.65,2346106058.0,2346106058.0,1967077648.0,5222677622.0,40044197765.0,7826979993.0,224857000000.0,5561329842.0,6657535575.0,7826979993.0,9496661804.0,3.9239,21.39981485,0.593646264
Klungkung,Bali,Healthcare Facilities,0,0.75,2348440981.0,2348440981.0,1878752785.0,5637541436.0,39250315857.0,8888145295.0,223424000000.0,6050549693.0,7408362404.0,8888145295.0,11048736035.0,3.9239,21.35387398,0.668047231
Klungkung,Bali,Healthcare Facilities,0,0.85,2350721681.0,2350721681.0,1791107274.0,6024106183.0,38453730546.0,9957353025.0,221899000000.0,6513072106.0,8144097891.0,9957353025.0,12660698605.0,3.9239,21.30609985,0.73741218
Klungkung,Bali,Healthcare Facilities,0,0.95,2352939965.0,2352939965.0,1705880142.0,6380316553.0,37663556126.0,11020543782.0,220304000000.0,6945493354.0,8856421237.0,11020543782.0,14310349154.0,3.9239,21.25734703,0.801978061
Tabanan,Bali,Healthcare Facilities,0,0.15,4549149668.0,4549149668.0,4498819481.0,5749839182.0,84853688586.0,6365087099.0,448212000000.0,5841330106.0,6111457667.0,6365087099.0,6681982185.0,3.9239,22.22708086,0.14916638
Tabanan,Bali,Healthcare Facilities,0,0.25,4553596867.0,4553596867.0,4417637849.0,6623355428.0,83698613035.0,7833426912.0,446819000000.0,6798216102.0,7324907870.0,7833426912.0,8487542954.0,3.9239,22.20887097,0.246220677
Tabanan,Bali,Healthcare Facilities,0,0.35,4558179180.0,4558179180.0,4302275509.0,7525471940.0,82415442783.0,9487354573.0,445109000000.0,7801141521.0,8647695495.0,9487354573.0,10598212079.0,3.9239,22.18240991,0.339938731
Tabanan,Bali,Healthcare Facilities,0,0.45,4562835830.0,4562835830.0,4160948118.0,8432373432.0,81026780449.0,11299138450.0,443088000000.0,8824438659.0,10050944960.0,11299138450.0,12995438903.0,3.9239,22.1490088,0.429421382
Tabanan,Bali,Healthcare Facilities,0,0.55,4567512223.0,4567512223.0,4002126873.0,9322435239.0,79559058606.0,13233761493.0,440777000000.0,9843693293.0,11503273606.0,13233761493.0,15646084299.0,3.9239,22.11009177,0.51408705
Tabanan,Bali,Healthcare Facilities,0,0.65,4572163123.0,4572163123.0,3833500983.0,10178113619.0,78039355318.0,15253457599.0,438208000000.0,10838089407.0,12974408611.0,15253457599.0,18507384496.0,3.9239,22.06704432,0.593646264
Tabanan,Bali,Healthcare Facilities,0,0.75,4576753585.0,4576753585.0,3661402868.0,10986709135.0,76492884120.0,17321640685.0,435419000000.0,11791599288.0,14437769342.0,17321640685.0,21532302778.0,3.9239,22.02111221,0.668047231
Tabanan,Bali,Healthcare Facilities,0,0.85,4581258318.0,4581258318.0,3490640837.0,11740218666.0,74941442165.0,19405617745.0,432454000000.0,12693151213.0,15871813538.0,19405617745.0,24674095303.0,3.9239,21.97335118,0.73741218
Tabanan,Bali,Healthcare Facilities,0,0.95,4585660221.0,4585660221.0,3324601063.0,12434641025.0,73402753028.0,21478010488.0,429352000000.0,13536117823.0,17260337780.0,21478010488.0,27889533882.0,3.9239,21.92461552,0.801978061
Badung,Bali,Healthcare Facilities,1,0.15,3949813597.0,3949813597.0,3906114253.0,4992316068.0,73674483666.0,5526507018.0,389162000000.0,5071753351.0,5306292461.0,5526507018.0,5801652179.0,3.9239,22.08580892,0.14916638
Badung,Bali,Healthcare Facilities,1,0.25,3953812665.0,3953812665.0,3835761704.0,5750949708.0,72674118040.0,6801634716.0,387965000000.0,5902778332.0,6360096062.0,6801634716.0,7369592830.0,3.9239,22.06763387,0.246220677
Badung,Bali,Healthcare Facilities,1,0.35,3957881038.0,3957881038.0,3735679092.0,6534390493.0,71561583119.0,8237899233.0,386489000000.0,6773755239.0,7508820666.0,8237899233.0,9202460231.0,3.9239,22.04119546,0.339938731
Badung,Bali,Healthcare Facilities,1,0.45,3961940682.0,3961940682.0,3612978910.0,7321885904.0,70356092083.0,9811117026.0,384737000000.0,7662318747.0,8727302321.0,9811117026.0,11284025986.0,3.9239,22.00779845,0.429421382
Badung,Bali,Healthcare Facilities,1,0.55,3965928582.0,3965928582.0,3475009717.0,8094584221.0,69080394121.0,11490752601.0,382723000000.0,8547187765.0,9988185988.0,11490752601.0,13585350163.0,3.9239,21.96886311,0.51408705
Badung,Bali,Healthcare Facilities,1,0.65,3969798491.0,3969798491.0,3328452203.0,8837186906.0,67757975083.0,13243874142.0,380476000000.0,9410213462.0,11265080956.0,13243874142.0,16069108880.0,3.9239,21.92577323,0.593646264
Badung,Bali,Healthcare Facilities,1,0.75,3973519833.0,3973519833.0,3178815866.0,9538618550.0,66410827340.0,15038581720.0,378029000000.0,10237421080.0,12534815728.0,15038581720.0,18694262329.0,3.9239,21.8797746,0.668047231
Badung,Bali,Healthcare Facilities,1,0.85,3977075058.0,3977075058.0,3030289857.0,10191900913.0,65058051695.0,16846375596.0,375421000000.0,11019159279.0,13778614820.0,16846375596.0,21420038384.0,3.9239,21.83192411,0.73741218
Badung,Bali,Healthcare Facilities,1,0.95,3980456524.0,3980456524.0,2885828725.0,10793548934.0,63715245587.0,18643397646.0,372687000000.0,11749655644.0,14982362585.0,18643397646.0,24208744595.0,3.9239,21.78307795,0.801978061
Bangli,Bali,Healthcare Facilities,1,0.15,9365642978.0,9365642978.0,9262024809.0,11837583921.0,174694000000.0,13104236538.0,922765000000.0,12025942490.0,12582072422.0,13104236538.0,13756649944.0,3.9239,22.94918852,0.14916638
Bangli,Bali,Healthcare Facilities,1,0.25,9374779945.0,9374779945.0,9094872455.0,13635923743.0,172316000000.0,16127174992.0,919894000000.0,13995920552.0,15080254446.0,16127174992.0,17473845357.0,3.9239,22.93097663,0.246220677
Bangli,Bali,Healthcare Facilities,1,0.35,9384197860.0,9384197860.0,8857353568.0,15493142083.0,169674000000.0,19532187955.0,916373000000.0,16060679641.0,17803531268.0,19532187955.0,21819177171.0,3.9239,22.90451386,0.339938731
Bangli,Bali,Healthcare Facilities,1,0.45,9393773856.0,9393773856.0,8566384394.0,17360214578.0,166815000000.0,23262189421.0,912212000000.0,18167381922.0,20692461337.0,23262189421.0,26754461211.0,3.9239,22.87111159,0.429421382
Bangli,Bali,Healthcare Facilities,1,0.55,9403397145.0,9403397145.0,8239406174.0,19192627545.0,163793000000.0,27245097322.0,907453000000.0,20265771143.0,23682443506.0,27245097322.0,32211483458.0,3.9239,22.83219411,0.51408705
Bangli,Bali,Healthcare Facilities,1,0.65,9412975546.0,9412975546.0,7892249257.0,20954268695.0,160664000000.0,31403171651.0,902164000000.0,22312998859.0,26711162242.0,31403171651.0,38102218356.0,3.9239,22.78914701,0.593646264
Bangli,Bali,Healthcare Facilities,1,0.75,9422437511.0,9422437511.0,7537950008.0,22618998020.0,157480000000.0,35661102113.0,896424000000.0,24276073723.0,29723902956.0,35661102113.0,44329845080.0,3.9239,22.7432161,0.668047231
Bangli,Bali,Healthcare Facilities,1,0.85,9431730939.0,9431730939.0,7186406637.0,24170342716.0,154287000000.0,39951592460.0,890320000000.0,26132206197.0,32676322621.0,39951592460.0,50798145816.0,3.9239,22.69545711,0.73741218
Bangli,Bali,Healthcare Facilities,1,0.95,9440820295.0,9440820295.0,6844589367.0,25600067533.0,151119000000.0,44218286469.0,883936000000.0,27867755064.0,35535067875.0,44218286469.0,57418139328.0,3.9239,22.6467243,0.801978061
Buleleng,Bali,Healthcare Facilities,1,0.15,6145479959.0,6145479959.0,6077488538.0,7767500312.0,114629000000.0,8598643277.0,605494000000.0,7891096077.0,8256013399.0,8598643277.0,9026739193.0,3.9239,22.52785738,0.14916638
Buleleng,Bali,Healthcare Facilities,1,0.25,6151566738.0,6151566738.0,5967896335.0,8947654817.0,113071000000.0,10582370342.0,603618000000.0,9183878430.0,9895399378.0,10582370342.0,11466031896.0,3.9239,22.50966033,0.246220677
Buleleng,Bali,Healthcare Facilities,1,0.35,6157806247.0,6157806247.0,5812096883.0,10166427492.0,111338000000.0,12816804464.0,601314000000.0,10538839325.0,11682479175.0,12816804464.0,14317501347.0,3.9239,22.48320725,0.339938731
Buleleng,Bali,Healthcare Facilities,1,0.45,6164101010.0,6164101010.0,5621176271.0,11391600208.0,109462000000.0,15264417421.0,598584000000.0,11921255394.0,13578187401.0,15264417421.0,17556011449.0,3.9239,22.44980678,0.429421382
Buleleng,Bali,Healthcare Facilities,1,0.55,6170367983.0,6170367983.0,5406574590.0,12593913955.0,107478000000.0,17877823688.0,595457000000.0,13298094667.0,15540063759.0,17877823688.0,21136691684.0,3.9239,22.41088157,0.51408705
Buleleng,Bali,Healthcare Facilities,1,0.65,6176542136.0,6176542136.0,5178682324.0,13749629210.0,105423000000.0,20605919133.0,591976000000.0,14641191508.0,17527148379.0,20605919133.0,25001653940.0,3.9239,22.36781648,0.593646264
Buleleng,Bali,Healthcare Facilities,1,0.75,6182576466.0,6182576466.0,4946061173.0,14841561400.0,103332000000.0,23399199033.0,588193000000.0,15928859377.0,19503478022.0,23399199033.0,29087235297.0,3.9239,22.32185737,0.668047231
Buleleng,Bali,Healthcare Facilities,1,0.85,6188439813.0,6188439813.0,4715215609.0,15858882334.0,101232000000.0,26213430704.0,584166000000.0,17146119444.0,21439909298.0,26213430704.0,33330177678.0,3.9239,22.27406048,0.73741218
Buleleng,Bali,Healthcare Facilities,1,0.95,6194113718.0,6194113718.0,4490728937.0,16796181321.0,99149299673.0,29011578046.0,579950000000.0,18284009074.0,23314526124.0,29011578046.0,37671989654.0,3.9239,22.22528087,0.801978061
Denpasar CIty,Bali,Healthcare Facilities,1,0.15,3450835440.0,3450835440.0,3412656614.0,4361639047.0,64367219618.0,4828345898.0,339999000000.0,4431041055.0,4635950945.0,4828345898.0,5068732096.0,3.9239,21.95075689,0.14916638
Denpasar CIty,Bali,Healthcare Facilities,1,0.25,3454220263.0,3454220263.0,3351085882.0,5024276236.0,63491225417.0,5942199707.0,338943000000.0,5156920232.0,5556452608.0,5942199707.0,6438392267.0,3.9239,21.93255027,0.246220677
Denpasar CIty,Bali,Healthcare Facilities,1,0.35,3457704765.0,3457704765.0,3263583537.0,5708608451.0,62518005105.0,7196836680.0,337647000000.0,5917723535.0,6559895244.0,7196836680.0,8039501512.0,3.9239,21.90609167,0.339938731
Denpasar CIty,Bali,Healthcare Facilities,1,0.45,3461241185.0,3461241185.0,3156380271.0,6396565491.0,61464676806.0,8571214223.0,336115000000.0,6693975339.0,7624369130.0,8571214223.0,9857980876.0,3.9239,21.87269172,0.429421382
Denpasar CIty,Bali,Healthcare Facilities,1,0.55,3464786993.0,3464786993.0,3035901483.0,7071738570.0,60351276133.0,10038761244.0,334361000000.0,7467150347.0,8726061545.0,10038761244.0,11868681838.0,3.9239,21.83377425,0.51408705
Denpasar CIty,Bali,Healthcare Facilities,1,0.65,3468307271.0,3468307271.0,2907980091.0,7720814966.0,59198339205.0,11570820304.0,332411000000.0,8221453015.0,9842001370.0,11570820304.0,14039152691.0,3.9239,21.79072455,0.593646264
Denpasar CIty,Bali,Healthcare Facilities,1,0.75,3471775337.0,3471775337.0,2777420270.0,8334157631.0,58024996024.0,13139629176.0,330295000000.0,8944720933.0,10952018848.0,13139629176.0,16333699500.0,3.9239,21.74478837,0.668047231
Denpasar CIty,Bali,Healthcare Facilities,1,0.85,3475172150.0,3475172150.0,2647870297.0,8905693176.0,56847790411.0,14720379786.0,328043000000.0,9628552360.0,12039767362.0,14720379786.0,18716850888.0,3.9239,21.69702149,0.73741218
Denpasar CIty,Bali,Healthcare Facilities,1,0.95,3478485087.0,3478485087.0,2521899718.0,9432385150.0,55680178962.0,16292297201.0,325688000000.0,10267918187.0,13092951652.0,16292297201.0,21155803750.0,3.9239,21.64827831,0.801978061
Gianyar,Bali,Healthcare Facilities,1,0.15,1219633134.0,1219633134.0,1206139543.0,1541539605.0,22749387838.0,1706488397.0,120166000000.0,1566068444.0,1638490006.0,1706488397.0,1791448395.0,3.9239,20.91069064,0.14916638
Gianyar,Bali,Healthcare Facilities,1,0.25,1220838754.0,1220838754.0,1184387561.0,1775749857.0,22439955357.0,2100175186.0,119794000000.0,1822630750.0,1963839061.0,2100175186.0,2275546489.0,3.9239,20.89249165,0.246220677
Gianyar,Bali,Healthcare Facilities,1,0.35,1222077655.0,1222077655.0,1153468207.0,2017628255.0,22096119328.0,2543621822.0,119337000000.0,2091537073.0,2318503731.0,2543621822.0,2841449986.0,3.9239,20.86603907,0.339938731
Gianyar,Bali,Healthcare Facilities,1,0.45,1223331574.0,1223331574.0,1115582370.0,2260784530.0,21723906475.0,3029386402.0,118795000000.0,2365900250.0,2694736075.0,3029386402.0,3484177673.0,3.9239,20.83264241,0.429421382
Gianyar,Bali,Healthcare Facilities,1,0.55,1224584591.0,1224584591.0,1073000500.0,2499415434.0,21330385663.0,3548071601.0,118176000000.0,2639168662.0,3084114703.0,3548071601.0,4194833600.0,3.9239,20.79372477,0.51408705
Gianyar,Bali,Healthcare Facilities,1,0.65,1225823932.0,1225823932.0,1027784250.0,2728812363.0,20922811980.0,4089542053.0,117486000000.0,2905755768.0,3478515562.0,4089542053.0,4961939069.0,3.9239,20.75067111,0.593646264
Gianyar,Bali,Healthcare Facilities,1,0.75,1227040086.0,1227040086.0,981632068.5,2945566605.0,20507950305.0,4643978985.0,116737000000.0,3161359844.0,3870805233.0,4643978985.0,5772868946.0,3.9239,20.70472712,0.668047231
Gianyar,Bali,Healthcare Facilities,1,0.85,1228226490.0,1228226490.0,935834053.9,3147529907.0,20091655631.0,5202608567.0,115940000000.0,3403009279.0,4255202497.0,5202608567.0,6615077206.0,3.9239,20.65694873,0.73741218
Gianyar,Bali,Healthcare Facilities,1,0.95,1229379006.0,1229379006.0,891299082.8,3333628285.0,19678693835.0,5758083657.0,115106000000.0,3628925447.0,4627359175.0,5758083657.0,7476962046.0,3.9239,20.6081906,0.801978061
Jembrana,Bali,Healthcare Facilities,1,0.15,3665740541.0,3665740541.0,3625184081.0,4633265584.0,68375768883.0,5129037189.0,361173000000.0,4706989689.0,4924660600.0,5129037189.0,5384393739.0,3.9239,22.01117091,0.14916638
Jembrana,Bali,Healthcare Facilities,1,0.25,3669351723.0,3669351723.0,3559794055.0,5337191974.0,67445507129.0,6312284415.0,360053000000.0,5478097139.0,5902512694.0,6312284415.0,6839380225.0,3.9239,21.99296853,0.246220677
Jembrana,Bali,Healthcare Facilities,1,0.35,3673062451.0,3673062451.0,3466850688.0,6064160121.0,66411840405.0,7645080297.0,358677000000.0,6286299608.0,6968467968.0,7645080297.0,8540229178.0,3.9239,21.96651244,0.339938731
Jembrana,Bali,Healthcare Facilities,1,0.45,3676818657.0,3676818657.0,3352970004.0,6794964604.0,65292898802.0,9105057603.0,357049000000.0,7110898115.0,8099239887.0,9105057603.0,10471968311.0,3.9239,21.93311236,0.429421382
Jembrana,Bali,Healthcare Facilities,1,0.55,3680573248.0,3680573248.0,3224976833.0,7512165063.0,64109941792.0,10663973328.0,355185000000.0,7932203009.0,9269518949.0,10663973328.0,12607861018.0,3.9239,21.8941916,0.51408705
Jembrana,Bali,Healthcare Facilities,1,0.65,3684288428.0,3684288428.0,3089068113.0,8201611627.0,62884784730.0,12291367524.0,353112000000.0,8733425801.0,10454890218.0,12291367524.0,14913409846.0,3.9239,21.8511353,0.593646264
Jembrana,Bali,Healthcare Facilities,1,0.75,3687936051.0,3687936051.0,2950348841.0,8853061444.0,61637765670.0,13957732695.0,350860000000.0,9501639821.0,11633916719.0,13957732695.0,17350673180.0,3.9239,21.80518925,0.668047231
Jembrana,Bali,Healthcare Facilities,1,0.85,3691496671.0,3691496671.0,2812696455.0,9460059903.0,60386484469.0,15636702480.0,348463000000.0,10227916043.0,12789225748.0,15636702480.0,19881948222.0,3.9239,21.75740945,0.73741218
Jembrana,Bali,Healthcare Facilities,1,0.95,3694957985.0,3694957985.0,2678842446.0,10019380837.0,59145264879.0,17306198569.0,345956000000.0,10906910722.0,13907751519.0,17306198569.0,22472370596.0,3.9239,21.70865062,0.801978061
Karangasem,Bali,Healthcare Facilities,1,0.15,6275980690.0,6275980690.0,6206545454.0,7932445031.0,117064000000.0,8781237515.0,618351000000.0,8058665382.0,8431331810.0,8781237515.0,9218424150.0,3.9239,22.54887029,0.14916638
Karangasem,Bali,Healthcare Facilities,1,0.25,6282137129.0,6282137129.0,6094568221.0,9137573717.0,115471000000.0,10806986980.0,616430000000.0,9378811307.0,10105434679.0,10806986980.0,11709404737.0,3.9239,22.53066376,0.246220677
Karangasem,Bali,Healthcare Facilities,1,0.35,6288472210.0,6288472210.0,5935427044.0,10382154649.0,113700000000.0,13088771464.0,614073000000.0,10762468899.0,11930376288.0,13088771464.0,14621312481.0,3.9239,22.50420482,0.339938731
Karangasem,Bali,Healthcare Facilities,1,0.45,6294898050.0,6294898050.0,5740452905.0,11633320385.0,111785000000.0,15588315523.0,611286000000.0,12174214409.0,13866305120.0,15588315523.0,17928535249.0,3.9239,22.47080395,0.429421382
Karangasem,Bali,Healthcare Facilities,1,0.55,6301336879.0,6301336879.0,5521331619.0,12861225565.0,109760000000.0,18257288710.0,608096000000.0,13580352836.0,15869908752.0,18257288710.0,21585327676.0,3.9239,22.4318849,0.51408705
Karangasem,Bali,Healthcare Facilities,1,0.65,6307725237.0,6307725237.0,5288671958.0,14041656522.0,107663000000.0,21043566657.0,604549000000.0,14952154643.0,17899406130.0,21043566657.0,25532662136.0,3.9239,22.388833,0.593646264
Karangasem,Bali,Healthcare Facilities,1,0.75,6314014944.0,6314014944.0,5051211955.0,15157085559.0,105528000000.0,23896654280.0,600697000000.0,16267498946.0,19918112193.0,23896654280.0,29705615345.0,3.9239,22.34289404,0.668047231
Karangasem,Bali,Healthcare Facilities,1,0.85,6320171875.0,6320171875.0,4815587447.0,16196467144.0,103387000000.0,26771430683.0,596601000000.0,17511105408.0,21896296296.0,26771430683.0,34039670406.0,3.9239,22.29512388,0.73741218
Karangasem,Bali,Healthcare Facilities,1,0.95,6326173639.0,6326173639.0,4586472305.0,17154279747.0,101263000000.0,29630111523.0,592314000000.0,18673828327.0,23811597151.0,29630111523.0,38475165086.0,3.9239,22.246377,0.801978061
Klungkung,Bali,Healthcare Facilities,1,0.15,2810054463.0,2810054463.0,2778965012.0,3551732178.0,52414957465.0,3931776863.0,276865000000.0,3608247021.0,3775107470.0,3931776863.0,4127526073.0,3.9239,21.7453444,0.14916638
Klungkung,Bali,Healthcare Facilities,1,0.25,2812832506.0,2812832506.0,2728848360.0,4091356787.0,51702025094.0,4838838066.0,276007000000.0,4199371134.0,4524717397.0,4838838066.0,5242896422.0,3.9239,21.72714551,0.246220677
Klungkung,Bali,Healthcare Facilities,1,0.35,2815676702.0,2815676702.0,2657599984.0,4648631652.0,50909635835.0,5860525043.0,274953000000.0,4818918160.0,5341851158.0,5860525043.0,6546723517.0,3.9239,21.70068929,0.339938731
Klungkung,Bali,Healthcare Facilities,1,0.45,2818541610.0,2818541610.0,2570288707.0,5208821065.0,50051625948.0,6979670772.0,273703000000.0,5451006451.0,6208640338.0,6979670772.0,8027504529.0,3.9239,21.66728407,0.429421382
Klungkung,Bali,Healthcare Facilities,1,0.55,2821389069.0,2821389069.0,2472145987.0,5758543293.0,49144270953.0,8174601006.0,272272000000.0,6080528589.0,7105664708.0,8174601006.0,9664712223.0,3.9239,21.62835243,0.51408705
Klungkung,Bali,Healthcare Facilities,1,0.65,2824189648.0,2824189648.0,2367923781.0,6286941726.0,48204303627.0,9421942281.0,270678000000.0,6694603644.0,8014191424.0,9421942281.0,11431867651.0,3.9239,21.58527937,0.593646264
Klungkung,Bali,Healthcare Facilities,1,0.75,2826922460.0,2826922460.0,2261537968.0,6786158406.0,47247344238.0,10699054293.0,268945000000.0,7283314743.0,8917774064.0,10699054293.0,13299853095.0,3.9239,21.53931094,0.668047231
Klungkung,Bali,Healthcare Facilities,1,0.85,2829573988.0,2829573988.0,2155963674.0,7251243010.0,46286923960.0,11985709469.0,267101000000.0,7839813433.0,9803086318.0,11985709469.0,15239738389.0,3.9239,21.49150364,0.73741218
Klungkung,Bali,Healthcare Facilities,1,0.95,2832136540.0,2832136540.0,2053297387.0,7679723203.0,45334065089.0,13264972842.0,265171000000.0,8360003149.0,10660108022.0,13264972842.0,17224775532.0,3.9239,21.44271282,0.801978061
Tabanan,Bali,Healthcare Facilities,1,0.15,4797525391.0,4797525391.0,4744447263.0,6063770481.0,89486553585.0,6712609873.0,472684000000.0,6160256651.0,6445132711.0,6712609873.0,7046806883.0,3.9239,22.28024077,0.14916638
Tabanan,Bali,Healthcare Facilities,1,0.25,4802224183.0,4802224183.0,4658841776.0,6984991983.0,88268574350.0,8261133617.0,471215000000.0,7169400085.0,7724849331.0,8261133617.0,8950964528.0,3.9239,22.26203271,0.246220677
Tabanan,Bali,Healthcare Facilities,1,0.35,4807062863.0,4807062863.0,4537186453.0,7936374430.0,86915454325.0,10005378910.0,469413000000.0,8227095998.0,9119873139.0,10005378910.0,11176890966.0,3.9239,22.23557293,0.339938731
Tabanan,Bali,Healthcare Facilities,1,0.45,4811975853.0,4811975853.0,4388144263.0,8892798000.0,85451005812.0,11916094160.0,467282000000.0,9306270778.0,10599746793.0,11916094160.0,13705016034.0,3.9239,22.20217226,0.429421382
Tabanan,Bali,Healthcare Facilities,1,0.55,4816904648.0,4816904648.0,4220648483.0,9831452974.0,83903092202.0,13956343001.0,464844000000.0,10381172433.0,12131368105.0,13956343001.0,16500381936.0,3.9239,22.16325462,0.51408705
Tabanan,Bali,Healthcare Facilities,1,0.65,4821801101.0,4821801101.0,4042808352.0,10733833884.0,82300267781.0,16086289282.0,462134000000.0,11429844042.0,13682805280.0,16086289282.0,19517879072.0,3.9239,22.12020542,0.593646264
Tabanan,Bali,Healthcare Facilities,1,0.75,4826628310.0,4826628310.0,3861302648.0,11586544996.0,80669127833.0,18267341633.0,459192000000.0,12435379333.0,15226021009.0,18267341633.0,22707891137.0,3.9239,22.07427044,0.668047231
Tabanan,Bali,Healthcare Facilities,1,0.85,4831359827.0,4831359827.0,3681203010.0,12381144411.0,79032669175.0,20465015392.0,456062000000.0,13386099755.0,16738292624.0,20465015392.0,26021111349.0,3.9239,22.02650544,0.73741218
Tabanan,Bali,Healthcare Facilities,1,0.95,4835978007.0,4835978007.0,3506081316.0,13113411726.0,77409594724.0,22650432290.0,452789000000.0,14275014922.0,18202529159.0,22650432290.0,29411942003.0,3.9239,21.97776482,0.801978061
Badung,Bali,Hotel,0,0.15,69958285893.0,69958285893.0,69184292104.0,88422875198.0,1304910000000.0,97884355430.0,6892760000000.0,89829852027.0,93983960493.0,97884355430.0,102758000000.0,3.9239,24.96003968,0.14916638
Badung,Bali,Hotel,0,0.25,70027116975.0,70027116975.0,67936282340.0,101857000000.0,1287150000000.0,120466000000.0,6871360000000.0,104546000000.0,112645000000.0,120466000000.0,130525000000.0,3.9239,24.94183608,0.246220677
Badung,Bali,Hotel,0,0.35,70097869762.0,70097869762.0,66162460138.0,115730000000.0,1267420000000.0,145901000000.0,6845100000000.0,119970000000.0,132988000000.0,145901000000.0,162984000000.0,3.9239,24.91537907,0.339938731
Badung,Bali,Hotel,0,0.45,70169528165.0,70169528165.0,63989101741.0,129677000000.0,1246070000000.0,173764000000.0,6814030000000.0,135707000000.0,154568000000.0,173764000000.0,199850000000.0,3.9239,24.88197862,0.429421382
Badung,Bali,Hotel,0,0.55,70241202365.0,70241202365.0,61546458957.0,143364000000.0,1223490000000.0,203515000000.0,6778470000000.0,151381000000.0,176902000000.0,203515000000.0,240612000000.0,3.9239,24.84305816,0.51408705
Badung,Bali,Hotel,0,0.65,70312174322.0,70312174322.0,58952793708.0,156522000000.0,1200110000000.0,234573000000.0,6738900000000.0,166672000000.0,199525000000.0,234573000000.0,284612000000.0,3.9239,24.80000285,0.593646264
Badung,Bali,Hotel,0,0.75,70381906017.0,70381906017.0,56305524814.0,168955000000.0,1176320000000.0,266374000000.0,6695930000000.0,181333000000.0,222026000000.0,266374000000.0,331127000000.0,3.9239,24.7540585,0.668047231
Badung,Bali,Hotel,0,0.85,70450022875.0,70450022875.0,53678642365.0,180540000000.0,1152440000000.0,298417000000.0,6650220000000.0,195194000000.0,244075000000.0,298417000000.0,379435000000.0,3.9239,24.70628104,0.73741218
Badung,Bali,Hotel,0,0.95,70516285286.0,70516285286.0,51124266892.0,191214000000.0,1128760000000.0,330279000000.0,6602380000000.0,208153000000.0,265422000000.0,330279000000.0,428873000000.0,3.9239,24.65752511,0.801978061
Bangli,Bali,Hotel,0,0.15,0.0,0.0,0.0,0.0,0.0,0.0,0.0,0.0,0.0,0.0,0.0,0.0,-inf,0.14916638
Bangli,Bali,Hotel,0,0.25,0.0,0.0,0.0,0.0,0.0,0.0,0.0,0.0,0.0,0.0,0.0,0.0,-inf,0.246220677
Bangli,Bali,Hotel,0,0.35,0.0,0.0,0.0,0.0,0.0,0.0,0.0,0.0,0.0,0.0,0.0,0.0,-inf,0.339938731
Bangli,Bali,Hotel,0,0.45,0.0,0.0,0.0,0.0,0.0,0.0,0.0,0.0,0.0,0.0,0.0,0.0,-inf,0.429421382
Bangli,Bali,Hotel,0,0.55,0.0,0.0,0.0,0.0,0.0,0.0,0.0,0.0,0.0,0.0,0.0,0.0,-inf,0.51408705
Bangli,Bali,Hotel,0,0.65,0.0,0.0,0.0,0.0,0.0,0.0,0.0,0.0,0.0,0.0,0.0,0.0,-inf,0.593646264
Bangli,Bali,Hotel,0,0.75,0.0,0.0,0.0,0.0,0.0,0.0,0.0,0.0,0.0,0.0,0.0,0.0,-inf,0.668047231
Bangli,Bali,Hotel,0,0.85,0.0,0.0,0.0,0.0,0.0,0.0,0.0,0.0,0.0,0.0,0.0,0.0,-inf,0.73741218
Bangli,Bali,Hotel,0,0.95,0.0,0.0,0.0,0.0,0.0,0.0,0.0,0.0,0.0,0.0,0.0,0.0,-inf,0.801978061
Buleleng,Bali,Hotel,0,0.15,7433124143.0,7433124143.0,7350886681.0,9395001608.0,138647000000.0,10400291493.0,732361000000.0,9544494028.0,9985871393.0,10400291493.0,10918085077.0,3.9239,22.71808678,0.14916638
Buleleng,Bali,Hotel,0,0.25,7440459069.0,7440459069.0,7218305563.0,10822390825.0,136761000000.0,12799616217.0,730090000000.0,11108108627.0,11968709303.0,12799616217.0,13868424849.0,3.9239,22.69988608,0.246220677
Buleleng,Bali,Hotel,0,0.35,7447993307.0,7447993307.0,7029850721.0,12296503149.0,134666000000.0,15502188608.0,727301000000.0,12746942921.0,14130198841.0,15502188608.0,17317312354.0,3.9239,22.67343131,0.339938731
Buleleng,Bali,Hotel,0,0.45,7455615046.0,7455615046.0,6798935695.0,13778389708.0,132397000000.0,18462646867.0,724001000000.0,14419019245.0,16423114762.0,18462646867.0,21234379985.0,3.9239,22.64003192,0.429421382
Buleleng,Bali,Hotel,0,0.55,7463227574.0,7463227574.0,6539398731.0,15232680797.0,129998000000.0,21623713054.0,720222000000.0,16084406484.0,18796128960.0,21623713054.0,25565402360.0,3.9239,22.60111106,0.51408705
Buleleng,Bali,Hotel,0,0.65,7470753825.0,7470753825.0,6263805854.0,16630679879.0,127514000000.0,24923613538.0,716016000000.0,17709057118.0,21199727603.0,24923613538.0,30240415707.0,3.9239,22.5580538,0.593646264
Buleleng,Bali,Hotel,0,0.75,7478136865.0,7478136865.0,5982509492.0,17951614192.0,124985000000.0,28302506868.0,711449000000.0,19266755725.0,23590436575.0,28302506868.0,35182472512.0,3.9239,22.51210596,0.668047231
Buleleng,Bali,Hotel,0,0.85,7485337747.0,7485337747.0,5703373136.0,19182393972.0,122447000000.0,31706922628.0,706588000000.0,20739394576.0,25933024675.0,31706922628.0,40315110858.0,3.9239,22.46432362,0.73741218
Buleleng,Bali,Hotel,0,0.95,7492332187.0,7492332187.0,5431936592.0,20316477168.0,119930000000.0,35092087406.0,701501000000.0,22116137341.0,28200995729.0,35092087406.0,45567626538.0,3.9239,22.41556155,0.801978061
Denpasar CIty,Bali,Hotel,0,0.15,699802090.3,699802090.3,692059726.9,884505846.6,13053162233.0,979150298.8,68949154619.0,898580024.0,940134126.6,979150298.8,1027898715.0,3.9239,20.35518282,0.14916638
Denpasar CIty,Bali,Hotel,0,0.25,700498238.4,700498238.4,679583112.4,1018897576.0,12875696444.0,1205047771.0,68735903933.0,1045797101.0,1126820228.0,1205047771.0,1305673089.0,3.9239,20.3369901,0.246220677
Denpasar CIty,Bali,Hotel,0,0.35,701212511.0,701212511.0,661845288.1,1157689259.0,12678470349.0,1459497633.0,68473825508.0,1200097192.0,1330327754.0,1459497633.0,1630387620.0,3.9239,20.31054238,0.339938731
Denpasar CIty,Bali,Hotel,0,0.45,701933836.2,701933836.2,640108560.4,1297212622.0,12464932107.0,1738227693.0,68163473777.0,1357526834.0,1546209116.0,1738227693.0,1999181786.0,3.9239,20.27714835,0.429421382
Denpasar CIty,Bali,Hotel,0,0.55,702652666.2,702652666.2,615675444.4,1434136058.0,12239131921.0,2035843002.0,67807882794.0,1514324866.0,1769629828.0,2035843002.0,2406947658.0,3.9239,20.23823051,0.51408705
Denpasar CIty,Bali,Hotel,0,0.65,703361431.3,703361431.3,589728902.0,1565756158.0,12005230605.0,2346524715.0,67411963058.0,1667283925.0,1995925860.0,2346524715.0,2847094493.0,3.9239,20.1951735,0.593646264
Denpasar CIty,Bali,Hotel,0,0.75,704054586.3,704054586.3,563243669.0,1690115671.0,11767110657.0,2664635607.0,66981753852.0,1813934136.0,2221001750.0,2664635607.0,3312373333.0,3.9239,20.1492229,0.668047231
Denpasar CIty,Bali,Hotel,0,0.85,704728392.6,704728392.6,536960270.7,1805980989.0,11528134502.0,2985138329.0,66523720641.0,1952569236.0,2441538299.0,2985138329.0,3795580671.0,3.9239,20.10143467,0.73741218
Denpasar CIty,Bali,Hotel,0,0.95,705380581.2,705380581.2,511400521.8,1912735329.0,11291040787.0,3303814672.0,66044206938.0,2082167931.0,2655039080.0,3303814672.0,4290055231.0,3.9239,20.05266364,0.801978061
Gianyar,Bali,Hotel,0,0.15,14387030010.0,14387030010.0,14227856987.0,18184301442.0,268356000000.0,20130069528.0,1417510000000.0,18473648409.0,19327947259.0,20130069528.0,21132274212.0,3.9239,23.37846764,0.14916638
Gianyar,Bali,Hotel,0,0.25,14401239256.0,14401239256.0,13971254257.0,20947073045.0,264706000000.0,24774054105.0,1413110000000.0,21500088711.0,23165808006.0,24774054105.0,26842766355.0,3.9239,23.36026779,0.246220677
Gianyar,Bali,Hotel,0,0.35,14415848735.0,14415848735.0,13606519293.0,23800307286.0,260650000000.0,30005022404.0,1407720000000.0,24672149048.0,27349488741.0,30005022404.0,33518257215.0,3.9239,23.33381487,0.339938731
Gianyar,Bali,Hotel,0,0.45,14430648034.0,14430648034.0,13159618275.0,26668637142.0,256259000000.0,35735208571.0,1401330000000.0,27908601828.0,31787610717.0,35735208571.0,41100011452.0,3.9239,23.30041876,0.429421382
Gianyar,Bali,Hotel,0,0.55,14445451483.0,14445451483.0,12657334398.0,29483618077.0,251618000000.0,41853781720.0,1394030000000.0,31132175885.0,36380850815.0,41853781720.0,49483119169.0,3.9239,23.26150268,0.51408705
Gianyar,Bali,Hotel,0,0.65,14460108245.0,14460108245.0,12123985449.0,32189714300.0,246810000000.0,48241202700.0,1385890000000.0,34276980452.0,41033390080.0,48241202700.0,58532203674.0,3.9239,23.2184516,0.593646264
Gianyar,Bali,Hotel,0,0.75,14474504595.0,14474504595.0,11579603676.0,34746719244.0,241917000000.0,54781661946.0,1377060000000.0,37292276045.0,45661090291.0,54781661946.0,68098360492.0,3.9239,23.17251108,0.668047231
Gianyar,Bali,Hotel,0,0.85,14488560888.0,14488560888.0,11039404199.0,37129290946.0,237008000000.0,61371670133.0,1367670000000.0,40143009072.0,50195758655.0,61371670133.0,78033611588.0,3.9239,23.12473691,0.73741218
Gianyar,Bali,Hotel,0,0.95,14502225867.0,14502225867.0,10514105539.0,39324756744.0,232137000000.0,67924561402.0,1357830000000.0,42808195232.0,54586102098.0,67924561402.0,88201109582.0,3.9239,23.07598358,0.801978061
Jembrana,Bali,Hotel,0,0.15,17568718.44,17568718.44,17374344.34,22205755.59,327703125.3,24581829.85,1730986948.0,22559091.58,23602318.42,24581829.85,25805671.87,3.9239,16.67050521,0.14916638
Jembrana,Bali,Hotel,0,0.25,17586050.41,17586050.41,17060974.91,25579484.92,323245133.6,30252796.76,1725619002.0,26254799.13,28288889.59,30252796.76,32779001.43,3.9239,16.65230424,0.246220677
Jembrana,Bali,Hotel,0,0.35,17603859.11,17603859.11,16615549.53,29063655.15,318291534.0,36640519.53,1719027482.0,30128301.42,33397724.65,36640519.53,40930692.92,3.9239,16.62584953,0.339938731
Jembrana,Bali,Hotel,0,0.45,17621884.02,17621884.02,16069775.0,32566218.07,312929191.6,43637797.79,1711227993.0,34080392.2,38817216.53,43637797.79,50188988.98,3.9239,16.59245074,0.429421382
Jembrana,Bali,Hotel,0,0.55,17639897.84,17639897.84,15456359.11,36003582.96,307259969.4,51109266.79,1702297853.0,38016700.47,44426059.82,51109266.79,60425744.94,3.9239,16.55353107,0.51408705
Jembrana,Bali,Hotel,0,0.65,17657717.94,17657717.94,14805000.89,39307928.13,301388399.2,58908933.18,1692360963.0,41856758.08,50107234.04,58908933.18,71475615.9,3.9239,16.51047558,0.593646264
Jembrana,Bali,Hotel,0,0.75,17675208.21,17675208.21,14140166.57,42430156.65,295411939.6,66895365.91,1681569113.0,45538604.76,55757989.71,66895365.91,83156745.91,3.9239,16.46453,0.668047231
Jembrana,Bali,Hotel,0,0.85,17692274.61,17692274.61,13480439.65,45339327.8,289414934.2,74942187.12,1670084455.0,49019439.93,61295055.68,74942187.12,95288420.68,3.9239,16.41675028,0.73741218
Jembrana,Bali,Hotel,0,0.95,17708857.66,17708857.66,12838911.77,48019974.73,283466031.6,82943570.21,1658065860.0,52273647.02,66655803.12,82943570.21,107703528.4,3.9239,16.3679911,0.801978061
Karangasem,Bali,Hotel,0,0.15,19668984701.0,19668984701.0,19451373995.0,24860360103.0,366879000000.0,27520484027.0,1937920000000.0,25255935915.0,26423876136.0,27520484027.0,28890631207.0,3.9239,23.69118355,0.14916638
Karangasem,Bali,Hotel,0,0.25,19688271994.0,19688271994.0,19100429416.0,28637234910.0,361886000000.0,33869190487.0,1931900000000.0,29393275600.0,31670519521.0,33869190487.0,36697375529.0,3.9239,23.67297665,0.246220677
Karangasem,Bali,Hotel,0,0.35,19708101578.0,19708101578.0,18601656362.0,32537721657.0,356338000000.0,41020271526.0,1924510000000.0,33729628309.0,37389855577.0,41020271526.0,45823262304.0,3.9239,23.64651647,0.339938731
Karangasem,Bali,Hotel,0,0.45,19728192931.0,19728192931.0,17990563392.0,36458793641.0,350333000000.0,48853737371.0,1915770000000.0,38153954003.0,43456961571.0,48853737371.0,56187979466.0,3.9239,23.6131132,0.429421382
Karangasem,Bali,Hotel,0,0.55,19748300320.0,19748300320.0,17303774910.0,40306898333.0,343985000000.0,57218083624.0,1905760000000.0,42560632993.0,49736068729.0,57218083624.0,67648110499.0,3.9239,23.57419052,0.51408705
Karangasem,Bali,Hotel,0,0.65,19768225272.0,19768225272.0,16574542285.0,44006138332.0,337411000000.0,65949918646.0,1894640000000.0,46859612649.0,56096212077.0,65949918646.0,80018611775.0,3.9239,23.53113376,0.593646264
Karangasem,Bali,Hotel,0,0.75,19787818800.0,19787818800.0,15830255040.0,47501576292.0,330721000000.0,74890963834.0,1882560000000.0,50981558379.0,62422404508.0,74890963834.0,93095968097.0,3.9239,23.48518882,0.668047231
Karangasem,Bali,Hotel,0,0.85,19806976825.0,19806976825.0,15091714409.0,50758595761.0,324008000000.0,83899792216.0,1869700000000.0,54878580178.0,68621461860.0,83899792216.0,106678000000.0,3.9239,23.43741172,0.73741218
Karangasem,Bali,Hotel,0,0.95,19825632342.0,19825632342.0,14373572219.0,53759897020.0,317349000000.0,92857978749.0,1856260000000.0,58522019151.0,74623302734.0,92857978749.0,120578000000.0,3.9239,23.38865709,0.801978061
Klungkung,Bali,Hotel,0,0.15,6628427442.0,6628427442.0,6555092860.0,8377915568.0,123638000000.0,9274374570.0,653077000000.0,8511224206.0,8904818849.0,9274374570.0,9736112749.0,3.9239,22.60350812,0.14916638
Klungkung,Bali,Hotel,0,0.25,6634913188.0,6634913188.0,6436811268.0,9650698021.0,121955000000.0,11413857889.0,651046000000.0,9905482409.0,10672909623.0,11413857889.0,12366951296.0,3.9239,22.58529911,0.246220677
Klungkung,Bali,Hotel,0,0.35,6641593866.0,6641593866.0,6268723870.0,10965152159.0,120085000000.0,13823755813.0,648556000000.0,11366822502.0,12600312337.0,13823755813.0,15442354843.0,3.9239,22.55883864,0.339938731
Klungkung,Bali,Hotel,0,0.45,6648379900.0,6648379900.0,6062800605.0,12286574430.0,118062000000.0,16463657199.0,645612000000.0,12857841658.0,14644949532.0,16463657199.0,18935288934.0,3.9239,22.52543768,0.429421382
Klungkung,Bali,Hotel,0,0.55,6655191096.0,6655191096.0,5831384314.0,13583453084.0,115923000000.0,19282534420.0,642244000000.0,14342963249.0,16761090139.0,19282534420.0,22797460811.0,3.9239,22.48652026,0.51408705
Klungkung,Bali,Hotel,0,0.65,6661961234.0,6661961234.0,5585678869.0,14830222926.0,113709000000.0,22225353839.0,638499000000.0,15791853777.0,18904620172.0,22225353839.0,26966552755.0,3.9239,22.44347181,0.593646264
Klungkung,Bali,Hotel,0,0.75,6668639363.0,6668639363.0,5334911490.0,16008377915.0,111455000000.0,25238801426.0,634435000000.0,17181157278.0,21036805928.0,25238801426.0,31374020737.0,3.9239,22.39753813,0.668047231
Klungkung,Bali,Hotel,0,0.85,6675188787.0,6675188787.0,5086088790.0,17106255652.0,109195000000.0,28275236406.0,630113000000.0,18494739822.0,23126255803.0,28275236406.0,35951747939.0,3.9239,22.34977496,0.73741218
Klungkung,Bali,Hotel,0,0.95,6681584863.0,6681584863.0,4844145241.0,18118025592.0,106952000000.0,31294762986.0,625591000000.0,19722944043.0,25149358232.0,31294762986.0,40636741150.0,3.9239,22.30103665,0.801978061
Tabanan,Bali,Hotel,0,0.15,2806587567.0,2806587567.0,2775536472.0,3547350239.0,52350290661.0,3926926045.0,276524000000.0,3603795356.0,3770449942.0,3926926045.0,4122433749.0,3.9239,21.74410989,0.14916638
Tabanan,Bali,Hotel,0,0.25,2809330252.0,2809330252.0,2725450674.0,4086262643.0,51637650955.0,4832813233.0,275664000000.0,4194142501.0,4519083676.0,4832813233.0,5236368497.0,3.9239,21.72589964,0.246220677
Tabanan,Bali,Hotel,0,0.35,2812155613.0,2812155613.0,2654276574.0,4642818397.0,50845971785.0,5853196278.0,274609000000.0,4812891956.0,5335171011.0,5853196278.0,6538536640.0,3.9239,21.69943798,0.339938731
Tabanan,Bali,Hotel,0,0.45,2815026007.0,2815026007.0,2567082753.0,5202324036.0,49989195910.0,6970964938.0,273362000000.0,5444207341.0,6200896221.0,6970964938.0,8017491719.0,3.9239,21.66603598,0.429421382
Tabanan,Bali,Hotel,0,0.55,2817907722.0,2817907722.0,2469095575.0,5751437755.0,49083631234.0,8164514266.0,271936000000.0,6073025750.0,7096896941.0,8164514266.0,9652786815.0,3.9239,21.62711776,0.51408705
Tabanan,Bali,Hotel,0,0.65,2820772905.0,2820772905.0,2365059035.0,6279335698.0,48145985400.0,9410543487.0,270350000000.0,6686504421.0,8004495745.0,9410543487.0,11418037221.0,3.9239,21.58406882,0.593646264
Tabanan,Bali,Hotel,0,0.75,2823600101.0,2823600101.0,2258880081.0,6778182929.0,47191816492.0,10686480160.0,268629000000.0,7274754981.0,8907293393.0,10686480160.0,13284222357.0,3.9239,21.53813499,0.668047231
Tabanan,Bali,Hotel,0,0.85,2826373836.0,2826373836.0,2153525352.0,7243042100.0,46234575020.0,11972154038.0,266799000000.0,7830946871.0,9791999360.0,11972154038.0,15222502762.0,3.9239,21.49037204,0.73741218
Tabanan,Bali,Hotel,0,0.95,2829083692.0,2829083692.0,2051084074.0,7671444992.0,45285198099.0,13250674118.0,264885000000.0,8350991643.0,10648617162.0,13250674118.0,17206208414.0,3.9239,21.44163431,0.801978061
Badung,Bali,Hotel,1,0.15,76998859735.0,76998859735.0,76146971521.0,97321717904.0,1436230000000.0,107735000000.0,7586440000000.0,98870292317.0,103442000000.0,107735000000.0,113099000000.0,3.9239,25.05593115,0.14916638
Badung,Bali,Hotel,1,0.25,77074713413.0,77074713413.0,74773455168.0,112108000000.0,1416690000000.0,132590000000.0,7562900000000.0,115067000000.0,123982000000.0,132590000000.0,143661000000.0,3.9239,25.03772878,0.246220677
Badung,Bali,Hotel,1,0.35,77152709055.0,77152709055.0,72821229158.0,127378000000.0,1394980000000.0,160585000000.0,7534010000000.0,132044000000.0,146373000000.0,160585000000.0,179388000000.0,3.9239,25.01127336,0.339938731
Badung,Bali,Hotel,1,0.45,77231729646.0,77231729646.0,70429275146.0,142729000000.0,1371480000000.0,191252000000.0,7499830000000.0,149365000000.0,170125000000.0,191252000000.0,219964000000.0,3.9239,24.97787485,0.429421382
Badung,Bali,Hotel,1,0.55,77310793366.0,77310793366.0,67740947059.0,157794000000.0,1346640000000.0,223998000000.0,7460700000000.0,166617000000.0,194707000000.0,223998000000.0,264829000000.0,3.9239,24.93895667,0.51408705
Badung,Bali,Hotel,1,0.65,77389105060.0,77389105060.0,64886401109.0,172276000000.0,1320910000000.0,258182000000.0,7417170000000.0,183447000000.0,219607000000.0,258182000000.0,313259000000.0,3.9239,24.8959039,0.593646264
Badung,Bali,Hotel,1,0.75,77466066647.0,77466066647.0,61972853317.0,185961000000.0,1294720000000.0,293186000000.0,7369900000000.0,199584000000.0,244373000000.0,293186000000.0,364455000000.0,3.9239,24.84996228,0.668047231
Badung,Bali,Hotel,1,0.85,77541259872.0,77541259872.0,59081734645.0,198712000000.0,1268440000000.0,328455000000.0,7319600000000.0,214841000000.0,268642000000.0,328455000000.0,417628000000.0,3.9239,24.80218766,0.73741218
Badung,Bali,Hotel,1,0.95,77614415607.0,77614415607.0,56270407354.0,210462000000.0,1242380000000.0,363525000000.0,7266970000000.0,229105000000.0,292139000000.0,363525000000.0,472043000000.0,3.9239,24.75343461,0.801978061
Bangli,Bali,Hotel,1,0.15,0.0,0.0,0.0,0.0,0.0,0.0,0.0,0.0,0.0,0.0,0.0,0.0,-inf,0.14916638
Bangli,Bali,Hotel,1,0.25,0.0,0.0,0.0,0.0,0.0,0.0,0.0,0.0,0.0,0.0,0.0,0.0,-inf,0.246220677
Bangli,Bali,Hotel,1,0.35,0.0,0.0,0.0,0.0,0.0,0.0,0.0,0.0,0.0,0.0,0.0,0.0,-inf,0.339938731
Bangli,Bali,Hotel,1,0.45,0.0,0.0,0.0,0.0,0.0,0.0,0.0,0.0,0.0,0.0,0.0,0.0,-inf,0.429421382
Bangli,Bali,Hotel,1,0.55,0.0,0.0,0.0,0.0,0.0,0.0,0.0,0.0,0.0,0.0,0.0,0.0,-inf,0.51408705
Bangli,Bali,Hotel,1,0.65,0.0,0.0,0.0,0.0,0.0,0.0,0.0,0.0,0.0,0.0,0.0,0.0,-inf,0.593646264
Bangli,Bali,Hotel,1,0.75,0.0,0.0,0.0,0.0,0.0,0.0,0.0,0.0,0.0,0.0,0.0,0.0,-inf,0.668047231
Bangli,Bali,Hotel,1,0.85,0.0,0.0,0.0,0.0,0.0,0.0,0.0,0.0,0.0,0.0,0.0,0.0,-inf,0.73741218
Bangli,Bali,Hotel,1,0.95,0.0,0.0,0.0,0.0,0.0,0.0,0.0,0.0,0.0,0.0,0.0,0.0,-inf,0.801978061
Buleleng,Bali,Hotel,1,0.15,9578692986.0,9578692986.0,9472717706.0,12106865736.0,178668000000.0,13402332215.0,943757000000.0,12299509093.0,12868289891.0,13402332215.0,14069586747.0,3.9239,22.97168168,0.14916638
Buleleng,Bali,Hotel,1,0.25,9588219589.0,9588219589.0,9301939324.0,13946378678.0,176239000000.0,16494349315.0,940837000000.0,14314571689.0,15423593079.0,16494349315.0,17871679902.0,3.9239,22.95348874,0.246220677
Buleleng,Bali,Hotel,1,0.35,9597986310.0,9597986310.0,9059139583.0,15846102973.0,173539000000.0,19977165379.0,937249000000.0,16426570031.0,18209126867.0,19977165379.0,22316256211.0,3.9239,22.92703998,0.339938731
Buleleng,Bali,Hotel,1,0.45,9607839430.0,9607839430.0,8761595394.0,17755819619.0,170616000000.0,23792288824.0,932999000000.0,18581380715.0,21164001707.0,23792288824.0,27364142599.0,3.9239,22.89364385,0.429421382
Buleleng,Bali,Hotel,1,0.55,9617647312.0,9617647312.0,8427135579.0,19629918834.0,167525000000.0,27865858793.0,928129000000.0,20727513297.0,24222032273.0,27865858793.0,32945400744.0,3.9239,22.85472276,0.51408705
Buleleng,Bali,Hotel,1,0.65,9627306375.0,9627306375.0,8071953572.0,21431391553.0,164322000000.0,32118213117.0,922706000000.0,22821059624.0,27319367962.0,32118213117.0,38969795249.0,3.9239,22.81166137,0.593646264
Buleleng,Bali,Hotel,1,0.75,9636741429.0,9636741429.0,7709393143.0,23133444511.0,161062000000.0,36472178219.0,916812000000.0,24828208744.0,30399943405.0,36472178219.0,45338083076.0,3.9239,22.76570531,0.668047231
Buleleng,Bali,Hotel,1,0.85,9645902407.0,9645902407.0,7349592299.0,24719191898.0,157790000000.0,40858795104.0,910537000000.0,26725604485.0,33418321736.0,40858795104.0,51951647074.0,3.9239,22.71791068,0.73741218
Buleleng,Bali,Hotel,1,0.95,9654759527.0,9654759527.0,6999695188.0,26180192840.0,154544000000.0,45220320818.0,903967000000.0,28499268631.0,36340331069.0,45220320818.0,58719296665.0,3.9239,22.66913244,0.801978061
Denpasar CIty,Bali,Hotel,1,0.15,874590806.5,874590806.5,864914642.4,1105427795.0,16313434675.0,1223711477.0,86170501040.0,1123017263.0,1174950283.0,1223711477.0,1284635726.0,3.9239,20.57814138,0.14916638
Denpasar CIty,Bali,Hotel,1,0.25,875459119.5,875459119.5,849320098.9,1273383894.0,16091612017.0,1506028142.0,85903819070.0,1307002015.0,1408261992.0,1506028142.0,1631786278.0,3.9239,20.5599467,0.246220677
Denpasar CIty,Bali,Hotel,1,0.35,876348978.5,876348978.5,827149306.5,1446836420.0,15845074589.0,1824025156.0,85576007408.0,1499836258.0,1662593508.0,1824025156.0,2037597023.0,3.9239,20.53349578,0.339938731
Denpasar CIty,Bali,Hotel,1,0.45,877246298.7,877246298.7,799979765.1,1621199767.0,15578128580.0,2172361170.0,85187737073.0,1696577839.0,1932384726.0,2172361170.0,2498490216.0,3.9239,20.50009699,0.429421382
Denpasar CIty,Bali,Hotel,1,0.55,878139101.2,878139101.2,769439450.5,1792309358.0,15295836509.0,2544291696.0,84742798423.0,1892525199.0,2211592187.0,2544291696.0,3008079176.0,3.9239,20.46117282,0.51408705
Denpasar CIty,Bali,Hotel,1,0.65,879018025.1,879018025.1,737007051.7,1956786119.0,15003401704.0,2932542828.0,84247341403.0,2083669303.0,2494385858.0,2932542828.0,3558124269.0,3.9239,20.41810802,0.593646264
Denpasar CIty,Bali,Hotel,1,0.75,879876326.1,879876326.1,703901060.9,2112183907.0,14705680917.0,3330068199.0,83708934853.0,2266923239.0,2775646801.0,3330068199.0,4139563800.0,3.9239,20.37214837,0.668047231
Denpasar CIty,Bali,Hotel,1,0.85,880709554.8,880709554.8,671047237.3,2256961306.0,14406881164.0,3730571773.0,83135683200.0,2440154817.0,3051226730.0,3730571773.0,4743393623.0,3.9239,20.32435009,0.73741218
Denpasar CIty,Bali,Hotel,1,0.95,881515099.7,881515099.7,639097948.0,2390348018.0,14110429476.0,4128781821.0,82535537859.0,2602088178.0,3318006055.0,4128781821.0,5361288027.0,3.9239,20.27556828,0.801978061
Gianyar,Bali,Hotel,1,0.15,15881603263.0,15881603263.0,15705894808.0,20073348072.0,296234000000.0,22221249116.0,1564760000000.0,20392753379.0,21335799677.0,22221249116.0,23327566206.0,3.9239,23.47730194,0.14916638
Gianyar,Bali,Hotel,1,0.25,15897242971.0,15897242971.0,15422591041.0,23123059328.0,292204000000.0,27347587973.0,1559910000000.0,23733522377.0,25572276937.0,27347587973.0,29631198480.0,3.9239,23.45909922,0.246220677
Gianyar,Bali,Hotel,1,0.35,15913320956.0,15913320956.0,15019920962.0,26272607021.0,287725000000.0,33121848084.0,1553950000000.0,27235012915.0,30190466085.0,33121848084.0,37000026481.0,3.9239,23.43264322,0.339938731
Gianyar,Bali,Hotel,1,0.45,15929606065.0,15929606065.0,14526550340.0,29438794640.0,282878000000.0,39447140134.0,1546890000000.0,30807558463.0,35089492537.0,39447140134.0,45369202422.0,3.9239,23.39924387,0.429421382
Gianyar,Bali,Hotel,1,0.55,15945895662.0,15945895662.0,13972047457.0,32546071553.0,277753000000.0,46201119926.0,1538820000000.0,34365864505.0,40159717531.0,46201119926.0,54622914085.0,3.9239,23.36032456,0.51408705
Gianyar,Bali,Hotel,1,0.65,15962026062.0,15962026062.0,13383258855.0,35533140547.0,272446000000.0,53251837520.0,1529840000000.0,37837203294.0,45295376132.0,53251837520.0,64611726599.0,3.9239,23.31727042,0.593646264
Gianyar,Bali,Hotel,1,0.75,15977874499.0,15977874499.0,12782299600.0,38355628388.0,267044000000.0,60471466479.0,1520090000000.0,41165575134.0,50403602098.0,60471466479.0,75171281366.0,3.9239,23.27132721,0.668047231
Gianyar,Bali,Hotel,1,0.85,15993355410.0,15993355410.0,12185966310.0,40985571363.0,261624000000.0,67745785116.0,1509710000000.0,44312296872.0,55409133762.0,67745785116.0,86138250287.0,3.9239,23.22355082,0.73741218
Gianyar,Bali,Hotel,1,0.95,16008413993.0,16008413993.0,11606091078.0,43408990586.0,256247000000.0,74979145215.0,1498850000000.0,47254215860.0,60255365532.0,74979145215.0,97361597439.0,3.9239,23.17479589,0.801978061
Jembrana,Bali,Hotel,1,0.15,20848260.62,20848260.62,20617602.82,26350890.72,388875271.9,29170505.34,2054109247.0,26770183.72,28008149.1,29170505.34,30622801.23,3.9239,16.84165577,0.14916638
Jembrana,Bali,Hotel,1,0.25,20868659.73,20868659.73,20245573.72,30354147.43,383582017.9,35899778.9,2047722766.0,31155515.67,33569289.14,35899778.9,38897524.52,3.9239,16.82344675,0.246220677
Jembrana,Bali,Hotel,1,0.35,20889619.52,20889619.52,19716841.95,34488386.56,377700650.7,43479472.72,2039883972.0,35751749.06,39631410.15,43479472.72,48570407.0,3.9239,16.79698375,0.339938731
Jembrana,Bali,Hotel,1,0.45,20910841.71,20910841.71,19069046.24,38644394.11,371334460.2,51782379.28,2030612484.0,40441174.49,46062082.2,51782379.28,59556288.23,3.9239,16.76357696,0.429421382
Jembrana,Bali,Hotel,1,0.55,20932066.76,20932066.76,18341009.9,42723002.64,364604503.4,60647890.04,2020001059.0,45111832.24,52717382.97,60647890.04,71703120.88,3.9239,16.72465009,0.51408705
Jembrana,Bali,Hotel,1,0.65,20953086.5,20953086.5,17567981.62,46643763.43,357634957.1,69902802.66,2008197536.0,49668268.33,59458487.95,69902802.66,84814740.39,3.9239,16.68158858,0.593646264
Jembrana,Bali,Hotel,1,0.75,20973745.82,20973745.82,16778996.66,50348449.08,350541552.8,79379342.19,1995382613.0,54036994.06,66163514.98,79379342.19,98675411.95,3.9239,16.63563846,0.668047231
Jembrana,Bali,Hotel,1,0.85,20993937.3,20993937.3,15996106.26,53800374.8,343424410.7,88927603.27,1981749046.0,58167254.98,72733697.85,88927603.27,113070770.9,3.9239,16.58785589,0.73741218
Jembrana,Bali,Hotel,1,0.95,21013592.61,21013592.61,15234842.74,56981212.76,336364988.6,98422068.06,1967485490.0,62028683.26,79094762.55,98422068.06,127802600.9,3.9239,16.53909565,0.801978061
Karangasem,Bali,Hotel,1,0.15,2022050000000000.0,2022050000000000.0,1999680000000000.0,2555750000000000.0,3.77167e+16,2829220000000000.0,1.99226e+17,2596420000000000.0,2716490000000000.0,2829220000000000.0,2970080000000000.0,3.9239,35.23176494,0.14916638
Karangasem,Bali,Hotel,1,0.25,2024190000000000.0,2024190000000000.0,1963750000000000.0,2944250000000000.0,3.72061e+16,3482150000000000.0,1.98622e+17,3021980000000000.0,3256100000000000.0,3482150000000000.0,3772920000000000.0,3.9239,35.21363248,0.246220677
Karangasem,Bali,Hotel,1,0.35,2026250000000000.0,2026250000000000.0,1912490000000000.0,3345300000000000.0,3.66361e+16,4217410000000000.0,1.97864e+17,3467840000000000.0,3844160000000000.0,4217410000000000.0,4711220000000000.0,3.9239,35.18718231,0.339938731
Karangasem,Bali,Hotel,1,0.45,2028150000000000.0,2028150000000000.0,1849510000000000.0,3748130000000000.0,3.60158e+16,5022390000000000.0,1.9695e+17,3922400000000000.0,4467570000000000.0,5022390000000000.0,5776380000000000.0,3.9239,35.15369829,0.429421382
Karangasem,Bali,Hotel,1,0.55,2029840000000000.0,2029840000000000.0,1778580000000000.0,4142970000000000.0,3.53567e+16,5881190000000000.0,1.95885e+17,4374620000000000.0,5112150000000000.0,5881190000000000.0,6953250000000000.0,3.9239,35.11459047,0.51408705
Karangasem,Bali,Hotel,1,0.65,2031290000000000.0,2031290000000000.0,1703120000000000.0,4521870000000000.0,3.46709e+16,6776710000000000.0,1.94684e+17,4815080000000000.0,5764190000000000.0,6776710000000000.0,8222350000000000.0,3.9239,35.07124113,0.593646264
Karangasem,Bali,Hotel,1,0.75,2032500000000000.0,2032500000000000.0,1626000000000000.0,4879120000000000.0,3.39699e+16,7692410000000000.0,1.93367e+17,5236560000000000.0,6411710000000000.0,7692410000000000.0,9562340000000000.0,3.9239,35.02490058,0.668047231
Karangasem,Bali,Hotel,1,0.85,2033470000000000.0,2033470000000000.0,1549380000000000.0,5211110000000000.0,3.32641e+16,8613530000000000.0,1.91952e+17,5634080000000000.0,7044990000000000.0,8613530000000000.0,1.0952e+16,3.9239,34.97663384,0.73741218
Karangasem,Bali,Hotel,1,0.95,2034220000000000.0,2034220000000000.0,1474810000000000.0,5516080000000000.0,3.25619e+16,9527770000000000.0,1.90463e+17,6004700000000000.0,7656780000000000.0,9527770000000000.0,1.2372e+16,3.9239,34.92730678,0.801978061
Klungkung,Bali,Hotel,1,0.15,9508929021.0,9508929021.0,9403725586.0,12018688471.0,177367000000.0,13304719751.0,936883000000.0,12209928760.0,12774566987.0,13304719751.0,13967114505.0,3.9239,22.96437179,0.14916638
Klungkung,Bali,Hotel,1,0.25,9518459919.0,9518459919.0,9234262503.0,13844910959.0,174957000000.0,16374343682.0,933992000000.0,14210425159.0,15311377797.0,16374343682.0,17741653417.0,3.9239,22.94618659,0.246220677
Klungkung,Bali,Hotel,1,0.35,9528220755.0,9528220755.0,8993290781.0,15730921295.0,172278000000.0,19831955958.0,930437000000.0,16307169071.0,18076768912.0,19831955958.0,22154044478.0,3.9239,22.91974467,0.339938731
Klungkung,Bali,Hotel,1,0.45,9538050589.0,9538050589.0,8697953449.0,17626845974.0,169377000000.0,23619467841.0,926222000000.0,18446410409.0,21010271916.0,23619467841.0,27165376601.0,3.9239,22.8863536,0.429421382
Klungkung,Bali,Hotel,1,0.55,9547812764.0,9547812764.0,8365945437.0,19487384338.0,166308000000.0,27663522444.0,921390000000.0,20577009076.0,24046154055.0,27663522444.0,32706181412.0,3.9239,22.84743519,0.51408705
Klungkung,Bali,Hotel,1,0.65,9557400822.0,9557400822.0,8013341708.0,21275774475.0,163129000000.0,31884997161.0,916006000000.0,22655351924.0,27120997259.0,31884997161.0,38686828758.0,3.9239,22.8043737,0.593646264
Klungkung,Bali,Hotel,1,0.75,9566738509.0,9566738509.0,7653390808.0,22965399257.0,159892000000.0,36207238147.0,910152000000.0,24647852436.0,30179113074.0,36207238147.0,45008739571.0,3.9239,22.75841463,0.668047231
Klungkung,Bali,Hotel,1,0.85,9575776070.0,9575776070.0,7296160286.0,24539481767.0,156643000000.0,40561749010.0,903917000000.0,26531307604.0,33175368367.0,40561749010.0,51573955226.0,3.9239,22.71061406,0.73741218
Klungkung,Bali,Hotel,1,0.95,9584484970.0,9584484970.0,6948746175.0,25989633828.0,153419000000.0,44891173522.0,897387000000.0,28291829652.0,36075818976.0,44891173522.0,58291893733.0,3.9239,22.66182707,0.801978061
Tabanan,Bali,Hotel,1,0.15,3025678470.0,3025678470.0,2992203431.0,3824267367.0,56436916219.0,4233474034.0,298110000000.0,3885118765.0,4064782923.0,4233474034.0,4444243674.0,3.9239,21.81927589,0.14916638
Tabanan,Bali,Hotel,1,0.25,3028648053.0,3028648053.0,2938220194.0,4405267551.0,55668880834.0,5210099588.0,297184000000.0,4521569335.0,4871877903.0,5210099588.0,5645159462.0,3.9239,21.80106986,0.246220677
Tabanan,Bali,Hotel,1,0.35,3031704808.0,3031704808.0,2861499917.0,5005290174.0,54815592860.0,6310164067.0,296048000000.0,5188641631.0,5751695792.0,6310164067.0,7049009976.0,3.9239,21.77461177,0.339938731
Tabanan,Bali,Hotel,1,0.45,3034806612.0,3034806612.0,2767505413.0,5608490772.0,53892057092.0,7515216710.0,294704000000.0,5869258896.0,6685025575.0,7515216710.0,8643450121.0,3.9239,21.74121218,0.429421382
Tabanan,Bali,Hotel,1,0.55,3037916022.0,3037916022.0,2661870348.0,6200481573.0,52915838430.0,8801959164.0,293167000000.0,6547177568.0,7650987559.0,8801959164.0,10406428675.0,3.9239,21.70229485,0.51408705
Tabanan,Bali,Hotel,1,0.65,3041002352.0,3041002352.0,2549709009.0,6769589497.0,51904942299.0,10145263673.0,291457000000.0,7208547572.0,8629439949.0,10145263673.0,12309490775.0,3.9239,21.65924508,0.593646264
Tabanan,Bali,Hotel,1,0.75,3044042200.0,3044042200.0,2435233760.0,7307364406.0,50876142423.0,11520787439.0,289602000000.0,7842704477.0,9602697267.0,11520787439.0,14321338716.0,3.9239,21.61330859,0.668047231
Tabanan,Bali,Hotel,1,0.85,3047018900.0,3047018900.0,2321643502.0,7808480919.0,49843945660.0,12906777991.0,287627000000.0,8442281347.0,10556426307.0,12906777991.0,16410870007.0,3.9239,21.56554118,0.73741218
Tabanan,Bali,Hotel,1,0.95,3049921443.0,3049921443.0,2211191319.0,8270276573.0,48820152310.0,14285019296.0,285562000000.0,9002868510.0,11479846254.0,14285019296.0,18549321869.0,3.9239,21.51679727,0.801978061
